clean,label
shopee hadir lagi event shopee neko tambah fitur kucing nya seperti kasi makan kucing dapat coin sama voucher belanja,0.0
dalam tangan retur kembali dana nya lambat sampi hari dana belum kembali,1.0
sukses selalu shopee,1.0
aplikasi shopee sangat ganggu saat main game tiap iklan game sudah pencet tetap saja masuk aplikasi shopee kali kelia overall aplikasi bagus hanya saja ganggu saat iklan,0.0
sangat bagus sangat bantu sekali,0.0
sangat puas app,1.0
berat banget aplikasi loading lama ngabisin ruang ngabisin batre update terus tapi nggak baik,0.0
banyak diskon tapi mohon banget shopee rangin iklan ege masa gua baca baru bab aja iklan nya ibu bjir kagak puas gua baca jadi sekali lagi mohon kurang iklan luuuuu,0.0
kalau return barang sangat susah padahal jual salah ngirim barang rusak kepada beli,0.0
bisa pakai shoope later ulang tetap gak acc,1.0
hai kenal guna baru baru banget coba aplikasi aplikasi bagus banget lihat teman bisa cod tapi kenapa aplikasi tdk bisa cod yah padahal sangat harap bisa pakai aplikasi belanja,1.0
jelas estimasi tiba nya ubah rubah kemarin lagi pergi baru paket datang dadak,1.0
shopee knpa pdhl akun baru pas mau malah bisa promo sudah guna pdhl belum sma sekali ganti akun juga gitu,1.0
sangat puas,1.0
kenapa yah shoppe tidak bisa buka internet hilang pdahal sudah guna wifi kuota tetapi tetap tidak bisa buka kira hanya sendiri tetapi banya user lain alami kendala sama mohon fix cepat sangat menggangu aktivitas belanja,0.0
sangat puas guna,1.0
kok cekout sendiri anying mna lagi bangke,0.0
bagussss sekali kitaa cari butuh shoppe mantap kasi bintang,0.0
kenapa sekarang shopee tidak bisa cod wilayah kab muna sulawesi tenggara,0.0
kira kira baju jumino core gaya,1.0
maaf revisi bintang skr byk sekali toko shoope tidak ikut promo casback dll padahal manajemen shoope tidak suport vocher besar selain promo cashback skr jadi susah cari barang murah shoope lebih banyak belanja toko banyak barang sama jual lebih murah sana,0.0
toko keluar cari bukan toko dalam area dekat selalu toko sangat jauh aplikasi asa sangat berat notifikasi terlalu banyak,0.0
hai shopee iklan udh dmn yaaaa please jangan muncul saat org lagi ngpa yaaa dar baca wattpad aja tba lngsung buka shopee padahal ngapa lohhhhh cma baca belum scrol jga baca tangan masih stay luar layar megang apa muncul ajaaa iklan iklan udh dmn pun bintang buat iklan atur,0.0
saat pesan barang bisa random kadang cepet banget kadang malah lama banget padahal toko daerah rumah juga tapi ntah malah kadang lama banget jadi kasih bintang dulu deh,1.0
paket sering batal pihak oleh kurir percuma sen udah nunggu batal bukan paket bahkan paket batal dalam hari parah asli,1.0
aplikasi nya bagus,0.0
rasa bangga adax shoppy sangat bantu banget unt penuh kbthan ingin dlm sgl hal baik barang pinjam dana smg sll sukses lancar shoppy sll berkat unt bnx orang kualitas mutu the best happy langgan shoppy harga murah para kurir ramah tanggung jwb responx prosesx cpt tdk pernah kecewa langgan,1.0
seluruh olshop sophee paling lengkap,0.0
tolong dong shopee jgn suka tiba masuk apk kalau gak buka lagi buka apk lain tiba tiba masuk apk shopee,0.0
bagus amanah,1.0
shopee sangat bantu semua orang,0.0
kasih bintang klaim garansi shope tele tele sdh tahu lengkap bukti unboxing bukti bukti semua admin shope tele tele admin shope jangan cewek karna kok cewek nanganin tele tele bisa ambil putus final admin shope laki biar bisa ambil putus,0.0
tidak bisa hubung shoppe pay,0.0
spxnya banget pdhl kendala kirim tapi mau ganti rugi nama tyaaa hati guys kalo sen sini trs ketemu tyaaa nanti kalian rugi kayak,1.0
shoope memang uptodate percaya cari apa aja murah barang mutu bgus,0.0
bagus hampir tiap beli dapat gratis ongkir ros,1.0
spx harus benahin lagi tuh banyak akal akal tau seller atau spxnya paket nyangkut lama bisa sampe hari transit mulu kadang barang return jadiin order fiktif ikut paket,1.0
bagus puas guna layan shopee cuma masih sheler kurang kompeten tidak sesuai skripsi,1.0
iklan terlalu maksa pdhl pake shopee belanja loh masalah klo iklan udah skip ttep aja pencet segitu ken bgt klik marketingnya tolong dong buat iklan jangan maksa bgt buat org mencet apk nya ganggu banget,0.0
top,1.0
dapat baik sistem nya utama maksud tim nang masalah retur kembali dana barang,0.0
sistem sampah mau kembali indomart malah gak bisa mana gak bisa ubah cara kembali pula,0.0
kirim sangat sangat lambat jadi kapok sama spx minggu tak ujung datamg kapok kapok,0.0
aplikasi nya sih udah bagus tapi tolong iklan nya sangat sangat paksa bikin ngeleg iklan boleh tapi jangan terlalu paksa buka aplikasi shopee nya rasa ken hapus saja aplikasi iklan ganggu buat tidak nyaman benerin iklan nya,0.0
bagus aplikasi,0.0
batal sistem app guna,0.0
oke,1.0
batal sistem teroosssss ngabisin waktu cok,0.0
ngabisin waktu dibatalin sistem jelas,0.0
app jelas ngasih voc dibatalin terus,1.0
paket hilang barang penting banget turut udah ngajuin web nya tapi responnya lelet banget kurir nya amanah sama sekali,1.0
far suka shope sangat bantu tapiiiii kadang kirim kacau sesuai dgan estimasi sesuai beda jauhhh banget terus aplikasi kadang eror suka lot,1.0
aplikasi nya sih bagus cuma berat jdi lot proses,0.0
gak usah kakean cangkem apik,0.0
baggus bisa beli perlu,1.0
shopee lama banget allah paket ngga dateng dateng lama banget sampe minggu,1.0
aju pinjam spinjam selalu tolak entah apa alas tolak aju lucu gin uda siap kita poto selpi isi data abis suruh kita bulan lagi aju,0.0
aplikasi sangat bantu belanja online,0.0
turut barang sesuai pesan,1.0
spaylater beku padahal sudah lunas tidak tagih,0.0
sangat bantu mau butuh apa aplikasi jamin kualitas,0.0
terimakasih,1.0
gag ribet gampang,0.0
kenapa tidak bisa retur udah laku seperti biasa tombol pengembalianya gak bisa,0.0
app terlalu ribet jawab antar beda produk knowledge orang spxnya parah admin ketus kurir tiba ngirim pesan dgn alas alamat lengkap hubungin sama sekali parah skrg musim batal sistem pdhl paket udh hampir antar otw pindah tiktok shop app ijo voc besar shopee drama sana bye makasih udh nemenin,0.0
bukan pertama kali tapi sudah jadi kasus sama produk sama sudah tunggu lama harap paket datang tapi lagi lagi return alas lewat estimasi waktu tanpa jelas tanpa solusi muas jujur alam seperti bikin mikir ulang tetap tahan atau mulai pindah platform lain lebih profesional harga customer,0.0
batal sistem terus resi pending jam uang udah tahan shopee jual cetak resi udh hasil cetak resi batal sistem jalan pesan kembali jual niat kasih voc bubarin aja vip balikin duit langgan vip app kocak admin jual tinggi suka batalin jelas mikir effort jual packing barang effort beli cari barang app pikir iming voc batal sistem mulu,0.0
bisa dapat gratis ongkir banyak banget puas deh,1.0
suka bget pake shopee bisa belanja apa bisa transaksi sangat simple banyak promo segala jenis bayar luv luv,1.0
driver keluh teruss masa kaga kebijkan lebih baik lagi,0.0
bisa sih gausah ganggu klo orang lgi aplikasi lain cape tau klo emng mau iklan atau mau nunjukin promo kalian waktu tempat kesel tau lagi seru apk lain tapi malah pindah terus shopee please tolong hargain semua orang juga punya waktu nanti waktu kita belanja gausah maksa buat ngasih iklan gitu kesan malah paksa banget jadi tolong baik jangan adain fitur begitu lagi ganggu nyaman orang tau,0.0
bantu sekali,0.0
punya alam barang rusak mau kembali cara pickup tapi gak ambil sama kurir batas cuman hari coba ganti kembali drop tapi sistem tolak alas kurir sedang tuju lokasi trus pas hari kurir baru datang sudah jadi shopee prioritas pun barang tidak bisa kembali,0.0
jadi tidak bisa mes barang suka pemberitahuan sudah kan tpi masih aja bisa sen,0.0
jelek sekarang paket lagi sortir pun sering direturn pihak jual tanpa konfirmasi beli,0.0
kenapa shopee sekarang susah mau pesan karna voucher cuman satu,1.0
kurir spx nya sampah,0.0
tiap mau cek out selalu bisa padahal akun baru tapi tetep gabisa cek out,0.0
bagus tapi sering tidak sesuai gambar,1.0
kena scam tipu shopee palsu dia pake data buat spinjam spaylater shopee abis tpi syng shopee ngasih ringan hasil putus kecewa suruh bayar utang padhal duit bukan makan,0.0
pesan stuck tanggal sampai sekarang tanggal tidak jelas sama sekali estimasi tiba tanggal sampai sekarang panjang belah pihak jelas rasa rugi spx shopee makin lama makin busuk,0.0
lebih bagus lagi,0.0
jujur kezel banget belanja shopee jasa kirim spxnya lot lambat banget banget,1.0
bgs lah aplikasi,0.0
tolong kirim cepat seperti aplikasi online lain,0.0
jauh baik walaupun kendala tetap cepat atas moga depan lebih baik lagi,0.0
lumayan bagus tapi agak banyak tipu,0.0
sangat puas banyak diskon nya,1.0
min saran apknya tolong kecil lagi simpan supaya memori kita lega,0.0
tidak pernah dapat coin shopee,0.0
good,1.0
bulan april banyak sekali alami pesan balsis udah mau sampe tapi tiba tiba tarik kembali bahkan udah sampe tang beli tiba tiba ambil kurir lagi hampir semua pesan pakai diskon udah mau sampe batal gak niat ngasih diskon kah php doang ngabis kuota kami gak mikirin seller juga seller udah ngemas rapi tapi kelen kembali lagi barang main sekali,0.0
mantap jaya sope,1.0
pasar online sangat bagus mudah qta dlm belanja tinggal klik barang qta mau besok nya barang sdh sampai depan rumah qta shopee percaya,1.0
iklan maksa banget shopee tolong dong rangin iklan aplikasi lain kadang maksa banget,0.0
alak lot,0.0
sopi ter baik sopi akan dukung,1.0
shoppe kenapa tiap aplikasi masuk jadi iklan paling sulit kasih keluar sudah kenal ngapain bikin ribet,0.0
hijab lembut murah kualitas,1.0
kirim seperti luar angkasa dulunya minggu datang sekarang hampir bulan paket blm datang,0.0
akun sudah sampai gold bahkan sudah mau platinum tapi spaylatter sama spinjam kalau aktifin selalu jaring sibuk sudah pusat bantu juga tetap nihil selalu jaring sibuk,0.0
sangat bagus sekali,0.0
sangat kecewa kirim spx paket nya suka bawa piknik dulu sama kurir jadi muter dulu indonesia baru alamat,1.0
flashsale rupiah hapus saja hanya buang waktu jam tunggu flash sale sudah hasil cek out rupiah ujung batal pihak tidak kompensasi sama sekali,0.0
cukup baik kirim cepat banyak promosi,1.0
baik mmng antr semua online shoop,0.0
gampang pakai appsnya,1.0
puas belanja happy,1.0
belanja shopee proses mesan kirim barang makin mudah muas,1.0
tiap suka gambar barang selalu server error mohon baik,0.0
baik segi expedisi,0.0
utk guna shopee utama seller off kan ekspedisi spx nggak amanah kemarin overload jelang lebaran sampai stlh lebaran minggu lama paket udh tiba bukan segera kirim terima mlh retur jual mana langsung sampai sekarang kirim luar jawa dar tgl nggak kbr update status kirim,1.0
paling benci spx express kirim lelet barang tidak aman pasti penyok pecah telah pernah lihat gudang sortir spx pantas barang banyak pecah karna para kerja injak paket sangat sembarang,0.0
knapa klo pencet tombol pesan gak bsa tolong baik lagi,0.0
aplikasi nya sangat bagus buat mesan apa saja,0.0
udah bulan masalah tidak selesai dana belum cair kan,0.0
mudah segala jadi lebih baik lagi anti ruwet anti ganggu aman kendali percaya top one prima,0.0
diskon,1.0
belanja sini murah murah terus semua barang kita cari juga sini,0.0
bisa gasih jangan iklan mulu tiap apk lain selalu aja masuk shopee lagi shopee udah nama bgt gausah lah lebih gin,0.0
selalu kendala kirim barang sudah kali retur belah pihak tanpa konfirmasi dulu,0.0
aplikasi shoppe mudah belanja jadi untung,0.0
cukup bisa adalkan cuma soal pejualy selalu cek,0.0
return sudah kembali tapi uang suruh nunggu hari apa padahal uang mau dipake beli produk rupa bagai beli rasa sulit kapok guna shopee mending pindah pake ebay,0.0
nya jelek naur gak jelek banget tapi bikin jengkel ege least voucher diskon lumayan sih buat beli cuma potong cukup besar sisi jual juga bisa bilang cepat dalam tangan ketika komplain retur refund,1.0
semua asa mudah,0.0
makasih koin shopee,1.0
nice thanks for best recommended seller,1.0
nang lambat aplikasi lelet,0.0
kirim shopee skarang udah makin lelet shopee juga tele tele banyak lah lah dulu shopee hari nyampe sakarang hari masih sortir emng sortir apa sampe hari slesai waktu chat tim expedisi malah makin lama kaya buang waktu aja kecewa banget sama shoppe skarang demnnnn broo pesan tgl tgl blum nyampe kurir kalau nanam padi udah tunas broo,0.0
shopee teman dalam jalan toko online harap depan khusus wilayah plosok jangan titip paket kepada jasa kirim barang tidak serius antar pesan konsumen,0.0
mantap lah poko nya,0.0
kenapa ngelag bgtt jujurr uda neng murah riah ngelag bangetttt tolong baik,1.0
kirim lama translit terus kayak lagi dituker barang soal bungkus plastik lindung sumpah beli baru harga ribu jadi bekas harga baru kali gue belanja online kecewa mana bisa batal kayak lazada tokopedia,0.0
belanja puas cma kadang free ongkir gak bisa guna gak bisa ikut flash saleh pdhl udh standby,1.0
mesan shopee food bisa bisa driver pick atau order sesuai aku driver orang lagi lapar harus nunggu jam keburu lewat lapernya,0.0
aplikasi bagusss tapi dulu dulu enak buat sen tpi kenapa sekarang gak bisaa buat sen yaa kata suruh masukin tapi kan padhl udah nyaa,1.0
aplikasi rekomendasi sekali cocok belanja apa,0.0
sangat ringan saat hanya kendala kirim makan waktu cukup lama minggu baru sampai tuju blm lagi kalaw lewat estimasi hari,0.0
jangn unduh apk krna makin mmbuatku makin jaya pakai shopee jadi lebih enak online berbelnja,1.0
makin baik,1.0
udah join vip diskon gak beda jauh ama non vip padahal lain dapet diskon gila padahal gak join apa fungsi vipnya buat apa,1.0
kalo mau iklan jan mana aja mau pencet cakra kagak bisa bisa,0.0
mudah banyak urus top rekomendasi,1.0
kenapa aju spinjam tolak terus padahal pinjam gag pernah telat bayar gag bisa andal sekarang hadeh,0.0
payah nomer hilang bisa kasih solusi buat upgrade shoope pay plus,1.0
senang sekali,0.0
shopee sangat kecewa pesan barang cod pakai koin tapi paket tidak pernah sampai malah kembali jual parah koin tidak kembali padahal tidak terima barang sama sekali customer service juga tidak beri solusi jelas sangat rugi tidak adil bagi guna percaya hadap shopee benar benar hilang tidak rekomendasi,0.0
sangat puas namun harga kadang lebih murah tiktok jasa antar juga jauh lebih cepat tiktok,1.0
online shop paling top,1.0
alhamdulillah ada aplikasi jadi gampang deh belanja enggak usah repot repot keluar mantul mantap betul terimakasih,0.0
mantap pol,0.0
aju bagus,0.0
mantappp pake aplikasi shopee gak nyesel suka banget tank yaa mantaapp,0.0
jangan dowload kalau gak mau nyesel pesan cod kurir tidak antar tahu tahu barang udah balik jual lagi tampa kirim rumah rugi akun kata langgar bijak hahahhaa tunggu barang tidak antar tapi rugi gak bisa buat cod lagi lapor demi lapor udah buat tapi sama aja malah minta dowload aplikasi rupiah cepat alas bisa guna lagi cod nya wkwkwkw hati hati kalian,0.0
apa shopee,0.0
nggak selesai kalau keluh,0.0
jasa kirim sopi sangat lah buruk jdi males blanja sopi,0.0
kirim monopoly sma spx paket overload pesan sering dbatal kan,1.0
baik bagus top,1.0
dulu shopee bagus sekarang kalau kita order lama betul baru sampai,0.0
pas belanja,1.0
ribet sekar shope harus verif muka padahal dulu sepeerti harus kalo mau verif muka filturnya siapa mau aktipin sama engga sekar udab hpus apps shope rbettttt,0.0
kak tolong adakan fitur apk driver kasih ranting buat resto biar makin cepat buat pesan kayak jek grab terimakasih,1.0
good,1.0
gajelas banget apk pdahal mau cek out malah gabisa eror curiga aktivitas pdahal ngapa dasar shope gajelas gamau make apk najong,0.0
aplikasi ramah lingkung banyak promo shopee food,1.0
aplikasi gak bagus masa saldo paylater ngilang tanpa pake apk apa siih ini nyesel bgt sayaa,0.0
shopee makin kesini malah jadi kecewa harga barang saat malah jadi ongkir kota sama tapi masih kena tambah subtotal ukur khusus kalau masih tambah subtotal ukur khusus jadi kenapa ongkir awal bisa sampai kota sama tolong lah masuk akal ongkir bisa sampai bukan karna ukur besar jadi apa subtotal ukur khusus buat,1.0
males lagi buka app lain kayak wattpad tiba tiba beranda shopee tolong dong jangan jadi jelek kek gin,0.0
suka sekali lama pakai shoppe selalu puas selain mudah belanja online tawar cod barang jual juga sesuai harap sudah langgan shoppe lama tahun tahun,0.0
baik aplikasi,0.0
langgan buat belanja,1.0
pesan bener sampai trus stuck status hri,1.0
shopie konoha juga tidak adil,0.0
lebih baik lain,0.0
ngakkk suka kita buka aplikasi wattpad langsung muncul iklan shopee sementara baca pun begitu tiap aplikasi jupa pasti iklan shopee nya kek maksa bangett iklan jadi ken boikot,0.0
tolong kepada shope tambah fitur khusus cari nama toko tentu,1.0
nice,1.0
sopee sangat bantu kami makasih sopee,1.0
sangat senang aplikasi shopee indonesia,0.0
baik oke,1.0
market place top,1.0
isi shopeepay rata rata gabisa muat semua mau beli barang pasti tunda bintang wifi ghz lancar loh,0.0
aplikasi bagus,0.0
keren aplikasi shope,0.0
mau ngasih masuk sih supaya mending customer bisa chat kurir supaya tau juga gimana antar,0.0
harga jangkau tiap beli barang kualitas juga baik,1.0
app ilang,0.0
bantu sekali ada shopee ketika cari sesuatu unik tarik tapi tidak tahu jual mana cukup cari shopee akan temu barang barang unik tarik penuh butuh cuma kendala kadang lokasi jauh tentu ongkirnya besar,0.0
bagus sekali,0.0
sangat bantu moga sukses selalu,1.0
menganggu waktu masa cuma detik notif lagi tolong kurang notif nya tambah notifikasi gak jelas seperti tiba tiba bilang paket akan sampai tolong hilang sudah siksa gara gara notif,0.0
top deh,1.0
apk leler sinyal bagus,0.0
barang pes tidak sesuai estimasi sampai barang lama sampai jarak toko dekat tapi sampai bisa sampai minggu,0.0
sifat ramah jelas promosi,1.0
aplikasi buruk layan lamban tidak professional,0.0
aplikasi bagus tapi segi kirim paket reng banget masa paket transit sunter sampe kali kan lawak paket bandung transit sunter transit cilegon transit serang transit sunter lagi why kalian lagi ngelawak,0.0
puas,1.0
jasa kirim nya sangat amat lambat tidak tepat waktu nya tidak sangat batu sangat amat kecewa shope mending beli lewat tiktok aja sekarang,1.0
toko toko sopee tidak bisa pesan cod sayang sekali,0.0
pee kenapa nge bug baru aja ulang kali buka tapi mental terus,1.0
belanja nyaman murah sampai akhir ketika awal buka aplikasi langsung video nyaman ganggu tolong atur beranda seperti belum,0.0
sangat puas shopee,1.0
aplikasi bagus bgt,0.0
kurir jadi lelet sekali,0.0
kirim cepat barang sesuai sophie mantap,1.0
brg produk iklan sesuai pesan meski terkadang lenceng ekspetasi tapi pribadi apresiasi shoppe,1.0
barang sudah dalam antar alamat kok kembali tempat transit,0.0
moga sangat bantu,1.0
saat buka aplikasi selalu muncul arah toko tidak kenal,0.0
kenapa isi saldo shopeepay tidak bisa masuk udah kali ngisi saldo shopeepay tidak masuk,0.0
baik baik saja,0.0
aplikasi nya bagus cuman benci iklan aplikasi tiap platform aplikasi lain tiap sengaja pencet dikit langsung masuk aplikasi nya jujur nyebelin ganggu bgt,0.0
tolong iklan shopee benerin plis kita belum mencet udah apk nya tombol iklan nya jangan kecil bngt pencet tahu greget bngt sama iklan nya maksa buat belanja,0.0
sistem aplikasi sering eror voucher promonya terlalu sedikit tambah lagi buat guna sudah daftar lalu daftar lagi tidak bisa mengunakan voucher promonya terlalu batas bikin guna tidak nyaman kecewa mohon baik,0.0
sangat buruk alamat sudah pas barang tidak pernah sampai mau chat kurir fitur nya gada sampah,0.0
gak pernah kecewa belanja shopee,0.0
lama pakai ngak kecewa bahkan mula seperti,0.0
barang datang telat dapat kompensasi voucher minimal beli sama aja bohong padahal dulu klo telat kompensasi tak minimal beli masih jauh lebih guna voucher lazada jika beli besar mau beli barang ratus ribu banding dulu lazada toko sama bulan kemarin hbs beli zper jet cleaner putih baterai shopee kena akhir beli lazada cuma kena rban,0.0
tolong bantu kurir kami atas nama doni dia salah sukses paket,1.0
sukaa bangett brang nyaa murce murcee,0.0
banyak diskon kirim cepat,1.0
paling males kalo lgi buka apk lain tiba tiba buka malah shopee please lah kalo mau ngiklan usah kaya gitu ganggu tau,0.0
buruk kembali barang tgl uang belum kembali sampai sekarang salah jual teledor pese apa kasih nya apa pihak shope sangat lelet penangananya,0.0
aplikasi shopee sangat bantu beli barang tidak dalam kota,0.0
akun shopee retas orng smpt mmbrikan dta dri cept tlpn minta ttup akun hpus smua dta dri spinjam lain alhmdllah layan dgn baik ksi intruksi dgn baik smoga tdk ksus sprti lgi krn bnr bnr mmbhyakan mungkin bgi orng ngerti tkut bngt smoga dta dta akun shopee bnr bnr bisa pake siapa,0.0
mntep sngat guna,1.0
belanja shopee sangat bantu dalam penuh butuh,0.0
aplikasi belanja online populer terimakasih shopee,1.0
shopee amanah,1.0
sanggat bagus semua bsrang cari trs kembali dana juga cpt klw barang tidak sesuai gratis ongkir nya banyak lgi pokok recommend banget buat semua butuh,1.0
mudah praktis,1.0
dgn mengunakan aplikasi shopee sagat mudah cari barang butuh,0.0
opsi kembali indopaket mending gak usah jadi pilih indomaret semua tolak kembali paket alas agam,0.0
sangat puas belanja shopee,1.0
toko nipu tolong liat lagi kalo mau buka toko shopee tolong toko nya harus resmi,0.0
bagus barang moga manfaat berkah aamiin aamiin aamiin berkah bagus toko rekomendasi beli produk bagus sekali keren sesuai standar,1.0
arah guna spx tapi kirim lambat stuck sampai minggu order sudah jalan hari masih stuck,1.0
soan mau adain fitur kembali tapi barang kagak jemput kurir,0.0
jangan terlalu banyak biaya tangan,0.0
tempat belanja tiada dua jaya terus shope,1.0
rekomendasi belanja online paling enak tanpa ribet,0.0
kenapa jasa kirim shopee mangkin lama mangkin tidak konsisten kirim pesan tanggal april estimasih tiba tanggal sampai saat tidak kabar sama sekali,0.0
mantap sekali,0.0
semua barang datang sesuai harap gambar,0.0
sangat suka aplikasi sukses selalu long live,1.0
kasih gratis ongkir,1.0
barang bagus harga jangkau kurir shopee nya ramah sopan,1.0
sangat bantu segala butuh good luck shopee indonesia,1.0
sangat bantu dgn aplikasi shopee,0.0
aplikasi tidak jelas beli toko shopee tipu pihak shopee pun tidak mau tahu dasar kurang ajar kalian semua sudah rugi memang tidak berapa duit tapi sudah lelah hadap kalian,0.0
lama jalan lancar moga tetap amanah,1.0
suka belanja dishopee suka banget,1.0
singkat cerita saat akun retas hari lalu shopee begitu sangat fast response segera bantu aman akun tidak bisa akses oleh retas kaka nya benar peduli profesional dalam kerja kini akun sudah pulih kembali terimakasih shopee kaka kaka sangat humble sukses jaya selaluuu shopee akan selalu jadi customer setia shopee,1.0
puas belanja shopee,1.0
oke joss,1.0
sangat bagus produk jual juga muas,1.0
kurir paket harus kasih tlp nya biar konsumen bisa hub paket kirim daerah sama bawa bawa muter luar daerah nanti balik lagi,0.0
kurir paling lama paling lelet harap sih pindah aplikasi tiktok aja belanja sini baranh sudah sampai tuju antar hampir minggu minta tindak lanjutin malah nihil aplikasi sampah sudah sistem monopoli terima kasih shopee,0.0
benar buat belanja aja bagus tapi kalo kalian jual hati aja saldo beku update data diri juga tidak bisa zaman sekarang serba susah korup mana mana,0.0
dapat limit ekstra guna beli qris tolak sekarang malah tdk bisa pakai qris nya aplikasi guna belanja sering pakai limit limit naik padahal tanggung jawab atas bayar sudah tentu info bijak internal pihak shopee bijak seperti apa kaji bijak management resiko tahun pakai apk pindah apk bukan dpt rewards malah buat nyaman,1.0
sangat puas,1.0
good jobs,1.0
top bgtlah pokok,1.0
sudah lama pakai shopee lama shopee masih bisa percaya belum pindah market place,0.0
kenapa update mulu siiih massa tiap ganti tema update aplikasi juga,0.0
bantu banget,1.0
bagus sekali shopee,0.0
lama banget kadang status stuck ampe minggu,1.0
fitur baik pilih aneka macam ingin tingkat lagi tingkat sudah baik joob,1.0
paket belum terima tetapi shopee tulis sudah terima mohon tanggung jawab nya sudah tunggu lama paket tapi paket tidak kirim moga tindak lanjut soal sudah alami kali mungkin sudah segitu aja lain bagus,0.0
makasih banget shopee ubah hidup,1.0
bagus mes apa pun murah bngt love love,0.0
apk dukung butuh hari hari mantap,1.0
apk ngelag asa kaya web baja iklan kualitas jelek bgt tolong lah perhati masa iklan mana mana tapi apk nya kaya gin,1.0
bagus belanja online selalu sini tapi kalo soal ongkir nya engga banget ongkir kalimantan mahal banget huhu harga asli waktu mau beli ongkirnya terus juga kadang tulis produk nya cod waktu mau beli malah bisa cod sebel banget jujur terus juga paket kadang suka stuck situ situ aja tulis dateng tanggal contoh tanggal tapi udah lewat tanggal malah tetep datang nungguin lohh,1.0
aplikasi sangat lot padahal jaring sangat laju laju seperti aplikasi berat sangat,0.0
semua keluarga punya apk shope sudah kami uninstall semua coba lagi download kita lihat baik tidak kalau masih buruk hapus paten lama,0.0
tolong fitur shopee nya baik masa iya bisa bayar tempat,0.0
moga selalu banyak promonya,1.0
minta tolong ganti password minta tolong gabisa alas batas atau apa terus apa guna bener bener aplikasi gak mutu,0.0
sengaja ngasi ranting banyak biar lain lihat akun akun baru kartu baru baru tadi beli tapi kenapa pas belanja tidak bisa pasu promonya padahal tadi baru beli akn,1.0
kembali dana cepat,1.0
pinjam paylater nga pernah tuju belanja paling banyak akhir tiap beli baru langsung cash counter nya mantap,1.0
sangat suka aplikasi,0.0
udh mulai bnyk dagang nakal,1.0
cukup puas,1.0
terima kasih shopee dgn ada shopee lebih mudah belanja hemat waktu tapi maaf saat saat baja dishopee agak jarang terlalu banyak ongkir ngak seperti waktu belum nya selalu gerat ongkir sekarang harga barang nya murah tapi ongkir kirim lebih tinggi jadi belanja agak jarang kalo boleh seperti belum kasi mudah dgn gerat ongkir makasih shopee,0.0
barang sudah tidak layak jual,0.0
telah beli produk garansi tahun telah produk rusak mau klaim garansi malah suruh baik sendiri produk tidak milik tempat servis resmi kenapa tipu official store mall begini dibiarin coba baca ulas toko sudah banyak sekali korban tipu alltou indonesia official store,0.0
semenjak aju refund tidak dapat kembali dana henti pakai shopee,0.0
gak bisa cod jadi susah klau mau pesan harus download lain,0.0
shopee memang the best harga jangkau cocok semua orang,0.0
alhamdulillah ada aplikasi belanja online shopee sangat sangat mudah cari semua butuh cari selain gratis ongkirnya banyak produk promo selalu voucer potong jatuh cinta deh sama shopee barang kita beli sesuai proses retur mudah amanah cepat uang kita kembali nya full loh semkga sukses jaya shopee selalu suka shope afa shope mudah dlm penuh butuh rumah tangga anak,1.0
sangat bantu manfaat,1.0
pusat belanja online cocok kaum mager tapi mungkin bisa baik bug supaya alam belanja lebih baik,0.0
makin kesini pihak express servis kurang muas langgan sering telat paket tahan hari wilayah tentu jadi kurang minat,1.0
alhamdulillah mudah bantu sekali terimakasih moga sampe bile admin buat ftftftf,1.0
keren pokok shopee moga terus dapat promo promo voucher tarik lain,1.0
sekian kali pesan gagal kirim waktu pesan shopeefood tidak bisa batal atau ubah alamat padahal belum beberapa detik tolong baik padahal dulu tidak seperti langgan rasa tidak nyaman jika bijak kalian seperti terus terus,0.0
belanja aman juga cepat respon seller sellernya pakok nya joss shopee,1.0
fitur filter laris hapus new update sumpah nyusain banget min cari komponen elektronika kecil biasa gampang ketemu jadi susah bener sekali nemu toko sepi gajelas jujur nga nya pls balikin lagi ganggu banget terus lagi maksud apa kok ads maksa ngalihin page enak enak nyari barang tiba tiba ubah toko nike contoh kenapa display ketika user lagi mainpage aja ngerusak nyaman udah nemu barang tiba tiba alih,0.0
udah gaakan pernah pakai aplikasi lagi bagai jual ngirim barang trus gagal kirim cuma kasih kompensasi harga barang,0.0
top,1.0
sangat puas dgn layan nya psanan dtg sesuai dgn pes,1.0
aplikasi bawok,0.0
iklan shopee resah,0.0
ngasih diskon tapi ikhlas masa baru pertama kali beli shopeefood kena akun batas aneh bgt kalo gamau ngasih diskon mending gausah gjls bgt mana msh saldo shopeepay lagi gabisa kembali lagi akun,1.0
shopee gak seperti dulu klo dulu belnja terus selalu dpaat gratis ongkir skrng blnja harus baru dpat grtis ongkir kadang kita org biasa uang buat anak dia pingin sesuatu bisa gratis ongkir bikin kita senang semngat belnja moga shopee sperti dulu lagi,1.0
semua bagus ssih tapi kirim selalu lambat toko pas live bilang lngsng kirim stelh nya bru kirim krna toko pakai sistem kurir jemput barang jadi nya lama dlu pesan bsa minggu smpai skrng hampir hari kdng hari,1.0
aplikasi ampun dah iphone android super cepat wifi gbps second cepat masih apk lot sayang rating tengah bintang klo gua ksih dah cuma mau cuan doank sistem baik website spx jga kacau parah,0.0
mantab sesuai tidak kecewa besok besok mau beli lagi,0.0
buat lambat barang datang kita kasih voucer voucher pakai syarat tentu belanja minimum sama aja bohong voucer belanja harus sama aja bohong bukan voucer tapi kita suruh belanja lagi nominal lebih tinggi kita beli besok kalau paket nya telat custamer kasih voucer belanja tanpa minum baru benar bagai ucap maff custamer nya,0.0
tolong kondisi iklanya muncul tiba tiba layar min ganggu banget,1.0
apk bagus tapi sayang bgt kurir sini suka tanggung jawab apa lagi suka pket hilang,0.0
mes pesan metode bayar qris tetapi saat sudah bayar beberapa hari kemudian pesan batal sheller batal nya sih sukses tetapi kenapa uang tidak kembali,0.0
kasi bintang lima,0.0
aplikasi bagus banget buat belanja online cuma tingkat kan lagi jaring nya tiap mau nengok video agak jalan gitu mohon tingkat lagi,0.0
bom pernah order sekaliny order tnpa konfirmasi tau udh ggalin aja pihak produk,0.0
bagus sangat bantu beli barang barang butuh gak ribet lumayan cepet puas sama hasil nya minus nya hadiah koin shoope nya terlalu sedikit tapi lah problem,0.0
semua bagus dar agak lot,0.0
pelayana discon harga muas,1.0
puas layan produk lengkap,1.0
iklan maksa bgt,0.0
aman semua program nya,0.0
saat puas,1.0
baik sistem baik terlalu lelet suka eror,0.0
clear cache login ulang install ulang sudah semua tetap aja sakit gitu lagi sejak akhir ganggu banget benerin sebentar masih keluar video live kacau nih shopee ubah sama sekali benerin sebentar tampil video live pas lagi mau checkout mau beri ulas keluar video live sangat ganggu kadang jadi bikin gagal checkout gagal beri ulas tolong baik aplikasi maaf solusi anda ikan lalu tidak beri solusi,0.0
produk baik kirim,1.0
sangat bantu jual beli lain lain,0.0
shopee sekarang knapa yaa pas download lagi malah tetep bisa trus pas mau check out malah bisa kata voucher sudah kadaluarsa gitu jadi shopee mohon baik aplikasi nya udah bagus bahkan tempat belanja paling bagus turut harga nya udah murah bagus lagi,1.0
mksh,1.0
matap belanja shoppe cuman kirim nyah ajah lama cepat kirim nyah,0.0
gak parnah kecewa lama belanja shopi,0.0
lama belanja shopee lancar aja kendala moga selalu begitu terus,1.0
semenjak update mlah tmbh parah biasa pesan paket hari udh nyampe skrng hampir minggu lebih belum juga datang astaga rusak aplikasi terus mau ubah spx hemat reguler mlah nggak bisa huuuu aplikasi rusak aplikasi rusak tolong baik,0.0
anak cod hanya kali ketika ingin mes lagi kenapa tidak bisa cod tid guna,0.0
shopee bagus top tapi para kurir ngga optimal kerja pesan sering lambat datang juga tanggal tentu sering lambat bagi kurir mohon tingkat lagi kualitas kerja jngan cuma gajih aja utama,1.0
ngirim paket lambat banget gasesuai estimasi padahal awal udh tenang kalo paket datang lebih cepet nyata lama banget mana mau pakai jujur kecewa cuma paket doang,1.0
kesini cuman buat robux,1.0
sanggar puas,1.0
krna barang sering stuck hingga minggu lebih tidak datang sudah lapor tetapi masih sama saja tidak ubah,0.0
tidak bisa aju kembali barang bagaimana shopee sekarang lambat loading terus putar sinyal banyak rugi barang tidak cukup kirim,0.0
belanja mudah shopee banyak promo harga lebih murah barang berkwalitas bisa cod,1.0
ongkir makin mahal,1.0
apk sring eror,0.0
aplikasi shoope sangat bantu bagi pribadi shoope aplikasi sangat bagus percaya,0.0
memang banyak promo tapi promo ambil hasil kerja keras driver,1.0
aplikasi apa coba paket ngestuck trus voucher besar kgk boleh dipake emg dah nih aplikasi makin gajelas,0.0
sopi sangat buat blanja terima kasih sopi,1.0
akhir ubah nilai bintang jadi telah beberapa waktu pakai belanja jual shopee jadi biasa alam sudah banyak tidak bisa cerita point plus catat adalah uang segera kembali kan bila jual kirim barang tidak sesuai pesan system sangat lah cepat tidak ber tele,1.0
lot baru pertama kali dapat kirim stuck gudang palembang udah bulak balik chat call centre tapi paket masih juga gak gerak gak gera sama sekali,1.0
gabung affiliate juga lumayan dpt pasu ples belanja inti aplikasi mudah manfaat,0.0
barang cari pasar sangat susah tapi semua shopie,0.0
pihak jual kadang krm brg gak sesuai minta,1.0
koin shopee cuma bisa tarik jadi males belanja males lihat live males kasih ulas males lihat rekomendasi semua percuma koin tapi gak bisa tarik habisin waktu sekarang akunw gold kena lock out jadi akun platinum lagi sungguh makin lama shopee makin kesal,0.0
alhamdulillah sekarang pesan shopee semua pesan insyaallah sudah sesuai terimakasih buat shopee,1.0
baik pesan saat bawa via darat maupun laut batas kirim udh lewat tapi tetap ngotot kirim sampai batal pesan cara otomatis sering seperti,0.0
aplikasi agak berat,0.0
plis deh awal lagi asik baca wattpad tiba tiba pencet apa apa lagsung masuk shoppe jelas bgt mana pesan suka lama datengny suka lag bgt kurang rangin deh bikin nyaman tau tiap buka apl wattpad,0.0
layan nya makin buruk kesal kirim limpah kan konsumen,1.0
sangat puas langgan ahopee,1.0
very good,1.0
produk pes sesuai,1.0
sudah pake shopee tahun,0.0
aplikasi buruk masak bisa ceo,0.0
tempat belanja online percaya,0.0
jasa kirim tepat waktu,1.0
apk mau jadi commerce atau sosial media kyk toktok tiap masuk akun selalu langsung video live susah banget lagi keluar video org mau tampil beranda barang kalau masuk shopee bukan mau lihat live jual tolol,0.0
aplikasi ini sangat bantu kita buat lebih mudah belanja suka harga juga murah murah pas dompet,1.0
puas layan,1.0
sesuai kaleng kaleng,1.0
layan baik bantu semua butuh,0.0
banyak voucher kalo boleh tambah lagi biar enggak ngeleg sama voucher nya tambah lagi,1.0
mitra jasa kirim anda tidak kerja profesional tolong anda perhati mitra jasa kirim anda end buyer bukan mitra anda tapi kustomer anda sejak tgl maret sudah check out maret sudah tiba lokasi kepri barang sama tanggal check out nya sudah lebih dulu sampai tapi barang satu lagi belum sampai hingga hari jasa kirim sama anda bagai platform harus tegas anda taruh kredibilitas platform anda garansi kirim terlalu lama,0.0
kendala tangan pihak shopee terlalu lama,0.0
aplikasi paling maksa sial,0.0
tidak pernah gagal shoppe baik,0.0
aman cepat produk kualitas harga jangkau,1.0
paket sudah hari hari nyangkut tanggerang tanpa jelas sama sekali lama minggu lebih paket lain duluan datang nyangkut gudang spx msh belum kirim rumah sekarang apabila tidak pilih jasa kurir lain tolong baik benah lagi sistem tunggu lama hari hari tanpa jelas,0.0
aplikasiii jelekkk kasih bintang biar komentar paling atas dengerin apk bnyk iklan gunaaa jelekkkk mau buka link penting malah iklan muluu kitin iklan udh kaya juga kocakkk,1.0
bisa gak sih iklan shopee nya ilangin ganggu tau lagi baca iklan shopee atau buka apk lain suka iklan shopee juga,0.0
iklan terlalu banyak menggangu,0.0
iklan shopee pop super tailaso langsung otomatis masuk aplikasi akibat hang,1.0
apk bagus barang cepat nyampe tapi banyak jual tidak tanggung jawab barang pecah tidak kasih kompensasi kasih penalti aja jual nya,0.0
shopee belanja jadi mudah praktis,1.0
moga sukses,1.0
tolong pihak shopee hilang bayar cod rugi seller banyak customer tol sudah pesan produk bayar cod berapa menit jam minta aju batal sangat rugi banget barang sudah dipacking akan kirim ehh minta batal kadang sudah tolak aju batal barang tetap kirim mes customernya tidak mau terima kalau kami terima batal pesan cod akun kami bisa kena pinalti tolong hilang bayar cod,0.0
mau coba lagi aja lah,0.0
alam belanja hebat banyak dapat discount baik ongkir maupun discount produk terimakasih shopee,1.0
trima kasih shoopee sangat bantu mudah belanja,1.0
shoope bangai oeh kemeng pesan barang han tem shoope bngai lage buyyyyy leuh barang trep trok hna sesuai lom hna utak ronyan uroe trok paket nyoe rap buleun preh baro trokk,1.0
mudah urus belanja,1.0
aplikasi belanja mudah harga juga agak miring walaupun kita juga harus hati bgt milih toko krna nggk semua toko amanah tpi jauh aman aja krn emang filter beneran beli beli brg saran shopee nya mohon agak filter toko sula nipu orang krn sgt rugi orang lain terima kasih,0.0
pesan barang pre order sudah tunggu bulan lebih belum sampai lebih waktu estimasi tiba tiba malah retur oleh shopee cara pihak apa apa sangat kecewa,0.0
yap ulang kembali estimasi akhir nya tgl tapi belum datang datang kata nya belum kurir lucu udah tunggu pagi ampe tengah hari jadi enggak kerja lucu lucu,0.0
sesuai dgn pesan pokok mantap,1.0
aplikasi bagus,0.0
bisa pake spinjam spaylater lagi pdhl udh lunas memang prnh macet kan udh lunas lhoo dftr ulang juga ttep ngga bisa komplain juga percuma jawab robot bukan manusia,0.0
gua heran tiap hari kadang barang smp nya bareng sll ksh bintang gak pernah retur sama sekali malah kemarin sen barang lusin kasih lusin sen sarung jempol buat anak main game kali selalu gagalin pulangin barang cuma smp bandar lampung gak prnah smp mesuji apa alas gak cod,1.0
beli barang kualitas oke banget bagus lengkap banget pokok top shopee makasih,1.0
belum pernah kecewa belanja shopee,0.0
banyak pilih produk mudah kita dalam belanja,1.0
murah kan lagi ongkir,0.0
check out tanggal april tapi sampai sekarang masih belum tiba sampai hari status pesan sudah tiba pusat sortir tanggal april tapi sampai hari april barang belum kirim sama sekali sudah tunggu hari percuma gratis ongkir kalo harus tunggu hari lebih sortir pun harus nunggu minggu lebih emang tumpu barang sana setinggi apa sampai harus sortir lebih hari setinggi tpa sampah kah muak beres,0.0
kasih bintang buat shopee indonesia,1.0
kurir nya lelet malas malas saat pngantaran tidak nomer kurir nya nama aplikasi mresahkan tidak nyaman seller juga pada lelet mngatur jadwal kirim sampe trcancel automatic,0.0
sangat puas,1.0
banyak pilih banyak diskon kembali komplain mudah cepat market place recommended,1.0
estimasi kirim lama resi lambat sehingga beberapa toko lambat dalam kirim paket paket belum antar udah mau return enak payak layan,1.0
tolong beri fitur tutup mata utk saldo kayak apk nada supaya tdk mudah lihat teman suka riweh minta semua apk shopee,0.0
lindung jual jual barang rusak,1.0
baik sekali,0.0
tolong kurang iklan iklan aplikasi lain tiap mau buka aplikasi pasti selalu muncul iklan shopee selalu otomatis masuk aplikasi,0.0
order shopee awal dtg aman lama hari tapi telah semua akses google dll gabisa telah cek tempat resmi nyata produk palsu lalu lapor pihak shopee tahu apa laku dia bahkan tidak peduli bahkan sanksi kepada toko tipu pun tidak padahal guna platinum member vvip luarbiasa shopee skrg,0.0
shopeenya sih jasa kirim kurir anter paket rumah tdk buruk bgt harus paket antar tgl sampai tgl belum juga sampai tangan perlu pecat kurir,1.0
tidak bisa cod,0.0
kenapa sekarang kirim spx sangat lama sdh bulan barang belum juga datang msh tempat sama sangat kecewa jadi sperti mending kalian tutup saja jasa kirim spx bikin kecewa sdh tunggu lama kurir nya tinggl retur barang suka hati tanpa informasi kepada kami bikin sakit hati luka,0.0
sekarang shopee bisa lagi cod,0.0
pihak spv atau kepala bagi kosambi tidak tegas tidak becus urus titik sudah beberapa kali belanja selalu tahan titik,0.0
sangat manfaat,1.0
bagus banget,1.0
hei klo mau pay later ama spinjam tolak mulu mending usah adain fitur aneh bgt sudah penuh syarat padahal masih tolak aja mau apa mending usah adain fitur karak gtu klo cuma tolak mulu,0.0
makasih udah manfaat,1.0
semua positif kirim produk kurir dll,1.0
aplikasi shopee sekarang sudah tidak aman alami belanja non cod awal buat pesan estimasi barang sampai belum tanggal april biasa kalau lambat biaya kan aplikasi shopee bisa dia maju tanggal estimasi tanggal mei paket udah minggu belum juga sampai aplikasi taik nama,0.0
soal shopee harga murah murah baget gak tempat lain mahal mahal banget jadi kalau mau beli apa gitu tinggal keshopee harga murah cepat lagi,0.0
kenapa aplikasi makin hari makin rusak akun saja tiba tiba hilang jadi paket pesan tidak bisa cek baru tiap kita masuk selalu muncul muat ualng trus bukin jengkel saja mohon baik lagi,0.0
biaya layan mahal pernah pesan cancel padahal sudah bayar lunas butuh bgt barang pernah beli shopee deals tapi nyata bohong harga tetap jadi kayak kita bayar harga tetap tanpa diskon shopee deals worth sih turut,1.0
moga makin jaya makin baik layan nya,1.0
tempat belanja paling percaya nyaman,0.0
ekspedisi ngaco pesan tanggal april estimasi nya ubah tanggal april bulan entah apa paket ngestuck bulan tanggerang kosambi kecewa,0.0
banyak fitur tapi mudah operasi diskon ongkir paling suka,1.0
bintang turunin jadi bintang aja deh beberapa kali kecewa bangettt sama kirim kurir mulai beli kipas angin sudah kota tuju tak kunjung kirim sampek hari tau tau udah dibatalin shopee hari harus barang udah sudah datang semua sudah tuju mulai kota tuju tgk april sampek sekarang tidak datang datang padahal hari mau pakai udah coba chat shopee nya suruh nunggu hari sedang hari pakai,0.0
selalu ganggu waktu main game,1.0
tidak pernah kecewa,0.0
semu asli,1.0
gaje udh verif shopee pluss kata dpt voucher aneh nya gak bisa pake kata gak penuh syarat notif lain kata akun udh verifikasi gak jelass bohong doang lah sia masukin ktp kalo gin mah,0.0
jauh semua udah cuman bug sistem lacak kirim tolong baik sebab akurasi kurang tidak sesuai bal kenapa status kirim balik kirim jual area jakarta malah kirim balik jakarta status emang kirim tapi titik koordinat transport malah balik jual kirim jadi pakai aplikasi malah bingung paket kok dibalikin,0.0
apk shopee sampah sangat menggangu sekali bagai virus karna iklan nya sebar mana mana apk sosial media lain jadi shopee viral bukan lah bagus tidak bisa percaya shopee cuma usak pandang manusia tiap detik,0.0
tingkat jaring kualitas,1.0
kasih ful kirim cepat poko nya top tpi sayang nya seller nakal kadang chat sering balas slow respon balas cuma perangkat bukan jual lebih nya shopee sdh bagus,1.0
kirim cepet,1.0
jauh paling jauh,0.0
aplikasi bagus tapi kenapa iklan nya nyebelin banget aplikasi lain pasti iklan nya elu mana maksa banget lagi mencet apa apa tiba tiba udh iklan aja aelah,0.0
shopee jelek sekarang banyak barang stuknan bermingu parah komplain gak apa sial,0.0
tetap oertahankan tepat oercepatan antar paket,1.0
tiap pesan lewat shopee sangat baik selalu sampai tepat waktu,1.0
aplikasi nya bagus bukan kaleng kaleng,0.0
akhir akhir auto kecewa beli barang mahal terus masak selang hari harga bisa turun jauh padahal tadi toko paling murah laku ribu barang sudah cek bolak balik belum checkout gilir sudah chekoutbarang kirim nyata selang hari harga paling mahal tolong kalau mau beli barang dishoppe sekarang cek lain akun kadang harga bisa beda jauh padahal toko sama barang sama,0.0
aplikasi mantap bisa beli semua barang harga murah,0.0
tolong lah kosambi lama bnget tahan paketttr,0.0
pemgiriman nya cepat paking rapi brang sesuai,1.0
sangat puas tapi kenapa salah expedisi tidak kirim pesan langgan kok akun langgan blokir makasih,1.0
senang pakai shopee,1.0
belanja mudah gak khawatir sama sekali,0.0
aplikasi sangat bgus jaga terus toko toko ngaku ori padhal tdk ori iya antar jgn terllu lama donk,0.0
paling sih jauh,0.0
mohon shopee tau aplikasi belanja indonesia tapi bukan arti harus semua aplikasi jujur ganggu buka aplikasi lain tidak klik apa tapi tiba langsung nonggol aplikasi shopee langsung beranda jujur sangat menggangu apalagi ketika kita lagi darurat tapi harus iklan sangat menggangu guna shopee tapi risih iklan shopee aplikasi lain,0.0
mudah buat retur,1.0
algoritma tayang makan shopeefood engga pantes banget klik menu sarap pagi muncul mie gaco mules pagi makan mie pagi nayanginnya enak perut bukan panas begitu contoh bubur soup ato apa lah sesuai jam algoritmanya cocok itumah official kali biyar laku wakakaka,1.0
spx nya lelet kalau gak bisa janji minggu dateng gak usah bkin php orng aja hampir dua minggu paket gak brubah status kocak stuck tanggerang lawak gak usah embleng doang minggu jamin dateng tol aplikasi pesan online lelet gua pernah dapat masih mending toktok shop haha percuma gratis ongkir tapi kirim lambat,0.0
hapus saja jangan lagi belanja platform shopee spx tidak tanggung jawab mereka hilang barang sengaja ulur waktu jangan kan bintang bintang satu pun shopee tidak layak mereka tidak lagi amanah dalam kirim barang kita beli platform mereka,0.0
shopee benar benar racun blanja sangat muas cara blanja simple tdk ribet spt apk belah pokok sangat puas blanja shopee bisa pake pribadi atau jual lagi krn usaha toko,0.0
aplikasi bagus,0.0
ampaaass transaksi gagal pakai kartu kredit kata sdh proses tgl saat tgl dana belum balik kata nunggu hari kerja nyangkut dmn duit klo hari waktu bayar shopee mau tanggung denda prioritas cuma label doang repot bgt dana belum balik sampaah baget duit orang ituu amanah,1.0
top bangwt deh,1.0
sekarang makin belakang makin aja tambah ongkirnya dulu gaada biaya layan biaya tangan apalagi pas cod makin tinggi shopee food juga gratis ongkir nya cuman ribu aja sumpah app gak jelas diskon makan jadi aja,1.0
senang belanja shopee karna barang produk kualitas lebih murah harga toko warung proses mudah kirim cepat sangat bantu klo malas mana mana makasih shopee,1.0
apasih shopeeeeeeee know gue butuhin buat belanjaaaaaa please jangan maruk semua aplikasi iklan banyakkk ituuuuu problem kalau iklan nya cuma satu dua tiap detik muncul anjirr bisa tenang ngga jangan maksaaaaaa bukan doang prioritas saat orang orang buka apk lain tapi tiba tiba ngasih iklan gudang,0.0
aplikasi lot susah sekali buka tdk muas sangat,0.0
kenapa sih harus sulit kogin guna autentikasi faktor saat guna perangkat lain kenapa password saja soal pakai ktp orangtua juga lagi rantau lama jadi susah kan login nya tolong guna password juga bisa atau verifikasi email saja penting jangan hanya sedia autentikasi faktor saja,0.0
pesan operator shopee bagai langgan setia shopee sangat rasa ganggu marak konten drakor shopee,0.0
tolong tingkat lagi aman karna saat sedang pesan barang pemberitahuannya barang sudah sampai rumah tapi sampai saat belum terima barang sebut tolong periksa lagi,0.0
kenapa yaa shopee sekarang lama lama banget paket nya sampai padahal lohh kadang tunggu kurir jemput pesan aja mau sampe hari gada update toko lagi moga kembali lancar yaa kirim nyaa,1.0
tolong kak admin nomer telpon akun double account tadi mau aktif shopee pay tapi tidak bisa udah coba hubung tapi alih pusat bantu pusat bantu gak solusi gimana,1.0
pls stop maksa orang buat mental aplikasi shopee ganggu banget asli,0.0
sangat mmbantu dlm pemblian apa slalu respon stiap tanya cuma kdang dana tambhan jika pembilian cod slbihny bgus sngat mmbantu,1.0
sangat sangat sangat suka aplikasi tak akan paling aplikasi belanja lain terus tahan tingkat,0.0
puas bgt belanja shope metode bayar cod cek dulu sangat bantu langgan belanja aman kualitas produk baik harga juga lebih murah banding onlineshope lain nya,1.0
apk gak jelas jawa tengah sulawesi bukan ngirim solo surabaya pesan malah lewat jakarta dulu jadi solo jakarta jakarta surabaya surabaya mks mks palu baik lah ekspedisi pesan sampai alamat udah rusak makan,1.0
shope sangat baik kerja nya memudahkn para konsumen ingin belanja tetapi kadang dteng nya lama,1.0
banyak promodan pilih produkmenyik ongkir gratis mauuu,1.0
shope ganggu kali kalo baca wattpad apa gak laku isi apa gimana mau baca wattpad buka elu trus ganggung tau gak,0.0
harga tampil tipu begitu cekout harga nya jadi mahal kalo gak waspada bisa berabe,1.0
sukses selalu,1.0
ngiklan ngga main main barang jual juga boongan jangan download lah poko nya serius aplikasi sampah,0.0
pesan makan jam pagi sampai jam pagi belum antar mau cancel harus hubung dlu pas mau nge hubung tulis nya maaf kami sedang bantu guna lain bla bla bla cancel dri jam pagi bisa kambing lah,0.0
kenapa yah tiba tiba akun shopee nya keluar,1.0
aplikasi terlalu berat,0.0
jujur shopee aplikasi paling enak buat tapi sedih kalo checkout nya banyak dia sering cancel sendiri alas aktivitas tidak wajar padahal memang bener bener butuh stock barang tolong shopee baik mungkin atur nya buat sulit kalo mau barang banyak sampe ganti nomor cuma buat shopee doang biar limit,0.0
lama banget sekarang paket paket hari hari stuck gudang tanggerang gilir laporin baru gerak terus pas udah gerak ngestuck lagi hari hari laporin lagi baru maju gitu aja terus,1.0
suka soal bisa beli barang mau kita murah murah,0.0
far bagus sih cuman buat shopee video pliss lah fiturnya baik utama kompresi video kompresi terlalu besar alhasil banyak ngeluh video pecah buram padahal udah disetting sesuai saran pihak shopee,0.0
baik aplikasi internet lancar buat buka aplikasi lain masak cuma buka shopee gagal muat jaring melulu parah,0.0
top markatop,1.0
jangan maksa smpe buat iklan bikin muak lagi asik baca tiba tiba alih shopee kan tak genna jrya nyamana,0.0
kirim sangat lama malah ngestuck pas tanya kata akan cepat nyata omong doang jawab muter muter,0.0
apk sangat guna,1.0
sangat sayang kualitas makin turun drastis saat tidak kompetitor kompetitif lagi asa tidak saing jadi malah kualitas downgrade pengirimana entah mau tiba atau tidak paket langgan toh juga tidak ambil pusing tinggal jawab pakai template silah ambil voucher ribu syarat bahkan tidak bisa guna silah aju kembali dana tanpa sadar bahwa langgan sangat sangat rugi dalam hal waktu buang buang waktu,1.0
shopee adalah kirim lambat selalu ter jadi khusus nya bontang kaltim,1.0
cepat tepat,1.0
fast responnya meski bot penting percaya bisa refund jadi beli bisa rasa aman,0.0
spx ekspedisi paling lambat indonesia bisa hari stuck tanpa gera ujung nya kirim besok pas besok kirim malem sampah kalau overload minimal jangan serakah biar cust pilih ekspedisi sendiri,0.0
shopee banyak toko nya amanah,1.0
jauh guna shopee sangat bahagia aplikasi bagus,0.0
shopee apk sangat bantu kita mudah belanja online butuh hari butuh lain harga ekonomis bikin suka sllu promo bonus toko voucher free ongkir lebih irit hehee penting pintar kita pilih toko barang sehingga bisa dapat barang kualitas muas shopee sellernya moga sllu amanah terimakasih,1.0
kurir nya terus tidak antar pesan khusus kurir shopee,1.0
pasti kalo sampe tiga secang kab magelang tiba tiba kok sampe sleman udah kali paket gak sampe dampe,1.0
kirim sering lambat daptar spaylater selalu gagal payah,0.0
layan harga murah barang bagus,1.0
tolong aplikasi shopee protes besar besar kan barang udah berapa kali kembali jual alas tolak padahal kurir gak sampai rumah mau komplain kurir gak bisa syaa gak tau nama kurir nya siapa munyak nya paket sering kembali jadi sistem cod tutup padahal banyak mau cod,0.0
gemes banget sekarang sama shopee lambat banget paket biasa hari paket datang sekarang puluh hari kdg lebih bener kecewa pelayanananya,1.0
udah lama punya oke turut selalu belanja sini cuman iklan maksa banget mana klik sekali malah ngesummon lagi kalian bakal tetep laku stop iklan maksa ngeselin,0.0
sudah order bbrp kali hasil bagus,1.0
lumayan belanja online jadi praktis,1.0
senang belanja shoppe ongkir nya murah kumplit harga ringan,1.0
ngehabisin kouta doang gimana lihat lihat langsung coba aja percaya huu,1.0
pertama belanja online pake shopee terus moga sukses terus,1.0
moga bisa bantu utk belanja sesuai butuh terimakasih,1.0
sekarang bagi video alih fungsi jadi upload video drama china,0.0
harga baik clas mall sesuai butuh,1.0
sangat bantu tapi sering lambat kirim,1.0
masuk gak bisa harus konfirmasi email sedang email nya lupa gak jelas,0.0
aplikasi sangat bantu,0.0
god servis,1.0
aplikasi bagus barang super lengkap tapi nth knp waktu mau bersihin keranjang tombol hapus susah sekali tekan padahal juga baru jadi enggak lot waktu mau juga lot minta ampun padahal paket masih penuh sinyal juga baik edit pke spx kok paket jadi sering bngt nyantol gak kirim lama bngt udah hari nyantol jakarta padahal toko aktif shopee kasih solusi dong dri kemarin udh banyak yng komplain klo spx lama kok gak cepet tangan,0.0
suka belanja shopee byk diskon nya juga bisa cod klo gak cocok bisa kembali juga,1.0
paling malas klo bukan cod buat lambat antar entah paket nyangkut lah hari estimasi tgl jadi jauh mundur smpe tgl jauh smpe hari mundur nya,0.0
mudah guna,1.0
lama lama gak jelas banget ngerugiin beli jual pesan sudah gudang dekat mau antar tiba tiba kembali jual kalau gak niat kasih vocer tuh gak usah ngasih kalau ujung gak bisa guna bikin kecewa langgan lama aja mau bangkrut kali nih shopee,0.0
aplikasi belanja jadi favorit banget buat beli butuh anak atau fashion dll tapi kendala ukur memori aplikasi makin berat bahkan bisa sampai lebih bikin memori eksternal suka penuh terus padahal tidak pakai aplikasi berat lain nya seperti tiktok hanya pakai whatsapp saja tolong dong ukur memori aplikasi kurang aplikasi lain nya tidak sampai ber pakai tapi bisa habis memori eksternal,0.0
sangat sayang kalau kirim rekomendasi shoope guna ninja express tadi sering pakai spx cuma hari jalan pulau jawa ninja express bisa hari jalan moga shoope bisa paham kendala tentang expedisi kirim lebih baik terima kasih,1.0
kalau beli shopee barang nya sering kalau sen apa datang nya apaa gambar lihat baguuus banget pas datang masyaalloh mengecewkan,0.0
aplikasi percaya murah cepat,0.0
jelek mau belanja aja sulit hopee,0.0
soal diskon ongkir serta kirim oke lah namun sangat sesal customer center tidak bisa andal kan laku proses retur kembali dana sangat lambat sekali entah apa padahal barang retur sudah sampai alamat tuju sampai hari kembali dana tidak kembali minta bantu customer service juga jawab nya selalu saja tidak ubah masih dalam validasi,0.0
terima kasih shopee umur umur jadi guna baru kali dpt koin,1.0
belanja dishope semua jadi mudah murah,0.0
bismillah moga dapat rejeki lebih lebih shopee amin,1.0
makin aneh ajah kirim bener estimasi semua meleset mana bisa lacak lagi paket aada bener gatau kaapn nyampe nyaa perhati kirim,0.0
perangkat blokir oleh shopee baru akun pinjam commerc blokir perangkat biar gak bisa log kali kali aju pulih tapi gak bisa benci shopee,0.0
good app,1.0
tim mediasi sangat lamban sekali tangan kembali barang kan perlu lain masa harus nunggu terus hampir minggu,0.0
baramg sesuai gambar bahan adem jahit rapih harga pas kantong buat momy suka hijab simpel harga murah barang egg murah,1.0
maki kesini makin parah apk bagus tokopedia sekarang jadi kaya lazada hampir bangkrut sangat jelek,0.0
kembali dana cepat belanja jadi senang,1.0
tolong pihak shopee benah dalam layan kirim lebih oke lah cuman dalam rim barang kadang kurir paksa bawa banyak barang sehingga belum tentu semua antar kepada customer hari,0.0
lah cuma sedikit lambat mohon tingkat,0.0
moga makin semangat selalu jadi idola,1.0
buat pihak shope knapa gak bisa buka akun shope alias blokir meski bikin akun baru tetep gak bisa kalau saran nya mohon bales komen,0.0
iklan ganggu banget,1.0
apa bnget gajelas kirim nya udah nunggu lama ujung ujung nya dibalikin jual,0.0
paket kadang sampai kadang nggak malah dibalikin lagi toko kurir dablekkk,1.0
team oren spx kok msh liar malam sampai toko toko tutup cantik tetap kena point driver lgi salah coba anda ajar lgi bener gaji anda kami juang bawah tanpa kami anda hanya orang gembel sekarang anda enak kerja ruang dpt gaji dpt makan siang tpi ingat hukum karma anda diktator pasti akan dpt balas timpal,0.0
kadang kiding,1.0
bagus banget cuman kecewa kemarin beli celana kok datang sampai lupa kan cek lagi uda riwayat pun juga,0.0
akun belanja online paling bagus top markotop banyak voucher diskon nya banyak potong harga nya serta banyak promosi hadiah nya,1.0
good discont,1.0
mudah butuh kita semua,0.0
sering ngeleg,1.0
good job,1.0
banyak bet iklan tol udah download masih tebar aja iklan mending hapus,0.0
makin sekarang makin parah pesan instant jam sampai sekarang jam dapet driver bakal bikin konsumen kapok kalau gin udah salah satu batal gara lama dapat driver,0.0
layan shopee mantap lancar sukses moga depan makin bagus,1.0
tidak tanggung jawab jangan mau beli pulsa top toll shopee nanti gilir top sudah hasil namun saldo tidak masuk hirau complain pun tidak gubris gilir punya tunggak telfonin gilaran saldo gak masuk diam diam aja jauh lebih baik gopay beli cepat praktis,0.0
apa butuh selalu,0.0
bagus iya tapi bug lelet klo mau chekout keranjang kuning apa padahal bagus ram mas lega jaring wifi cache shopee udh bersihin ttp aja lot respon dri awal download pun kya sabarin dri bulan bulan lalu positif thinking mungkin emang kaya gin shopee tapi lama lama emosi sendiri,0.0
aplikasi nya top belanja online indo tapi baru kali kecewa pake banget tunda tunda mulu paket antar nyaa udah hari loh pending atau tunda kayak apa susah nya dianterin gitu sekali lagi kecewa banget agenda shoope spx express selalu tunda tunda,0.0
aplikasi bodoh gabisa login akun lama harus verifikasi scan kode lama sedang lama rusak tanya customer service nya tidak jawab tetap tidak bisa login,0.0
sekarang mes shopee sangat lambat mending aplikasi belah,0.0
produk jual keren amanah seller nya,1.0
tolong dong kasih tau tekan lagi kurir nya kalo ngirim tuh harus konfirmasi dulu nya jangan asal gagal kirim note custamer jadwal ulang kirim bayar cod duit sudah titip sama pihak rumah tapi tiba gagal,0.0
shopee hormat barang bayar shopeepay kok malah lama beda sama cod saran aja jika bayar muka tolong paket cepat jangan tunda jadi aneh tau,0.0
hati belanja sini tidak lindung buat beli rugi tanggung sendiri mereka lebih utama jual ingat hati belanja dgn bijak tipu rajalela,0.0
kenapa sistem voucher diskon gak awasin banyak seller nakal main sisi kasih bintang dulu,0.0
ongkir terima driver terlalu sedikit,0.0
mitra konsisten setia percuma kalo pinjam tidak beri mana apresiasi nya jauh grab bisa cicil pinjam shopeee tidak memottivasi mitra,0.0
puas layan shopee,1.0
tolong baik tiap bug discount tidak sesuai tara terang lalu biaya tangan sangat tinggi tiap dapat koin live tidak sesuai,1.0
bobrok banget jadi commerce nyediain ekspedisi sendiri tapi malah banyak ganggu barang diretut enak padahal posisi udah gudang akhir tinggal kirim rumah jelas rugi banget,0.0
mantap top,1.0
aplikasi gajelas makin kesini makin gajelas masa paket udah mau sampe rumah malahdi balikin jual lagi alas gajelas kalo emang ganiat ngasih diskon gausah lahh bik orang emosi aja makin kesini aplikasi makin jelek mana pelayanann nya juga lelet,1.0
shopee memang oke,1.0
tambh jaya,1.0
ngebug pol setel video produk pasti suara numpuk sama video lain ato video belum juga sering nge macet kalo liat produk live nya,1.0
aplikasi hantu iklan sangat menggangu,0.0
shopee udh lumayan pernah ngebug lagi saran cuma banyakin diskon lagi dong min,0.0
sekarang mbnya besar bgt baru juga buka udh habis aja simpan tolong rangin,1.0
hello shopee aplikasi bagus cumaaa bisa gak hilangin iklan ganggu soal lagi baca wattpad tiba tiba langsung masuk aplikasi shopee atau lagi seru main aplikasi lain tiba tiba iklan shopee susah banget buat skip jadi tolong kurang yaaa iklan shopee nyaaa terima kasihhh lop shopee,0.0
kenapa akun batas tiap beli atau tidak bisa beli akun anda batas langgar padahal tidak pernah langgar tolong baik,0.0
kurir baru bener masa kurir cancel paket nya mana buat luka udah nungguin ber hari malah cancel kurir nya padahal paket belum sampe rumah sama sekali nelfon beli pun,1.0
please shopee ganggu banget sumpah tiap buka apk lain muncul mulu iklan apa lagi apk tiap detik anjir muncul mulu,0.0
aplikasi nya bagus tapi kendala bug saat checkout checkout nya stack layar putih,0.0
bagus banget jelas banyak gratis ongkirnya sayang beberapa produk perlu senapan angin tidak,1.0
tagih belanja shoppe barang apa sedia sini best,0.0
suka banget belanja mudah cepat,1.0
shopee tlong dong sistem baik tiap log aplikasi selalu muncul vidio terkadang susah mati audio sangat ganggu,0.0
bisa gak iklan gak usah over jujur ganggu banget sama iklan pasti langsung masuk apk apalagi wattpad lagi asik baca suka tiba masuk shopee tanpa harus iklan begitu pun kita tetap pake shopee kok buat belanja butuh moga cepat benah,1.0
akun batas blok tanpa solusi,1.0
tambah hari tambah turun saja masa kembali dana terlalu ribet tele tele janji selalu mundur masa iya barang kembali tanggal sampai tanggal belum juga pasti mau kembali atau bagaimana,0.0
harga makan mahal jadi bikin driver males narik krna order,1.0
belanja shopee memang asik,1.0
sangat bantu beli barang harga miring kwalitas oke,1.0
sekarang maleh lama sampek udah hampir hari,0.0
sangat mudah karna ada shopee belanja moga shopee makin tingkat bangga masyarakat,1.0
kurir tolak kirim paket alas beli tidak dapat hubung tidak bisa hubung krna sedang ibadah sholat jumat kurir telpon waktu sholat sedang langsung rumah tidak orang krna sedang pergi sholat jumat saat slesai sholat chat kurir minta kirim kembali paket namun kurir tolak kirim kembali paket sedang waktu masih siang telah sholat jumat tetap kurir tidak mau tolak kirim kembali paket,1.0
sangat bantu cari barang butuh,0.0
puas deh,1.0
tolong video jual jngan pas buka aplikasi langsung keluar video bikin lot,1.0
makin banyak guna shopee selain buat check out barang juga bisa buat check out makan,1.0
tolong fitur shopee video pas awal buka aplikasi shopee matiin selain berisik bikin error shopee makin jelas aplikasi satu,0.0
turun nilai saat jasa kirim shopee sangat lambat sekali kecewa sangat buruk nol nilai,0.0
bagus banget,1.0
iklan kontrol mas gua lag gegara tiba tiba masuk shoppe cuman iklan,0.0
kirim gak jelas pesan stuck hampir satu bulan sejak mesan malah potensi batal gak jelas,0.0
apa sih tiap buka apk lain tiba tiba iklan shopee terus risih tau sih mending atau kali lah sering bngt,1.0
mudah guna,1.0
kecewa bagai castamer sejati ketika tipu sama penjul sampai hari tangan tapi belum bisa tuntas,1.0
sangat puas belanja sangat mudah,1.0
sangat bantu sekali butuh apa saja tinggal pesan sudah sampai rumah,0.0
bagus puas,1.0
sangat puas belanja shopee,1.0
tolong dong ukur font nya bisa besarin pilih dark mode,1.0
shopie banyak bantu dalam belanja online moga shopie tetap tahan promonya lebih senang belanja online banding supermarket dekat mahal pokok bintang buat shopie,1.0
jujur suka banget sama apk juga sering belanja shppe dri pda apk mana apalgi sering gratis ongkir promo tapi knpa akhir akhir shopee gaada gratis ongkir nya lagi sekarang belanja nya hrs atas rbu bisa dptin gratis ongkir pls kbntu bgt sma gratis ongkir jdii tolong yaaa bisa gratis ongkir walaupun belanja nya dibwh rbu,1.0
aplikasi baik belanja online,0.0
kenapa sih pas buka aplikasi langsung live suara,1.0
alhamdullilah kacamata nya bagus cocok utk ukur pakai pas enteng terimakasih shopee,1.0
lot bgt padahal udh diupdate mana lagi flash sale,0.0
aplikasi bermanfaaat banyak discounnya mantap,0.0
sangat baik lau mau belanja,0.0
tiap buka langsung video bikin ganggu aja,1.0
biar bintang bicara,0.0
kurang iklan woy kesel bat jadi,0.0
aplikasi paling berisik,0.0
gak salah lagi shopee emang the best alam belanja shopee tuh super puas apalagi pas lagi promo besar besar pernah dapet voucher diskon buat beli gadget impi bisa antar rumah dalam waktu hari layan customer servicenya juga responsif banget masalah kecil bisa langsung kel solved alam belanja online bikin nagih,1.0
harus hari harus lebih baik kemarin khusus shopee tidak hari lebih buruk kemarin esok hari lebih buruk hari benah semua bijak ganti semua driver serta kang sortir lebih kompeten semua tidak kompeten,0.0
baik lgi fitur fitur nya kak soal kadang bisa guna fiturnya,1.0
amanah shopee memang tiada dua mantaap tks shoope smg makin sukses,1.0
pesan barang pakai kirim next day asli barang datang tanggal malah tiba ganti jadi padahal sudah bela bain bayar ongkos lipat biar cepat datang voucher asli jika pesan telat malah jadi walaupun sudah beberapa kali dapat voucher karna telat kirim tapi tidak pernah bisa pakai,0.0
pesan sesuai ingin,1.0
aplikasi kurang lancar suara shope video kadang masih saat alih halaman utama,0.0
moncoba aplikasi,0.0
kirim tidak seperti biasa sering tele mohon upgred lagi buat kurir,0.0
gatau mls bgt shopee lag nya ngelag bgt loading iklan dmn,0.0
akun gak bisa cod gara gara banyak retur paket padahal lagi rusak kira sengaja kah sekarang dah dibaikin jadi gak bisa cod lagi,0.0
sangat bagus gratis ongkir,1.0
aplikais shope tidak cawak bagus,0.0
sangat nyaman belanja tidak repot,0.0
kualitas prodak gantung harga selernya amanah aplikatornya bisa ajak diskusi ongkos kirim murah kalau bisa buat kirim usaha jangan pake sicepat halu,1.0
shopee mending benerin deh kualitas apk padahal cuma muncul iklan tapi tiba tiba langsung alih shopee nya langsung ganggu orang buka apk lain aja,1.0
belanja tanpa ribet shoppee jawab,0.0
iklan nya muncul mana mana agak susah,0.0
lepas dana terlalu lama,0.0
alhamdulilah yaa apk sangat bantu moga depan makin baik tahan,1.0
shopee makin mantap,1.0
aneh aplikasi sopi sya bisa buka tibatiba,0.0
aplikasi kejam,0.0
olshop recommended tapi please kenapa bisa tanpa konfirmasi hutang bayar netflix via spay later,0.0
sll sesuai pesan,1.0
terimakasih sudah jadi langgan belanja kurir ramah harga jangkau,1.0
ngirim barang suka tundah tundah kurir nya gak bertangung jawab mentang mentang sen banyak sen kita tundah jadi besok kalo besok nya banyak sen tunda lagi jadi besok nya lagi kira kita gak penting apa luar,0.0
pokok batu bangett,0.0
shopeenya lot sering langgan shopee habis ruang jadi lepas pasang lepas pasang gitu udh lama apus shopee hari download shopee pas mau masukin akun kenapa shopee nya keluar masuk seperti mau login pdhl ruang simpan nya udh lega ttp gamau login tolong jelas apakah update otomatis sistem makanya bisa login,0.0
lihat makin banyak terima driver baru aplikasi shopee tanpa batas tidak seperti saing banyak driver tapi tiap pesan harga normal driver selalu dapat dobel order harus kalo banyak driver kasih rata saja biar tidak lama,0.0
alhamdulilah masih amanah semog terus amanah,1.0
paket telah sampai rumah baik terimakasih toko seller juga kurir baik,1.0
sekarang pakai spx makin lambat kirim nya,1.0
suka sekali,0.0
siap,1.0
kasih bintang dulu kalau bagus bisa tambah lagi bintang,0.0
paling gak suka fitur shopee auto play video baru buka app tau kenceng aja suara video random bikin kageet mulu tidak nya kasih opsi buat nonaktif fitur tsb bagi gak mau,0.0
hilang balas chat jual tidak bantu beli bagai pembelo kita harus komunikasi jual cara langsung ayo shopee perhati,1.0
salut sama shopee bikin promo harga perak sampe bawah padahal toko bikin buat promo toko palsu zonk doang promonya bodoh doang,1.0
mantap amanah,1.0
sekarang pake kurir antareja kirim jadi lama,0.0
knpa paket tidak terima oleh malah terima orng lain apa karna alamat salah atau apa maaf bila salah tanya mohon maaf sekali lagi,0.0
belanja shopee sangat mudah pilih semua urus harga variasi jangkau hidup lengkap hadir shopee,1.0
nice,1.0
shopee anjg,0.0
sekarang shopee kirim lambat bgt udh nya pesan selalu batal trs tolong tingkat lagi kirim,0.0
aplukasi sangat guna remaja maupun orang tua,0.0
kirim aneh estimasi tanggal berapa sampai tanggal berapa sudah bayar padahal,0.0
males download shopee ketika pesan anggap bodong padahal pesan sebut mau digunaka belum lebaran lihat info estimasi tgl tunggu gak datang kirain bakal sampe abis lebaran eeh lacak barang kembali sangat kecewa tunggu sampe bisa mana mana,0.0
jauh muas,0.0
kenapa akun bisa klaim koin dri misi nonton shopy live,1.0
paket sudah terima sesuai pesan,1.0
sangat bantu dalam beli perlu,1.0
sangat mudah kaum mageran buat belanja,1.0
lengkap barang pilih solusi,1.0
tolong kurir biasa mana sopan ria kencang ksh kurir jgn tolol bgt teriak kagak chat juga kagak bilang rumah jgn kasih kurir bot lembek bgt beli cash bukan make spinjam spaylater hargain dong,0.0
sekarang shopee keren sih berantas buku buku ilegal mau dengerin produsen keluh konsumen maju terus shopee,0.0
sangat puas dgn belanja online,1.0
top banget,1.0
good,1.0
program bagus nyaman guna,1.0
barang bagus kurir ramah suka semua mantap,0.0
suka sekali belanja sini spx sering masalah masa paket sdh tunda minggu tdk gera sama sekali,0.0
puas layan,1.0
shopeepay blokir alas kurang jelas buat henti aktivitas hubung gatau dah susaaaaah,0.0
shopee makin lama makin buruk kirim tambah lalot payah,0.0
main cabut cabut saja dana shopi pay shopi vip shopi vip apa,0.0
love you shoppe moga amanah terus gak kecewa seng lawang,1.0
app belanja fav bgt tiada hari tanpa scrolling shopee,1.0
banyak stok seller etalase sesuai nunggu hari emas sampai dicancel sistem tau kosong konfirmasi seller gilir aju kembali dana sulittt acc sama pdhl salah seller nya udh biaya tambah mahal alas tingkat kualitas nyata kualitas tambah burukkk,1.0
aplikasi selalu bisa andal,0.0
apk kocaak aneh gak bisa loginn hapus aja play store,0.0
kirim lammaaa hanya janji janji saat mengkalaim masalah paket yabg stuch hari hari sudah lewat masa estimasi,0.0
kurir ter busuk adalah spx,0.0
banyak diskon,1.0
pihak shopee hormat bagai guna shopee lama terus daftar akun baru pas mau check out kaos custom baju desain sendiri kenapa otomatis batal aktivitas curiga padahal kagak ngapa ngapain akun aja baru daftar lagi shopee saja jarang buka tolong pihak shopee betul sistem nya kembali terima kasih,0.0
moga apps shopee indonesia guna bermanfa lancar tidak kendala pesan lagi mohon mepnya akurasi lagi lacak kurir tepat sesuai dah gitu buat sukses terus buat apps shopee,1.0
jasa kirim spx sangat kecewa sering barang tidak sampai tidak tau mana rimba mending waktu express tidak masalah kayak gin,0.0
kirim luamaaa proses tracking lambat barang sudah hub antar mandeg hari kemudian baru kirim tin pdhl potensi lbh cepat waktu estimasi banyak stok seller tidak update sampe batal sistem otomatis stok kosong seller konfirm jika tanya sangat buang waktu belum lagi aju kembali dana sulit sekarang sama nya alas masuk akal paling gampang permasalahin video banyak bgt fraud nya shopee payahhh,0.0
bisa bayar pakai qris,1.0
terima kasih langsung respon,1.0
tolong developer agar rating barang produk tombol bagi lihat rating baru bulan belum sudah beberapa kali tipu akibat percaya sama rating tahun mungkin tahun tahun toko masih amanah tapi pas sampai malah jelek barang mau discroll sampai dapat rating baru malah sangat lama,0.0
makin kesini kok makin buruk sih hahahaha pesan tiba dibalikin jual kocak,1.0
lot nya ampun ulang terusssssss,0.0
oky barang bagus cacat sedkit pun,0.0
tokox beberapa amanah lainx ngk buat kecewa langgan pasti sekali beli tokox kdpannya cari amanah,1.0
saat ingin ubah alamat malah balik hlmn utma,1.0
kok sekarang logistik nya aga lama yah padahal make bayar ongkir tapi tetep aja ngga kaya dulu cepet sekarang mah sampe minggu kaga nyampe nyampe padahal bandung indramayu dulu mah cepet cuma hari plis lah baik lagi pihak pihak logistik kerjasama shopee,0.0
senang belanja shopee banyak pilih produk harga sahabat banyak gratis ongkir kirim sesuai estimasi bahkan terkadang lebih cepat,1.0
mending uninstal aja lah mending toko belah kirim cepat makin sini makin males beli apa shopee kirim sama kurir nya mau mau nya jadi paket sampe undur lagi undur lagi jelas,0.0
rasa puas sekali beli shopee,0.0
aman barang pasti,1.0
hari proses antar tapi tidak sampai juga,0.0
apk babi paket sering cancel ama expedisi kata kalo lewat tanggal estimasi datang nya bakal kasih voucher pas tanggal estimasi nya udh mau lewat langsung buru buru cancel ama expedisi nya akhir dapet apa apa waktu buang sia sia,0.0
mentang pake voucher beli nya sen jadi kirim kirim,1.0
tidak kecewa beli pokok sip,0.0
harus lebih jelas lagi,0.0
maaf kenapa yah kok kirim dapat cargo muluuu skarang paket minimal pekan baru dateng mana estimasi cukup lama dulu kadang gak lama kok tolong juga nomor kurir dicantumin kalau udah proses antar alamat tolong ybs benah lagi yaah depan terimakasiih,0.0
entah hanya akun atau lain kenapa shopeefoodnya jdi mahal sekali perlu upgrade vip shopeefood,0.0
aju kembali dana barang tidak lengkap sangat sulit beli kertas isi ratus lembar masa minta video kertas jejer satu per satu boleh tumpuk buat bukti akal shopee pada mana sangat luar nalar minimal beda jenis barang kasih bukti jual jelas nyuruh aju kembali krn memg stok tidak lengkap masih blm cukup jadi bukti lucu,0.0
baik tidak guna kurir jne paket harus sudah sampai tunda sampai kapan gak jelas bahkan sampai detik sdh lewat bbrp hari info hanya tunda saja,0.0
lama lelet apknya tau dri signalnya atau hpnya inti lelet,0.0
aplikasi nya bagus tapi tolong kalo iklan aplikasi lain jangan langsung pindah sini dong,0.0
enak banget gabisa batal pesan pada shopeefood gimana kalau kita bagai guna sengaja pencet terus gada mode batal pesan kalau bisa baik yaa min paling tidak minimal pesan batal beberapa alas logis,0.0
shopee terus jaya,1.0
selalu puas,1.0
shopee belanja mudah murah cpat tunggu rumah byar rumah,1.0
oke,1.0
tolong cepat layan spx instan nya terlalu lama barang ambil kasi seller jual takut gajadi gara gara barang lama ambil sama kurir,0.0
sangat murah banyak promo nya mantap pokok,1.0
aplikasi shoppe sangat bantu belanja cara online ringkas harga sesuai kualitas terimakasih shoppe,1.0
ngeselin iklan mana klik tiba masuk apk,0.0
banyak tipu kejar kejar suruh mindahin paylater klo tidak akun akan blokir hanya gara gara gak mau ngasih komentar unboxing guna video haati hati,0.0
sya selalu puas tiap belanja shopee,1.0
jelek semua,0.0
telah baru knp jadi susah buka nya mau lihat riwayat pesan lihat semua bisa klik,1.0
keren kak tpi tolong dong bisa chat costumer servis,1.0
pake jasa kirim spx order tgl april sekarang tgl april belum sampe juga keren banget spx,1.0
susah daftar slalu balik verifikasi terus tidak baca apa tahu,0.0
shopee oke buat olshop,1.0
assalamualaikum shopee indonesia beri bintang bisa puas belanja shopee tolong pliss kasih iphone kirim alamat gratiss plis shopee baik dada tunggu assalamualaikum,1.0
shoppe tolong mudah login nya mau login tapi ribet banget gabisa trs drtdi banyak pesan hrs bayar tpi mau login aja gabisa enggak nya kasih bantu buat akun nya balik tanpa harus veritifikasi sgla mcam kasi kan orang lupa sandi segla mcam hrs dibkin ribet kek gin mohon respon,0.0
kirim sangat lot,0.0
paket kata udah sampai tapi mana paket nya udah sen mahal mahal malah ilang dancokkk,1.0
moga shopee tetap jaya aman amanah,1.0
sangat bantu utk buka youtube bagi baru erti android,1.0
sering belanja shopee tidak pernah kecewa,0.0
aplikasi belanja sangat suka,0.0
baguz tdk kecewa,0.0
biaya layan rupiah apa sih sebenernya kok sama sekali tidak rasa manfaat biaya layan sudah bayar rupiah biaya layan shopee tapi sama sekali tidak dapat apa apa shopee justru berat biaya layan kepada langgan rasa shopee hanya ingin untung lebih tolong hilang saja biaya layan tsb,0.0
harus shopee kalau emang beri beban admin tinggi buat jual harus fair dalam nya banyak marketplacae selalu arah beli banyak untung misal masalah pusat komplain pusat komplain malah rubah jadi untung banyak beli tipu sangat gampang kaya gin bisa saja kan kirim barang lain cari celah ceroboh jual sibuk tidak bisa menghandel barang retur padahal logika aja beli banyak sekali waktu,0.0
aplikasi shopee nya benar untung saya karna sudah akun platinum dapat banyak free ongkir diskon voucher sangat kecewa fitur spinjam nya padahal tidak pernah riwayat telat bayar tunggak baik spaylater maupun spinjam tetapi nyata nya akun spinjam baru bayar belum tanggal jatuh tempo malah beku tanpa alas jelas bikin orang kapok kalau seperti,0.0
kenapa apk sopi gak bisa cod padahal baru aja pakai,1.0
sangat mmbantu cuman aktifasi pay later gagal terus suruh bulan depan lagi begitu terus,0.0
banyak macam barang harga segala produk ingin lengkap semua shopee banyak bantu bagi gak bisa keluar belanja bisa belanja shopee aplikasi sangat bantu,1.0
makin kesini estimasi tiba nya makin jauh awal hari sekarang jadi lebih bahkan sampai hari,1.0
mantap puas,1.0
sangat bagus belanja onlen mngunakan aplikasi respon oleh shopee,1.0
pesan tiba lama sekali,0.0
sangat bantu sangat tidak bantu kalo udah bayar lewat rek bank kurir nya banyak suka males nganterin nya,0.0
suka sama shopee sering belanja layan juga bagus kurir langgan juga udah kaya teman tongkrong tapi cuma satu bikin kesel masalah iklan nya mana mana besepah mana mana mau baca novel komik nonton film apa apa selalu lempar dalam langsung aplikasi bukan cuma iklan langsung masuk lempar dalam aplikasi langsung gak cuma sekali tapi kali kali mau uninstal sayang gak uninstal bikin kesel apa lagi pas baca novel halmn bikin pusing,0.0
sengat trus buat shopee makin jaya,1.0
spinjam beku pada hal selalu tepat waktu bayar tagih,0.0
lebih mudah belanja shopee cari produk apa aja semua tinggal nunggu rumah barang aman sampai rumah,1.0
sering cancel pihak oleh kurir spx kirim lbih lama bisa nyampe minggu jdi males belanja sini,0.0
kecewa sudah minggu bisa login verifikasi wajah terus masuk,0.0
moga smakin lancar sukses,1.0
suka apk nya tapi plis lah wajar iklan aja mencet apa tiba banget masuk shopee bukan sekali dua kali tapi kali kali sampe muak tuh bisa sih baik lagi biar gitu lagi,0.0
woiii shoope kalo bikin iklan jangan maksa dongg,0.0
apk apasii jembut gua mesen barang lewat estimasi padahal barang nya jelas urgent driver juga pada nolak paket gua org argo nya kasih kecil bgt drivernya stres,0.0
bayar gagal kai belum beres,0.0
aplikasi sangat bagus sangat mudah belanja online barang juga lengkap banyak diskon pokok suka banget sama shopee,1.0
akun voucher nya blum pakai pas mau mesan tulis voucher nya udah habis gak jelas,1.0
tidak tanggung jawab paket gak antar,0.0
apk nya sih bagus cuma notifikasi iklan banget padahal notifikasi shope udah gua matiin tetap aja masih tembus notif shopenya heran gua,0.0
bisa gak bayar tempat,0.0
shopee sangat bantu jika tidak sesuai kita tidak berat,0.0
shopee memang hebat segala terima kasih shopee,0.0
suka banget ada shopee belanja bebas sini apa aja harga jangkau kualitas juga bagus,1.0
belanja shopee murah murah amanah sering belanja shopee buat pakai sendiri jual lagi lebih untung kadang lebih murah shopee pada agen,1.0
mohon pihak apk opsi kirim nya kasih pilih dong klo bisa jangan pihak spx sudah beberapa kali order bahkan order tunai bukan cod gak pernah nyampe padahal belum ada spx order selalu sampe cepat bahkan konfirmasi dulu klo spx gak tau notif pesan anda cancel batal padahal butuh bgt barang sungguh kecewa terimakasih,0.0
sangat bantu oke,1.0
baguss sekali,0.0
selalu jadi mitra usaha seperti kami,0.0
kendala paket hubung gmail kami agar bisa kami bantu kendala tentang paket nya,1.0
buruk banyak tipu mending aplikasi belah,0.0
soppi apk eror,0.0
shopee sangat bantu dapat barang kualitas tdk sedia daerah,1.0
aplikasi bagus tapi kenapa kalo nemu iklan nya neken apa apa tiba tiba masuk aplikasi shopee padahal posisi lagi main nonton jadi risih gitu,0.0
nggak sesuai mending lazada aja,1.0
bagus sangat guna,1.0
sangat bagus sesuai pesan,1.0
asa apk doang kurir gatau alamat pake alamat sama apk lain aman aja sampe aja pesan,0.0
paket aman nyampe tuju barang juga mudah rakit pandu,1.0
sangat aman percaya cuma kadang kurir komentar kurang ramah kurang asem bila luar dia nge retur enak tanpa izin jadi gak bisa guna transaksi via cod mau tanya shopee apa mmg atur sprt,0.0
aplikasi bagus,0.0
makin kesini toko nya makin amanah proses retur juga susah bisa pesan selesai sendiri padahal belum klik,1.0
bikin jadi happy,1.0
shopee top markotop mantap deh,1.0
bagus semua cuma ongkir nya aja mahal sama biyaya tangan nya,1.0
good job,1.0
market pleace tololllll makin lama nih aplikasi makin kapitalis banget bijak belanja baru biaya ukur khusus dri ongkir memang rupiah sih dri toral tpi biaya ukur khusus malah lbh mahal lipat dri ongkirnya,1.0
layan cepat waktu kirim sesuai,1.0
kait program baru shopee afiliate harus guna npwp rekening bank harus shopee lebih paham mana benar beda antara ktp npwp rekening bank jangan hanya gelar sudah anggap beda soal gelar bukan nama asli bahkan sistem capil tulis kolom pisah tapi kenapa sistem shopee anggap bagai nama padahal dapat capai didik dsb,0.0
shopee hemat bikin kantong kosong bisa buat kerja online,1.0
aplikasi sering ngelag pdhl jaring lancar bikin kesal,1.0
belanja lebih mudah tanpa sulit kesana sini gratis ongkir banyak promo sedia akun vip sangat bantu kita dalam belanja bagai promo layan utama senang bisa jadi bagi shopee vip terima kasih,1.0
mantap dah,0.0
makin lah,1.0
buruk sangat buruk buat tempat cicil kata bebas biaya cicil tapi bru hari udah nambah ribu paksa lunas karna sangat buruk udah lunas salah satu barang spay later tapi tdk kurang memang dasar adminnya cri untung,0.0
tempat belanja online percaya,0.0
bagus nice,1.0
trimakasih semenjak sopi jadi sering belja murah,1.0
aplikasi sangat bagus sangat bantu belanja,0.0
jasa kirim buruk panjang masa adalah spx express,1.0
pernah paylater barang tidak terima alhamdulilah wajib bayar juga ikut hapus,0.0
sangat buntu,0.0
bagus banyak diskon akun baru,1.0
shopee semua sangat cepat sangat bantu sekali trimakasih shopee,0.0
kirim nya mash blom baik sama proses ambil dana jgn persulitt tiap beli,1.0
aplikasi bagus sangat bagus banget buat belanja bantu bangtt buat,1.0
tolong buat regulasi toko lama libur min,1.0
aplikasi lot,0.0
padahal kita mesan barang sesuae poto vidio tapi kirim tidak sesuae sama harap poto vidio kok kita tekan sama sopy apabila tolak gimama adil cara,0.0
btw sering transaksi make aplikasi pernah tindak lanjut paylater bangke,1.0
tempat belanja paling murah senang,0.0
aplikasi shopee emang buruk soo tentu dia ganggu aktivitas chrome aplikasi lain muncul shopee mana mana apa laku kah aplikasi nya tapi bikin kesel tau aplikasi lain bisa buka udh jam sope biadab,0.0
sangat puas shopipay,1.0
belanja puas,1.0
adain qriss metode bayar plis kalau langsung bintang,0.0
jauh produk sangat bagus sekali moga terus tahan kualitas karna puas langgan jadi prioritas utama nyesel belanja toko,1.0
thank you shopee enggak bisa jadi jalan solusi saat orang sekitar hanya mampu beri kata sabar,1.0
aplikasi shopee sangat bagus sangat bantu sekali,0.0
aman amanah,1.0
aplikasi nya mntap produk barang nya lengkap apa aja pasti gratis ongkir,1.0
tangan dalam selesai masalah sangat lambat tele tele,0.0
pihak shope nelponin mulu nawarin spaylater gaaannnggguu,0.0
aplikasi sangat kurang recommended kirim lama kalau memang nggak sanggup ngirim banyak barang pake expedisi spx sendiri nggak usah sok sok pokok jelek banget,0.0
tolong shoope foodnya baik masak udah sering pakek alamat rumah malah terus ubah ubah aplikasi jdinya makan nyampek malah rugi boncos,1.0
tolong dong min suka nipu ngirim barang beda dalam foto ngoto kalo dia slaah ben aja,0.0
ngelag banget anj padahal jaring bagus,1.0
aneh kebelet haji kah sampe mana mana iklan apk mulu sebel gue bisa sih gausah terlalu iklan mana mana muak gua liat tiap mau web apa pasti shopee trs semua orang juga tau kalo belanja pasti toko oren,0.0
manghantui semua aplikasi,0.0
shope aneh driver shoppe hanya jalan tanggal april tanggal april mau pakai lagi akun driver suspend alasaan terlalu banyak pilih order kocak,0.0
terlalu ribet tarik saldo harus guna verifikasi ktp tidak nyaman sebar identitas pribadi,0.0
belanja gak ribet,0.0
pesan aja tolong kurir kirim masalah suruh risen ajaj banyak kurir sopi nyeleneh kurang ajar,0.0
tidak bisa klaim koin shopee live sejak tgl april sekarang muncul pesan gagal klaim koin aktivitas curiga akun padahal belum bisa telah update malqh bisa klaim sudah update shopee juga masih bisa ngikuti semua tunjuk shopee juga masih bisa klaim koin shopee live,0.0
sengaja kasih bintang lima biar baca kenapa metode bayar ubah ubah dua kalau nempatin toko bener kemarin beli handphone sama sekali bisa pakai akhir servis keluar duit lagi dua tolong beritahukan buat dagang online kalau langgan beli suruh tutur kata sopan terimakasih akhir sini kelar barang semua kirim cabut shopee inti kecewa banget padahal langgan setia beli tiap minggu,1.0
aplikasi belanja online percaya,0.0
kirim tepat waktu kurir cukup ramah ckp profesional,1.0
apk online shop yng turut bagus banget kirim cepat sering ngadain promo ongkir juga murah benget malah kadang gratis ongkir rekomendasi,1.0
paling males klo belanja cas trs pakai jasa spx tanpa konfirmasi tiba pemberitahuan beli jadwal ulang kirim mudah itu kurir ubah putus bener manajemen bobrok jasa spx,1.0
sangat suka sekali,0.0
sukses banget mudah cepat,1.0
aplikasi baik belanja semua butuh,0.0
bagus banget tidak kecewa,0.0
cocok barang cocok harga,1.0
aplikasi keren,0.0
kurirny suka ngomongin apa slah klo suka belanja online males mau belanja online,0.0
ngk nyesel nunggu lama rasa nya ngk kecewa,0.0
sekarang sudah mantap banyak gratis ongkir nya good job,1.0
pas jalan cukup lama malah cancel sama shoppe langsung emang aplikasi jelek guna uang nya ikut hangus jangan download aplikasi kalau tidak mau rugi pas beli sesuatu lagi malah ngelag padahal sinyal masih jalan emang aplikasi gila mana ongkir mahal gratis ongkir paling cuma ribu,0.0
pkkny aplikasi bguss bngtt dehhhh bhkn ska skli belanja aplikasi ini,0.0
kadang ketik search muncul nike padahal gua ketik bos,1.0
bagus banget suka belanja,1.0
malas sama shopee sekarang kembali barang jadi sulit kalau gin cara gimana orang bener bener dapat gak sesuai return nya coba ribet gin,0.0
shopee lama bener sangat bantu blnja online aman percaya,0.0
aplikasi enak banget pake buat pesan online,1.0
kirim lambat selalu lewat waktu estimasi kadang kirim tunda sampai gagal kirim barang kembali kepada jual lagi telah sekian lama nunggu kecewa banget sama spx shopee cht shopee pun percuma tidak hasil seperti masalah kemarin,0.0
kasih tiga bintang dulu soal nya takut ngk antar lagi pesan dasar kurir ngk tanggung jawab juga ngk bisa cod lagi padahal ngk pernah retur,0.0
terlalu lambat kirim,0.0
belanja shopee mudah amanah,1.0
good pokonamah,1.0
pesan sesuai ingin jasa kirim tepat waktu toko sangat amanah,1.0
aplikasi bagus tapi sekarang kalo beli kuota batas bisa lebih tidak seperti duluu sedikit kecewa,0.0
sangat simpel bantu bagi guna sayang sering trobel terlalu banyak iklan gak begitu penting buang saja fitur receh tidak penting agar tidak sering error,0.0
sangat bagus jadi tempat belanja,0.0
sementara aplikasi commerce msh baik indonesia,0.0
semua baik moga sopi selalu amanah bicaksana setia dalam layan indonesi bahkan duina,1.0
aplikasi paling bagus turut antara aplikasi lain guna lama aplikasi shopee nih sangat bantu cuma bisa ngucapin terima kasih banyak sama cipta aplikasi nih,0.0
aplikasi sngt bagus,0.0
aplikasi sangat bagus sekali belanja online murah,0.0
kirim lama kayak hampir bulan paket belum datang,0.0
bahan nya bgus cantik,0.0
shopee tipu barang beli rusak aju kembali barang malah tolak sudah kirim video barang bukti malah aju tolak uang gak kembali jangan mau belanja shopee banyak tipu,0.0
ganggu bgtt iklan nya mana padahal udah jadi aplikasi besar masih aja iklan banyak mana,0.0
ketika kirim pakai spx standart harap cepat tiba barang penting mau guna nyata jadwal kirim tiba paket sama saja kirim gratis ongkir paket sudah tiba kota tuju tgl sampai hari belum antar alamat,1.0
kirim lama,0.0
tidak nyaman video langsung play saat buka aplikasi,0.0
sesuai,1.0
jika tagih pinjam jangan keluar kontak darurat,0.0
shope makin sini makin kacaw semua serba sistem pun pake akhir sistem nya jadi bobrok banyak seller nakal argo driver masuk akal complain costumer tanggap oleh akhir masalah tak selesai pesan hanya satu bebenah belum punah,0.0
cepat tepat percaya,1.0
risi bngt tiap mau milih produk mesti aktif gps apa apa ribet udah kaya aplikasi ojol aja wajib gps,0.0
mohon bantu sudah berapa tahun aman kok bulan beberapa check out kok tetap tidak bisa mohon koreksi,0.0
aplikasi bagus tapi tolong iklan rangin masa udah pencet tanda masuk shopee mulu kesan kaya maksa udah mah iklan muncul kali kali walaupun tuju liat promo juga gak gitu juga cara iklan bisa kali mencet kalo salah pencet langsung apknya,0.0
terlalu banyak barang bengkalai lama kirim oleh spx,0.0
benar nya aplikasi nya bagus mudah belanja tapi sayang nya jasa kirim nya sekarang lama bgt dulu paling lama hari kaltim sekarang hari belum datang status masih proses,0.0
suka bisa jadi media jual bagi orang sedang rintis tetap semangat dlm jual pantang serah kawan,0.0
sering tiba tiba pindah shopee saat sedang aplikasi lain,1.0
shoope tolol baru download mau gunain voucher guna pertama dapet harga murah masa mau blokir jelassss,1.0
tolong bug eror ketika lagi seach produk arah shopee video tolong benerin biar ngaco,0.0
eror lgi nyebelin bngt,0.0
harga smkin gak sesuai dgn tera ketika mau bayar,1.0
uninstal nih apk kaya anj maksa masuk keshopee,0.0
barang sesuai bagus,1.0
tolong lah forum diskusi soal kembali barang jelas bukti bukti udah kasih tapi gak kunjung gerak udah lewat tanggal paling lambat apa nunggu bukti jual bakal gerak lah orang jual nya tipu,0.0
tempat blnja murah bgsss,0.0
bagus apknya tapi banyak iklan ganggu banget apalagi kalo baru main game tiba tiba iklan terus gamenya close ganggu jing,1.0
bagus aplikasi sangat bantu bagi kaum mageran mau belanja luar,0.0
suka shopee udah lama banget dalam tangan refund barang shopee the best deh puas banget cuma sayang kumpul koin sekarang malah makin sedikit hanya koin dalam ulas banyak tidak koin juga,1.0
bijak shopee rugi beli masa barang pesan udah mandek mgg gudang shopee tiba batal shopee trus shopee mau ganti rugi akan ada naik hrg barang sama janji mau ikan voucher tiba besok nya bijak nya hapus ngeriiiii shopee jadi commerce tipu hati hati kalau mau belanja dishopee,0.0
sangat bantu sekali app,0.0
suka nyemak mana mana sangat sangat menggangu kek jajah aplikasi lain krna orang males buka aplikasi iklan shopee nya,0.0
woy spx masuk jam pagi gua lagi ngalong food gila toko mana buka sopi sistem bobrok gak bisa kenal waktu batas waktu sistem minim banget,0.0
shopy tolong jelas kenapa kalau beli shopy kok harus byr pakai vocer sesuai harga awal,1.0
buruk,0.0
oke,1.0
sudah tahun tahun pakai aplikasi shopee neng sih belanja jadi mana mana,0.0
selalu pake shopee aman aman kurir nya tepat waktu,1.0
lebih mudah cari barang butuh,0.0
ganggu banget iklan nya,1.0
penuh semua butuh,0.0
apresiasi atas semua layan shopee tapi minta tolong betul betul jangan munculin iklan terlalu serakah contoh klo kita mau download apa tiba skip gara arah shopee mau download muncul shopee mau muncul pencet iklan shopee terlalu bnyk lah iklan tolong lah jangan serakah iklan ngk gitu juga lah,0.0
pokok nya keren deh aplikasi shopee,0.0
mantap lah pokok shopee nihh,0.0
belanja tapi expedisi nya sangat telat terus lonjak tanggal sekian jadi sekian bahkan lewat tanggal jatuh tempo nya tolong kroscek lagi expedisi nya,0.0
udah lama banget eneg sama iklan produk cushion sama lippie merk tentu aduh turut ganggu tapi sekarang iklan dah ganti lyodra oke bisa terima,1.0
shopping bagus tapi kecewa sama tukang kurir pada hal barang sudah sampai tetapi tidak telpon malah main batal saja mentang mentang cod main batal makin lama jdi kecewa sama tukang kurir,0.0
amanah,1.0
layan baik hanya saja aplikasi lot padahal sinyal wifi bagus tolong baik kualitas nya agar kami tidak pindah toko,0.0
shoope tempat jual beli percaya mantap,0.0
tidak bisa laku bayar lalu transfer bank kira kenapa,0.0
makin kesini makin aneh dah pengirimanya,1.0
kocak,0.0
barang sesuai pesan,1.0
terus murah,1.0
vchr shopee tanam telat teross bikin salah tanam suu niat bikin vchr murah maks gak sih kalo klaim dapat pake iphone doang android mau klaim dah habis shopeemall kurir spx pesan rusak gak mau tanggungjawab ganti barang kembali dana vchr hangus baru beli minimarket udah kena limit beli minimrkt gak bisa cancel blok harus pake tunai shopee nyusahin aplikasi paling ngefreeze berat lot mengecewakaaan,0.0
shopee pernah ngcewain emang tempat blanja line percaya tpi kpngin dong free ongkir stiap blanja gmn cranya skrang udah platinum selalu gratis ongkir the best,1.0
barang pesan kadang tidak sesuai barang pesan,1.0
mantab lmayan puasa lah jooss josss,0.0
sangat baik sangat bantu semua butuh dalam sini,0.0
plislah usah shoppe tanam perang kaga adil tau,0.0
sangat tidak bantu kurang profesional dalam kerja tugas tanggungjawab sangat kecewa layan lebih lagi waktu buang buang sangat butuh pertanggungjawaban atas perihal,0.0
aplikasi tolol jngan banyakin iklan gue gak butuh,0.0
bagus sesuai puas,1.0
pelit voucher gratis ongkir sekarang pindah toko belah voucher non shoppay,1.0
sistem makin bobrok kirim instan makin lama,0.0
ongkir gratis candu candu,1.0
datang lama,0.0
sangat puas,1.0
pesan lambat hari langsung dapet voucher syarat harus belanja atas apakah timpal turut sih gak pesan kirim jual tgl nov estimasi sampai awal tgl des lalu ubah tgl des lalu ubah tgl des minta solusi pihak shopee cuma auruh tunggu sih bukan solusi nama kasih bintang krn baru alami kendala spt kali auto bintang anggap aja voucher akibat lambat cuma iming,1.0
banyak diskon klo belanja shopee best shopee,1.0
moga shopee lbh menghadirkn harga murah biar bisa bantu para langgan kelas bawah amin yra,1.0
bantu banget buat kami sibuk gak waktu buat keluar,1.0
pesan selalu lewat estimasi lama,0.0
cukup bantu serta efektif dalam transaksi produk butuh,1.0
kok makin mahal belanja shopee dulu neng belanja shopee krn byk gratis ongkir skrg mahal banget,1.0
mudah paham,1.0
makin ribet segala verifikasi manah gagal mulu,0.0
biar bintang bicara,0.0
shopee mangkin kesini mangkin beres kadang barang rusak barang bekas dulu lazada pindah kesini gara gara shopee bagus sekarang udah kurang laah,0.0
hadehh mau login ulang aja susah login lewat password pas udh lakuin suruh scan sedang cara scan aja harus apk dalam shoope nya gajelas makin lama sistem,0.0
hati kalau belanja sini barang tidak sampai minta kembali dana nya sulit uang punya langgan minta kembali gak kasih ampo nama nya,1.0
sering kasih voucher yaaa,1.0
kalo naruh iklan bener lah jangan silang nya kecil gak bisa mencet nya,0.0
sekarang shopee udh dikenakn biaya tangan tinggi bgt knpa mhalnya bhkan lampau hrga barang atau tengah hrga barang bkin males,0.0
plis lah gua lagi baca wattpad gara gara iklan jadi ganggu gua baca,0.0
pusat belanja online baik,1.0
saat tambah foto atau video saat review sekarang jadi susah harus nyari semua file galeri gak bisa filter sesuai folder,0.0
mantap kadang diskon bikin tekejut,1.0
harga murah driver layan nya bagus,1.0
mudah cara belanja ongkir bisa gratis diskon besar besar,1.0
moga makin byk gebrak nya buay para pedang sangat bantu tlng vocer nya lebih dibanyakin lagi kak moga mkin jaya,1.0
paket kirim selalu lewat jauh estimasi kurir nya juga kerja becus paket malah retur enak konfirmasi apa trus tulis lagi nolak paket padahal mereka konfirmasi apa saat ngirim paket gilir hubung csnya malah bantu sama sekali dalam sampe luar becus semua kerja,0.0
kak shopee sekarang negeri waktu wib lapar mau pesan makan tidak soto ayam teh manis tongji buka sekarang terima kasih,0.0
simpel saja aplikasi sangan bagus bagi orang perlu bara,0.0
benar shopee bagus tapi kalo driver shopeefood nya kok suka ngatur castemer nya kadang kalo gak turutin suka caci maki lewat whatsapp,0.0
udaa lamaa makaii shopeee sayangg bangett samaa shopee,0.0
barang tidak sampai malah tetap bayar aju tolak tolak lucu shoppe,0.0
guys ayo rame kasih bintang satu bintang satu shopee guna mitra spx lot ramah luar biasa siapa tau kalo rating shopee drop spx gadipake lagi,0.0
sudah verifikasi akun jelas tapi kenapa tiap belanja selalu harus verifikasi umur jadi bingung,0.0
sejak install shopee laku transaksi pertama kali nomer jadi banyak telpon spam rata kali tiap hari layan proteksi elektornik juga gak guna klaim gak respon sama sekali,1.0
sangat bagus lebih kembang alat canggih tukang kayu,0.0
udh lama pake shpoppie ngk kendala turut,0.0
sopi tidak bisa pakek mesan,0.0
makin lama makin gak jelas paket sudah gudang dekat main kembali jual gitu aja terus turut turut,1.0
aplikasi agak berat,0.0
harga lumayan murah ongkir,1.0
layan makin buruk proses kembali dana tidak jelas padahal barang sudah kirim balik telah terima oleh jual tetapi sampai saat juga dana kembali belum masuk shopee pay tanggal kece validasi seller pun selalu beri longgar mundur terus shopee nya,0.0
layan kembali dana sangat lama tidak tindak sama sekali shopee udah telat apa tampil aplikasi paling lambat tanggal tapi nyata sampai tanggal juga belum kembali dana sama sekali,0.0
mudah bayar tanpa ribet,0.0
semenjak guna aplikasi shopie sangat bantu sekali harga murah ongkir gratis,1.0
shopee tolong aja iklan kalian ganggu banget mana paling ngeselin iklan kalian wattpad org lagi asik baca novel iklan datang bisa sampai kali apa coba gak usah pakai iklan maksa banget coba org udh pada tau shopee apa,0.0
sangat mudah cari barang lain tapi msh byk toko nakal foto produk skripsi ori dtg bukan lebih diselektip toko masuk shoope mksh,0.0
hmm oke deh bintang ubah jadi bintang udah hilang verifikasi gambar tiap kali mau cek etalase bagus kok aplikasi banyak diskon pula kalo bisa banyakin diskon nya min,1.0
aplikasi belanja,0.0
sudah bagus cuman kurang ketat atur buat toko tipu masih seliwer,0.0
besok besok kalo ngirim paket cepet lah mas aiya minggu jirr jnt aja hari doang padahal sama smaa tangerang aneh olsop,1.0
harga jangkau,1.0
shopee kurir ujung tonggak usaha kalian jadi baik lah sama kurir kurir banyak pindah arti atur lama rugi kurir baru bentar masuk langsung henti klo begitu terus costumer males lah belanja barang sampai tolong lah shopee koreksi atur gimana cara nya sma enak kurir tenang kerja sana,0.0
pajak makin ngeri ngalah hin jajah voc,0.0
aplikasi the best,0.0
kalo bisa buat fitur grup wishlist agar lebih mudah cari,0.0
mantap lahhhh banyak gratis ongkir nya,1.0
baru item sih tapi sampai saat jual amanah barang datang sesuai pesan,1.0
produk nya bagus tapi mengapa sekarang tambah biaya ukur sus apalagi biaya lebih mahal biaya engiriman,1.0
baik barang cepat sampai sesuai foto,1.0
belanja shopee banget,1.0
kenapa makin kenal paket malah sering lambat paket stuck hub sampe hari bahkan lebih lama lagi,1.0
keren sih walaupon bru pakai,1.0
amanah,1.0
gatau kenapa shopee sekarang kirim lama banget bias gercep lama banget jadi males belanja,0.0
aplk sudah bagus moga kembang,1.0
suka banget belanja shopee lebih gampang,1.0
shopee sekarang jellek boro untung malah buntung,0.0
produk sampai tepat waktu sesuai harap terima kasih sudah layan baik,1.0
kenapa iklan shopee muncul trus saat org beli tempat lain,0.0
kacau shoppe masalah kirim nya,0.0
bagus banyak promo nya pake apk langsung ksh diskon vocer terima kasih,1.0
error tidak bisa buka barang dagang tidak bisa klik beli dll depan fitur video guna samping fitur penting jual beli,0.0
pada semangat sellernya saluut,0.0
cara lunasin hutang playlater akun sudah hilang gimana,0.0
kata diskon ribu tapi pas cek out harga bawah ribu aja gak bisa pakai diskon ribu gimna sihh,1.0
kenapa shope tidak notifikasi shopee nya,0.0
puas banget,1.0
terlalu sering update tanpa tingkat mutu arti,1.0
suka dgn aplikasi,0.0
puas bangettt,1.0
kirim lewat spx lama banget ampe bulan padahal estimasi cmn minggu,0.0
jelek alamat banyak dukung cod ampas bgt,0.0
stop iklan mana shoppeeeee maksa bgt jadi aplikasi iklan terlalu nyebelin,0.0
apakah aplikasi sohpy bisa kasi duit bulan,0.0
aplikasi taik udah lah nglek banget ganti alamat gak bisa untung murah,0.0
alert sub total pesan ongkos kirim sub total kirim sub total ukur khusus biaya admin promo gartis ongkir apa aplikasi tipu banyak oknum saller guna shoppe mall biaya admin apa kerja gak benar aplikasi gak benar gratis ongkir nipu sama aje masung nak ongkir aplikasi tipu,0.0
bad,0.0
sistem mesan shopee food jelek bgt nunggu lama hampir jam malah tercancel,0.0
jelek,0.0
banyak maling nya sekarang shopee entah kurir atau gudang nya paket sengaja tidak smpai beli ujung nya retur barang terima dalam kondisi tidak lengkap acak acak coba usut dong,0.0
suka sen sendiri atau mungkin eror,0.0
tolong dong perbanyakin customer service nya masa mau hubung nya saja harus antri gimana,0.0
iklan nya mana tolong lah kondisi buat susah,1.0
spaylater tidak bisa guna udh tahun lebih padahal semua tagih sudah lunas sudah coba hubung admin tpi nggak bantu,0.0
cepat tepat percaya,1.0
tolong pihak shopee spx kirim pondok kelapa selalu lambat hari hari sampai minggu baru kirim kurir lama pada risend,0.0
shopee oke banget,1.0
knpa daptar akun shopee tidak bisa malah terus muncul tulis akun anda blokir terus min sulusinya dong gimna,0.0
bibit bgs msh segar trm ksh,1.0
shopee mantap sekali tempat belanja online,0.0
tepat waktu,1.0
puas sangat bantu belnja dgn guna shopee,1.0
makin buruk performa shopee tim ekspedisi spx nyaa estimasi paket tiba tidak sesuai denganyg tera ngaret nya sampe hari jadwal estimasi cek status kirim nya tunda kirim ama kurir spx nya noted bagai beli tidak lokasi atau tidak bisa hubung padahal lokasi jam pagi sampe jam malam terus gak komunikasi pihak kurir sebut mending beli apk lain makin parah ajah shopee,0.0
kok gak bisa cek out akun baru tulis nya aja apa dah lah,0.0
kurir kenapa kirim salah alamat harus baca alamat detail,0.0
iklan tolong sya lgi asik asik baca wattpad terus terus pindah apk shoppe,1.0
belanja mudah lengkap sesuai ingin,1.0
shope buruk syaa ngajuin kembali barang dana malah tolak sama kalian udah jangan mau belanja lagi pakai shope sekarang shope tdk bagusss lagi kalau barang rusak atau sesuai mereka mau tanggung jawab,0.0
karna produk selalu aman bagus,1.0
pernah dapat barang sangat sesuai,1.0
shoppe sangat jaga aman akun guna coba bobol akun sangat sigap tangan kasus puas layan shopee,1.0
tolong dong live video jangan tampil awal buka aplikasi sangat ganggu banget apa lagi kalau susah gulir,0.0
rekomen banget beli barang online shope karna buat lebih enak beli shopee pada apk lain lain nya,0.0
banyak pilih barang banyak toko shopeefood shopee pay nya juga andal sekali,0.0
shopee sekarang udah mulai ngelunjak,1.0
oke banget,1.0
lama datang barang,0.0
neng banget belanja shopee,1.0
telat hari bayar tapi akun beku udah bulan lebih gimana shopee pasti udah bayar semua tapi masih beku kalau emang gak niat minjemin atau pay later baik jgn adakan dua,0.0
selalu tepat waktu kurir toko amanah keren pokok,1.0
nyata kecil muat harus xluntuk lebih bagus cacat,0.0
ayo bisa kenapa akun ndk bisa daftar tapi shopee,1.0
kirim tepat waktu sesuai estimasi,1.0
shopee senang tapi kalau boleh layan lebih tingkat lagi utama estimasi waktu kirim agar lebih baik,0.0
aplikasi iklan pop paling ganggu orang buka aplikasi apa aja langsung lari shopee,0.0
nyocok buat butuh hari hari,1.0
oke pokok,1.0
kembali batal pesan shopee food masa cuman detik mana sempat baca alamat,0.0
pesan sesuai,1.0
kalau beli barang lum bagus lah,0.0
saat enter selalu search iphone bug atau apa sih saat mau input barang dll,0.0
punya ide shopee kalau game mario pasti seru jika hadiah banyak koin atau vocer belanja,1.0
shopee babi kayak mana lah kok ribet banget udah verikasi lewat nmer masih juga minta verifikasi lewat email masalah gua lupa email nya makan bintang satu,0.0
lama make aplk soal harga kadang emang beda minus tapi banyak estimasi awal tgl sekian tau ubah otomatis molor tglnya aplk nomer telp kurir bisa hubung belum kirim misal cod tiba harus keluar rumah kan lama tetangga dititipin terus dia juga punya perlu udh sering lewat magrib masih blm sampe juga pakettttttttt,1.0
aplikasi bagus cuma pengembslian dana tele tela sangat lama lebih mereka aju akan tidak tanggung jawab sama sekali respon sangat sangat lambat,0.0
oke bagus banget,1.0
mudah buat blnja,1.0
oke banget,1.0
mantap kualitas,1.0
beli shopee lebih murah cari bang juga lebih mudah,0.0
ongkir nya murah kadang paket cepat sampai mantulll dah,1.0
mantap bos,1.0
alas apa kok bikin lemeotttt banget asal mau clik coba lagi bintang,0.0
aplikasi jelek banyak iklan,0.0
respon cepat mksh shopieee,1.0
skrg apk shope jdi makin mantul krna makin mudah neko kucing dll makin suka blnja dsni brg dtg selalu bagus tidak kecewa,1.0
jadi salah satu raja iklan indonesia muak apa pasti alih shopee mau maen game atau link mana muak muak muak males gua liat shopee rugi resah,0.0
shopee indonesia memang top mudah mudah bisa tambah limit biar bisa belanja terus,1.0
kirim lama sekarang,0.0
amanah percaya,1.0
makin kesini makin keri belanja sini padahal toko official tapi barang datang sering sesuai udah bosen sama retur barang exspedisinya banyak amanah,1.0
kirim shope jelek banget sekarang pagi sampai malam kirim kurir mulu sampe sampe padahak cuaca cerah klo hujan maklum customer service jawab otomatis semua seruh colek apa percuma komputer jawab,0.0
harus shopee bintang enggak bintang aja,0.0
sngat bantu nya aplikasi shopee produk pesan semua nya sesuai produk luncur sesuai dengn kebutuan kita ucap trmksh buat shopee,1.0
akun shope tapi udh gak gmna cara login nya pake email gak bisa terus,1.0
guna baru pasti lebih untung,1.0
alam guna aplikasih shopee sangat bantu butuh kita,1.0
knp lagi aplikasi shoppe kenapa tiba tiba harus bayar paylater gak minjem gak pesan apa tagih sih apa jangan jangan bocoron akun nya serius tanya knp harus bayar,0.0
rasa bnr bantu,0.0
banyak tipu barang tidak sesuai deskripsi toko toko laku tipu harus kasih tegur bila perlu keluar aplikasi,0.0
aplikasi nya bagus bangt,0.0
puas banget,1.0
belanja sini sangat enak biar bisa beli apa kecuali mau beli alat sekolah langsung sini aja lebih peraktis lebih mantap biar tidak abadi dekat pasar sini aja langsung datang sesuai jatwalnya seru kannnn sih beli sini aja peraktis,1.0
shopee tapi sayang shopee paylatter tidak bisa pake,0.0
sering dapat diskon pesan barang cepat sat set,1.0
senang dgn layan karna mudah belanja dgn harga sesuai ingin,1.0
sangat bagus barang murah murah diskon,1.0
layan sering lambat,1.0
aplikasi nya sangat bagus sangat bantu sekali,0.0
shopee kecewa tidak bisa percaya mau balikin barang cacat mala dapat notifikasi barang tidak dapat kembali uninstall uninstall,0.0
sudah capek sama aplikasi layan kurang barang tahan sampai hingga hari komplain jawab muter muter estimasi ganti enak jidat kasih masuk malah makin parah telah jadi udah pindah toko belah saja udah ngk bener aplikasi tolong ekspedisi anda tutup saja udah dua minggu mesan barang belum datang juga tanya buat belit belit padahal aplikasi toko udah bagus hanya saja jasa kirim nya buat jelek aplikasi,0.0
terlalu ribeet,0.0
maf retting nya kurang awal nya bgus sih pakai apk tapi lama kok apk nya kyk bujang tmpt bayar utk cod nya udh ngk hrus dlu atau pakai spayleter,1.0
cocok harga sama barang nya,1.0
kenapa sih shoppe saldo shoope pay masih cukup utk bayar barang kok bisa guna sekarang pengirimanya kok lama biasa hari sdh sampai sudah masuk hari nyampe tolong baik pengirimanya sekarang tambah lagi kirim khusus kemaren barang kayak lemari kirim khusus sekarang pakai kirim khusus harga nya mahal lagi pengirimanya makin lama makin rada shoppe baik lah shoopeeeeee,1.0
sub total pengoriman khusus sangat tidak masuk akal susah sekarang belanja barang berat besar misal harga sub total kirim jadi tengah harga barang beli kalau gin shopee gak bisa harap lagi belanja barang berat kecewa,0.0
jangan pinjam uang shopee jelas bayar tagih mulu padahal bisa bayar perlu kasih tau kalo memang sudah punya hutang pasti bayar,0.0
bagus bisa pesan bagai macam barang aman,1.0
bagus tapi sayang daftar paylaternya tolak trus padahal guna aktif tiap bulan belanja bisa juta,1.0
kirim via spx sangat buruk status barang sering stuck sampai hari hari bahkan sampai minggu minggu moga bisa baik,1.0
penting amanah shopee emang the best,1.0
suka tapi pas lagi dapat gratis ongkir tuh gak bisa pencet beli tulisanya tuh mohon maaf anda dapat ongkir lebih mohon pesan batal kan jika tidak akun anda akan blockir,0.0
sangat sayang padahal dulu apk bagus loh kenapaa sekarang bisa cod lagi kecewa,0.0
terlalu cepat batas waktu nya telat dikit ambil paket langsung kena retur ngk seperti dulu kasih batas waktu hri klo sekarang cmn tengah hari,0.0
belanja murah shopee banyak bonus voucher gratis potong harga serta layan customer service cepat respon solusi baik terima kasih shopee,1.0
aplikasi nya bagus harga harga juga lumayan murah tapi pliss lah kok tiap mau buka apk lain muncul terus iklan shoppe padahal gak mencet tombol apa apa tiba tiba langsung masuk apk shoppe,1.0
baru saja instal buat akun baru tapi fitur cod tidak aktif cod sgt bantu sekali tolong donk pihak shopee agar diantifkan lagi cod nya,0.0
good skrng makin kesini,1.0
knp tetangga punya antar istri terima punya antar dgn alas tdk orang rmh apa sih mau kalian kecewa bgt udh hari masa gagal terus alas tdk orang rmh terus tetangga punya orang titip,0.0
knpa makin lama kirim lokasi jual bandung lokasi medan estimasi kirim bisa minggu pdhal pesan pakai bukan barang elektronik bsar masuk akal gak kirim dua minggu apa kabar sma org kalimantan sana dua bulan rasa harus kasih bintang jdi kan,0.0
belanja sini lumayan asik cuman malesnya saat search barang kadang malah alih barang random sendiri contoh malah suruh cari iphone padahal gak cari tolong klo mau promosiin barang lain jangan maksa mulu,0.0
aplikasi jelek optimisasinya terlalu banyak fitur tdk guna sehingga malah berat performa aplikasi pada handphone,0.0
tidak pernah kecewa,0.0
belanja mudah murah produk kualitas penting gratis ongkir,1.0
tolong cantum juga nomor kurir antar paket agar langgan bisa hubung,1.0
moga aplikasi tetap lancar makin banyak harga promo,1.0
memudahkn belanja butuh perlu,1.0
sdh tahun tahun pakai shopee tapi belakang bukan hanya tapi teman teman banyak ganggu video live tiap kali buka aplikasi shopee kadang posisi vokume full trus tempat umum dalam gedung orang langsung toleh sangat ganggu muncul lagi telah beberapa bulan tidak muncul kadang life pakai musik wooooow,0.0
tidak transparansi ulas tau rating dri langgan utama shopeefood harus resto juga beri sempat untung beri bintang ulas pad langgan enak jidat beri bintang seprti aplikasi lain nilai pelanggn harus bagaimna pun aplikasi pihak slh satu saja hanya penting kpentingan sendiri saja,0.0
bagus banget,1.0
kasih pihak exspedisi shopee kirim lama terlalu sering muter udah kali pesan barang biasa cuma sampai hari hari baru sampai wilayah kota udah dekat malah bawa jauh lagi,0.0
jauh shopee pling ngebantu,0.0
neng banget shopeee,1.0
mantap sesuai pesan,1.0
sesuai pesan tepat waktu,1.0
tolong jual harus transfaran sering jadi barang pesan tdk sesuai merek jual sesuai merek walaupun abal abal merek tetep jujur utama guna tanam percaya,1.0
produk bagus paling suka dgn layan free ongkir,1.0
dapat info kalo akun blokir telah laku review nilai apakah tipu jika tipu mengapa dapat mudah masuk shopee tolong baik agar tidak customer shopee alami tipu terima kasih,0.0
slalu lot buka aplikasi padahal jaring sinyal sya bagus,0.0
shopee layan nya makin lelet wkwk mau kembali barang barang jemput jemput banyak sekali alas costumer service sudah beberapa kali buat lapor bahkan lebih kali gaada gera apa apa padahal guna lama shopee tapi sekarang banyak kecewanyaaa,0.0
lama pesan sya selalu sesuai tepat waktu trims shopee,1.0
bagus juga tidak banyak ongkir nya,0.0
aplikasi nya bagus bangett gak pernah kecewa klw blnja shope,0.0
sangat puas belanja copy,1.0
cara garis besar shopee indonesia service nya sangat baik sisi harga kwalitas barang maupun delivery hanya sedikit kritik utk shopee masih beberapa supplier nakal sering kirim barang pesan tidak sesuai deskripsi tawar contoh jual bibit tanam hanya kirim batang tanam pangkal tanam sebut balut tanah liat basah campur akar serabut utk kamuflase olah olah akar tanam sendiri padahal telah cermat hnya batang,0.0
telah kami alih belanja shopee rasa makin nyaman,0.0
kirim kurir lama pollllll,0.0
ngereating tokoh malah hapus rating lol,0.0
aplikasi shoope sekarang kurir tidak pernah milik tanggung jawab dalam perihal jalan tugas bagai kurir ekspedisi shoope express banyak kurir gambang dalam perihal sebut sudah pernah alami cod maupun non cod,0.0
tolong min banned atau hapus akun jual nakal atau rugi barang tidak sesuai kasi beli tidak tahu juga banyak notifikasi orang nipu dishopee suruh login,0.0
jangan mau pake shopee kurir nya kabur bawa barang nya lapor nya barang telah sampai tapi dana tidak kembali oleh shopee amatir tim shopee nya template kerja gabisa atas masalah tidak solusi harus rombak ama tim nya pada gabener kerja,0.0
sesal baru akhir akhir guna aplikasi produk nya banyak voucer diskon banyak spaylater nya bantu belum lagi gratis ongkirnya pokok baik aplikasi,1.0
belanja kdng kaget krn kdng sesuai apalagi ukur kdng beda jrng trjadi tipu buat setia belanja online shopee,1.0
sumpah benci banget gak mesen apa apa tiba tiba paket harga nya lumayan pas liat story belanja padahal aja jarang buka shoppe udah bln yng lalu sekarang apa anjir,1.0
kasih bintang supaya tidak buat org bertanga kenapa masuk top shopee skrg lama bener masuk nya top sdh hampir jam blm masuk udah hampir jam isi saldo shopee pay top blm juga masuk tolong kerja sama nya,0.0
aplikasi nya cakep kembali barang tidak susah mantap,0.0
hati klo ngirim uang shopee estimasi kirim suka lambat kadang sampai hari,1.0
baik pakai,1.0
saat cukup bagus belum tau depan moga saja akan makin bagus bagus lagi,0.0
kecewa kali pihak spx belum terima paket tapi banyak sekali alas customer tidak bisa hubung alamat salah bagai alas lah lah padahal paket sudah lama tunggu penting sekali malah kembali jual oleh pihak spx harus tunggu waktu lagi kembali dana sengaja bayar lalu biar datang cepat sesuai estimasi malah kek gin jadi tolong pihak shopee kerja sama baik kecewa sekali,0.0
sekarang kenapa paket lama banget nyampenya udah hari belum sampai,1.0
bagus simpel,1.0
aplikasi bagus cepat layan respon bagus praktis buat belanja terus rekomendasi pokoke,1.0
amanah,1.0
ngasih voucher pass pake barang cancel terus jangan terima jual seperti percuma kita punya voucher jadi kepake,1.0
spaylaternya genah jatuh tempo rugi konsumen pesan tanggal april jatuh tmpnya tgl aprill gmn aturanya mei nama bulan bkn dua minggu,0.0
mantap banyak gratis ongkir nya,1.0
layan spx express buruk paket tidak sampai sudah minggu,0.0
lelet kirim nya udah gitu fitur buat chat kurir,1.0
kenapa shopee sekarang ongkir nya enggak ngotak harga malah jadi,1.0
saat ken beli sesuatu tapi nggak tahu beli mana udaah nyari nya shoopee lah,0.0
belanja apa lebih mudah,0.0
sangat puas dang sagat bisa ansalkan,1.0
coba tambah fitur gambar rumah isi alamat pasti lebih keren lagi lagi tuh kurir salah sasar dalam kirim,0.0
kurrir shoppe pada stress gamau anterin sampe rumah malah paket mahal terima orang padahal paket suruh ngambil sama kurrir nya tpi jauh banget kan tugas kurir nganterin paket sampe depan rumah enggak trus paket bedak dia nyuruh ngambil bawah trus nolak soal cuaca juga lagi bagus tpi dia gamau sampe sekarang paket kirim tpi sama dia nggak retur jdi sekarang pindah tiktok shop,0.0
amanah percaya,1.0
sumpah asli kasih bintang gara gara iklan shopee malah nambah stress dah tau lagi lose strek malah tiba tiba keshopee,0.0
sgt memuaskn blanja shopee bnyk amanah tpi knp shopee riwayat pesan bisa hapus,1.0
kenapa sekarang shopeefood nya mahal bgt beli makan harga kena ongkir biaya layan padahal jauh bgt kok warung lebih mahal ongkir sama biaya layan dri pada harga makan mau dapet voucher gratis ongkir pun cuma ngurang doang tengah harga sama harga makan nya,1.0
umum barang pes sesuai harap hanya sedikit luar kira,0.0
mantap manfaat,1.0
mksh smg pupuk hasil slm jual shopee sks slu,1.0
kali beli cod tidak konfirmasi tiba barang batal alas kirim gagal,0.0
sangat bagus pilih toko byk bisa pilih paling mahal mana,1.0
anak sering belanja,1.0
bagus sekali,0.0
estimasi kirim sua barang kirim sesuai pesan,1.0
spx hancur buang spx shopee jalan jaka jambi sampai hari akhir cari barang lokal provinsi tambah parah hanya jarak beberapa kilo jalan sampai hari estimasi tanggal datang tanggal bonus gak bisa cair harus belanja barang itu gak sua barang bisa blacklis spx percaya atau tidak nanti pihak developer pasti minta username nomor pesan pura pura cepat tanggap gak pernah ubah,0.0
sangat puas belanja shoopy barang banyak pilih harga nya lebih murah serta proses retur barang juga cepat,1.0
kenapa harus blokir cod nya padahal ambil semua pesan mgkn hanya dua barang tdk ambil karna masalah tau nya shopee langsung blokir bisa liat mungkin beli syaa banyak jgn sekali ambil barang langsung hapus cod nya aneh masih untung belanja aplikasi,0.0
bisa belanja bisa nonton live,1.0
bantu dagang,1.0
harga mahal,1.0
kenapa sih sekarang kalo mau upload foto atau video batas jadi serba salah karna bisa upload karna sesuai mau refund atau kirim review jadi susah,1.0
beli pulsa sungguh lama ampe jam mohon perhati,0.0
mudah cepat aman lama beli teliti belum membrli,0.0
tolong video live jangan orang slonong main sendiri tanpa tap,0.0
sangat baik bantu sekali dalam belanja online,0.0
alhamdulillah akhir shopee makin bagus sangat bantu perlu baik adalah bagi para kurir nya jgn terlalu tunda kirim atau jgn arang lapor terima tolak barang padahal rumah alamat terima aja belum,1.0
sangat bagus baik sekali,0.0
sangat puas mudah guna,1.0
aplikasi suka belanja online,0.0
banyak barang tidak bisa cod malu tenggara,0.0
mudah belanja tanpa harus buang waktu,0.0
good job,1.0
sangat bagus gampang cari barang perlu kalau bisa semua barang bisa jual shope tanpa kecuali,0.0
layan dalam kembali hak konsumen saangat kecewa tifak baik aju dana refund tiket peswat tanggal februari april belum juga kembali kalian tahan hak hak konsumen,0.0
sangat bantu ketika kendala akses utk offline tks shopee,1.0
belanja sudah lama shoope baru kali nungguin paket transit tengah bulan lama nya harus pihak shopee baik pihak kerja lapang kecil apa pesan wajib aman kan rasa aneh banget nunggin paket sampe tengah bulan lama mana pihak gak jelas,0.0
alhamdulillah amanah,1.0
buat belanja masih oke lah buat jual potong parah,1.0
benci banget neken apa apa pas buka tiba tiba langsung masuk shopee guna iya aplikasi tapi rage bait banget anying,1.0
tolong dong buat kirim paket intan join sengat mitra lain jangan ngandelin driver shope pada malas semua dapat order bukan ambil malah ngurus konsumen cancel order,0.0
mudah belanja tidak perlu repot datang toko,0.0
shopee nya sih oke aja spx hemat nya banget barang nyampe walo dana kembali bikin ribet mesan ulang kali notif barang ada mana update lamaaa usaha kirim punya shopee sendiri kaya gitu sesuai nama besar shopee bintang pokok nya,1.0
tetep percaya langgan,1.0
jauh,0.0
oke lumayan bantu,1.0
barang jual sesuai expetasi bantu jual toko,1.0
kalau mau download google lari aplikasi,0.0
mes barang jasa sameday tapi tidak datang pada hari sama sudah keburu balik kota asal esok hari minta uang kembali tolak barang sudah terima padahal tidak terima sudah lokasi asal terima kasih shopee anteraja sudah cukup sekali aja kalau memang fitur same day tidak same day tapi malah next day mending hapus saja kalian baru saja user,0.0
aplikasi ganggu privasi hati hati aja kalian kalau kita isi pulsa nomor oranglain nomor orang kait pinjam dishopee pasti debcollector nya ikut chat kita juga benci banget tolong shopee harga privasi orang woy gak semua oranglain mau disangkutpautkan aplikasi tidak mutu,0.0
pesan sampai sesuai pesan cepat,1.0
hamaaa udh laku ngapain bikin iklan semua aplikasi hama kali rasa,0.0
estimasi datang barang hari datang nya minggu parah,0.0
bagus gak nyesallah pokok beli dsini bagus lembut baju,1.0
kurir spx kadang sering tidak sampai antar alamat konsumen maka tolong kepada pihak shopee agar serta kurir status kirim agar konsumen bisa laku panggil chat kurir tidak kirim tunda antar paket,0.0
instan rasa ekonomi kata instan tapi kirim nya rame bagus tokopedia dih kurir harus woy kalo instan kecuali sameday,0.0
top banget,1.0
daftar akun jadi vip tapi makin kesini justru makin mahal vocher rangin padahal sering belanja contoh beli shopeefood pake akun cuma dapet potong trus bandingin sama akun satu lagi jarang pake ehh malab potong lebih gede akun jarang pake jadi asa percuma bayar vip tiap bulan malah makin mahalin kecewa banget,1.0
paylater knpa tolak mulu gua belanja udah juta make shope kikir amat dah,1.0
tiba aja banyak vocer terang tidak laku tidak sah jadi tidak bisa pakai pdhal cek sehat akun aman saja,0.0
aplikasi belanja paling asyik seller amanah juga barang sesuai,1.0
belanja shopper cukup nyaman pesan cepat tepat waktu,1.0
shopee anda bisa diam gak gak usah iklan wattpad segala gak pencet apa tiba langsung pindah shopee tolong yaa menganggu sekali saat baca cerita wattpad bukan sekali kali tapi kali anda selalu muncul padahal tidak sentuh apa,0.0
ikan bintang lima dulu kalau bukti bayar tambah bintang lima lgi,0.0
tambahin fitur bayar pakai aplikasi dana dongg,1.0
tolong hilang cari otomatis iphone sungguh sangat sangat ganggu pas mau ngasih rating beli tiba tiba cari iphone,1.0
lama bisa cod suka shopee udah banyak pesan barang biasa bisa cod tapi skrng knp bisa cod,0.0
good job jauh oke,1.0
janji manis hanya jawab ada sameday bukan hari sama tapi gantung shopee,0.0
halo shopee tolong dong shopee lebih ketat lagi udah hubung terus pihak mengatasnamakan security shopee maupun customer service shopee ancam bahwa akun akan blokir permanen karna kata tidak pernah upload foto video unboxing barang beli sementara pada fakta sering upload foto unboxing beri rating juga mohon tolong segera tindak lanjut org org tanggung jawab seperti jadi buat rasa nyaman thank,0.0
bisa stop iklan aplikasi lain,0.0
jauh bagus,0.0
baru sering tapi kenapa sekarang nama kurir kirim barang sekarang sensor tidak diberitahukan seperti dulu lalu guna nilai apa jika tidak tahu nama kurir kirim tidak efek jera nya kalo gitu nama kurir sudah sembunyi guna baru sering hanya buat habis kuota saja ambil untung doang tapi buat customernya kurang kecewa sekali,0.0
kenapa sih akun batasin trus tadi udah pulih sekarang batas lagi,0.0
selalu rebut apload aplikasi lain bego tahu,0.0
google map kirim nya kurang akurat,0.0
kirim sangat lambat tidak jelas lokasi,0.0
shopee sekarang lebih sensitif masa orang mau belanja saja selalu batal sistem,0.0
spinjam dblokir gara gara telat bayar hari apk sampah,0.0
kata demi aman tapi korban beli sementara jual salah contoh pada jual saran jawab komunikasi lewat chat tapi batas juga kalau banyak chat masuk hingga akun jadi sasar kalau mau tenang pakai lazada atau tokopedia lebih enak nyaman ngk banyak atur pojok diri sendiri salam waras,0.0
pihak shopee tdk beri solusi jika jadi kendala hanya bisa omon doang baik sdm kalian,0.0
tidak pernah gagal belanja aplikasi,0.0
bagus tapi antar aga sedikit lama tpi cod oke lah,0.0
paling benci iklan shopee tampil kan apk lain sangat sangat menggangu gak perlu info apa pun kalo perlu beli sesuatu bisa buka shopee harus paksa masuk apk nya lewat kedok iklan salah pencet auto masuk shopee,0.0
aplikasi shopee paling mudah belanja butuh apa saja toko nya juga pilih amanah,0.0
makin parah masa barng transit sampai hari stuck toko chat respond shoope komplain cuma robot mana bayar cash tau gitu mending cod barang sampai langsung tolak,1.0
antar shope makin lambat,1.0
belanja shoppe sangat bagus kita juga lebih mudah belanja harga juga murah,1.0
belum biasa belanja tapi biasa beli item kecil ongkirnya besar banding harga barang coba belanja sini nyata ongkir murah bahkan kadang free ongkir shopee sdh hadir toko dalam rumah,1.0
kenapa ndak bisa cod,0.0
makin lama layan pun makin buruk juga responny hadap konsumen lama bisa unnistall,0.0
maaf sekarang kasih reting kurang baik soal kirim lambat walupun sudah pake reguler,0.0
suka belanja toko selalu amanah,1.0
kurir amanah baik sopan jujur,1.0
aplikasi biaya layan tidak stabil aplikasi sangat lambat internet padahal device belah pakai internet sama,0.0
kenapa akun gak bisa pakai promo telah guna promo mohon coba promo lain jika tetap lanjut checkout akun dapat blokir mulu padahal akun baru bom pernah belanja tolong dong gmna,1.0
kenapa sih ganggu bgt shopee jadi iklan baru baca wattpad tbtb iklan teruss,1.0
lengkap murah byk gratis ongkir,1.0
shopee sangat bantu semua butuh,0.0
daftar pake nomor knpa bisa kata nomor sudah guna,1.0
shopeefood sekarang bobrok,0.0
lama belanja sophe belum pernah kecew sana muas deeh,0.0
ribet amat downlond verifikasi mlulu prnah tuntas,1.0
shopee bisa gak gak ush ngeselin tiap buka apk gitu trs iklan tba buka shopee padahal nih tangan diem gak nyentuh tuh iklan shopee ttp aja buka ganggu aktivitas orang buat buka apk lain aja baik situ aja sih apknya bagus kok mla lbih suka belanja shopee cuma minus situ aja,0.0
bagus sih knp toko shopee bnyk byr guna wallet dana ovo dll khan mudah bayar buat guna dana,1.0
moga depan lebih baik amanah,1.0
kecewa udah ngumpulin koin banyak pas main mesin capit bayar nyampe,0.0
bisa pake kurir indopaket dong gua mau tas biar tahu gimana cara coba kurir cuma shopee doang,0.0
apk ngeselin banget buka apk lain malah langsung shopee kayak ngapain sih ganggu banget tau nggk,0.0
tolong blokir jual kan jangan cuma beli bisa blokir,0.0
kirim nya lama banget sama pihak shopee gak tanggung jawab,0.0
sesuai amanah,1.0
tolong dong shopee tingkat lagi,0.0
baik sudah sering belanja hampir tiap hari,1.0
jauh sangat bgus,0.0
kasih ulas soal produk palsu jual oleh toko label mall ori kok malah blokir ulas lawak admin aplikasi toko ori kok jual barang tidak sesuai gambar deskripsi kok lindung,1.0
kirim tangerang banjarmasin kenapa lama sekali bisa sampai hari,0.0
terus tingkat puas langgan,1.0
senang pakai aplikasi shopee mudah dalam beli sesuatu barang tapi aplikasi versi baru suara video misi nonton masih dengar walaupun buka menu lain tidak lagi buka video sebut suara dengar latar belakang tau apa bug aplikasi atau masalah,0.0
alhamdulillah baik,1.0
kecewa,0.0
banyak toko nilai bintang tidak tutup oleh shoppee kenapa tolong cek ricek dna tegas laku audit puas langgan tks,1.0
gaksuka pihak shopi belanja shopi barang retur jual uang tidak kembali bagi lumayan bayak kecewa berat hati,0.0
aplikasi sangat bantu dalam belanja online,0.0
benci banget ama iklan,1.0
belanja murah belanja mudah respons cpt,1.0
bagus terimakasih,1.0
kalo gak aplikasi gabakalan bila messen barang random,0.0
praktis jika ingin beli sesuatu,1.0
cukup nyaman jauh aneka produk sangat variatif saing hanya saja produk tentu harus sini nyata ada olshop lain makanya bintang simpan,0.0
pknya jmn puas blnja shoope,1.0
sudah selesai mmng harus ngobrol langsung via telpon dgn bukan via chat dgn,1.0
anda adakan sekarang subtotal kirim khusus akan jadi salah satu turun beli barang besar cara drastis akan alih aplikasi lain voucher sia sia tutup okeh pesan subtotal khusus besar sekian terima kasih moga hapus fitur kami akan pindah aplikasi online lain moga gubris kalau tidak cepat atau lanbat akan jadi awal bangkrut sekarang malah makin bobrok ekspedisi kirim hampir bulan baru datang,0.0
kirim cepat aman daerah tentu mgkin jauh kota sehingga expedisinya tdk cepat hal jarak nya dekat dgn mes,0.0
maksa banget iklan tiba mental langsung aplikasi shopee sumpah ngeganggu banget,1.0
burukk sekali voucher diskon gak bisa pakai padahal akun baru beli pertama belum beli apa aneh banget nih apk spam rating,1.0
kurirnyaaa gajelas paket gatau ditaro mana kurir juga konfirmasi chat,1.0
dua kali kena tipu bye shopee,0.0
iklan ganggu banget masa lagi baca atau nonton lah tiba tiba masuk shopee gak sekali dua kali tiap menit gimana sih ganggu,0.0
aplikasi sudah bagus tapi bisa tidak tambah fitur nama kurir serta nomer nya jdi kita bisa komunikasi kurir lebih dlu mudah cust juga,0.0
kecewa cuma ganti susah log karna verifikasi wajah gagal terus selalu bilang janggal akun solusi paham lagi jadi maksud bisa pake akun nya apa gimana nih apa uninstall aja,0.0
barang stuck sudah minggu kirim malah batal pihak oleh shoope tnpa konfirmasi lebih hati lagi kawan alam pertama shoope seperti,0.0
halo sangat senang guna aplikasi shopee tapi satu kendala yaitu ketika sudah aplikasi update aplikasi seperti makin berat ketika guna padahal sudah selalu sih ruang simpan,0.0
kirim shopee sekarang lama banget kadang nunggu sampe minggu baru sampai itu kirim reguler loh jadi tolong dong perbaikin suka belanja dishope tapi kalau gin malah cape nunggu paket,1.0
sangat puas layan,1.0
sedihh padahal barang udah sampe tapi karna org gada rumah pada kerja malah dibalikin lagi bilang pulak beli tolak hadehh,0.0
kalo mau ngasih iklan mikir dong jangan maksa konsumen,0.0
bantu banget klo soal shopping mah cepet banget habis uang the best pokok shopee mah,1.0
shopee emang mantap banyak gratis ongkir nya barang nya kualitas smua apa lagi skrg bisa cek dlu memang pilih belanja shopee,0.0
iklanny mana anj risi,0.0
top markotop,1.0
shopeenya bagus tapi jasa antar spx khusus kurir sulawesi tenggara kota baubau tidak amanah tanpa konfirmasi selalu retur mengapa jasa kirim lain bisa paket sampai alamat tapi spx bisa tidak amanah,1.0
alam belanja shoppe cukup baik cuma jual sering kurang responsif barang tidak sesuai contoh gambar,1.0
dua kali dalam bulan paket hilang kirim makin lama kacauu auto uninstal pindah toko belah dah,0.0
kenapa belanja shopee sering kecewa kirim sangat lama biasa estimasi datang nya tanggal atau paling lambat tgl nya iniiiiii tgl saja masih stuck blm kirim jadi sekali kali tapi seringggggg capek ngelapor trus nya org beli krn butuh oiiii jgn enak aja mana kurir cantum nama nomor suka aja ganti tau siapa ngirim,0.0
shope bodoh barang pesan batal pihak tanpa konfirmasi,0.0
ketika masuk alamat tiba kembali menu utama,1.0
tiap dapat diskon harga selalu batal oleh toko seperti promo abal abal,1.0
makin kesini makin makin masa bulan gak buka shopee sekali nya buka malah akun keluar sendiri trus mau login lewat whatsapp gak respon whatsapp shopee nya kecewa banget sumpah padahal masuk udah lama pake,0.0
moga makin makin banyak potong harga nya,1.0
gara orang bego gak mau bayar pas paket cod datang sekarang banyak seller non aktif sistem bayar cod tolong kalo ngerti system belanja online belanja warung aja,0.0
simpel guna,1.0
tolong jaga percaya loyalitas langgan dlm selesai masalah antara jual beli jgn sampai beli posisi rugi krn bas opsi atur klaim contoh proses kembali kurang tidak sesuai pesan,0.0
paket stuck semua padahal sudah bayar cash bukan cod kembali dana lama proses akan akan tunda tunda kirim paket lama sampai minggu tunggu padahal sudah bayar duluan harus prioritas malah cod tiba duluan cash malah stuck makin tidak beres shopee spx jadi buat teman teman jangan download aplikasi shopee kalo mau pesan paket lewat tiktok aja kirim lewat jnt cepat sampe sampai hari alam dishope lama tahun,0.0
dulu enak pake aplikasi sekarang sen barang estimasi sampai april undur tiap ganti hari sampai hari cek estimasi nya jadi tgl april barang nya stuck satu tempat tgl udah update aplikasi nya tapi tetep aja gak ubah sekarang jadi was was kalau mau pesan aplikasi online begini,0.0
aplikasi sangat bagus sangat bantu bagi orang memikiki sibuk,0.0
oke banget sesuai dgn pesan,1.0
banyak promo discountnya ongkir banyak gratis moga lanjut,1.0
aplikasi shopee skrng kaya dulu isi toko tipu akun platinum yaitu akun beli tinggi shopee tipu tangan pihak shopee sangat buruk sudah lapor hasil malah bilang belum lapor pdhal udah jelas bukti alas kirim semua,0.0
paket status kirim tanggal april tanggerang banjarbaru tapi tanghal belum gera update sama sekali sekali lapor shopee paket trsb masih gudang tanggerang tetapi lapor pengirimam nya udh jalan apa shopee bisa kah tanggung jawab anak buah kurir sudah laku palsu data hubung paket masih gudang info pihak shopee akan tetapi kurir spx meng update sudah jalan tuju banjarbaru kalsel,0.0
telat beberapa hari aja teror terus,0.0
selalu gak bisa pesan dgn baca anda telah guna promo nanti akun anda blokir pdhl gak pernah pake aku batu juga login lali gitu pas mau pesan,0.0
fitur chat bikin emosi mau tanya stok atau varian jawab muter situ aja sedang sering beli kadang stok atau varian kosong jadi repot cancel pesan tolong baik atau kasih opsi tombol chat jual kadang butuh balas jual langsung kait sedia stok varian spesifik tidak mau ribet cancel pesan waktu tidak hanya aplikasi shopee saja nggak cuma sekali dua kali cancel pesan stok kosong,0.0
tangan shopee nya sangat tidak bantu malah sulit,0.0
makin ribet aja oren makin yakin buat uninstal,1.0
aplikasi sangat bantu dlm belanja butuh tanpa harus keluar rumah sibuk selain bnyk pilih jga diskon harga jga jangkau shopee the best,1.0
puas belanja sini gratis ongkir sering promo,1.0
belanja shopee tuh sbnr nya bagus dagang nya kadang suka ngeselin barang kirim kadang sesuai dgn gambar bom lagi kirim nya estimasi tgl datang nya tgl kalo udah mulai laku pada belagu paling sibuk kurir nya dagang nya shopee nya bom aja ajab bangkrut baru dah mikir,1.0
puas belanja shopee,1.0
pls deh shopee iklan ngeganggu bgt jujur lagi enak baca tiba tiba mental aplikasi lagi baca webtoon alih shopee padahal pencet aja engga suka tiba tiba bgt mana sering bgt lagi gaada menit atau menit lagi iklan terus kembali aplikasi iklan lagi pls tolong bgt iklan ganggu,0.0
shopee banyak barang kosong masih posting kalo bisa pihak sopy hapus akun masih kosong biar kalok barang,0.0
sudah minggu sekarang tanggal spx hub gudang burneh bangkal please mohon atensinnya barang gak antar beberapa kali minggu lalu masih bisa ngambil hub gudang sekarang atur baru kata bisa ngambil bgsatttttt usa antar busa ambil pula makin kacau aja spx,0.0
puas banget pake aplikasih shoppe emng bestt banget,1.0
min mohon bantu tadi gagal updat updat kli nya supaya bisa buka bisa guna belanja onlinen,0.0
kualitas bagus rekomended,1.0
iklan sangat ganggu saat buka situs lain sangat ganggu,0.0
bagus cari barang lebih mudah mau bayar cod ataw ternsfer ribet,0.0
mudah cari butuh keluarga,0.0
aplikasi shopee sangat bantu,0.0
masih nyaman dng shopee tetapi tetap hrs lebih hati teliti agar tdk kecewa barang kita pesan,0.0
amanah dapat dipertanggungjawabkan,1.0
very good,1.0
klaim kembali produk mudah dana bisa kembali cepat,1.0
dapet diskon terus kirim cepat hemat biaya gratis ongkir juga bagus dah,1.0
sesuai sama pesan,1.0
aplikasi jelek tiap buka web atau mau download sesuatu pas login aplikasi terus,0.0
bisa belanja apa aja murah,0.0
makin hari makin turun perform nya udh bbrpa temu fake report hari proses antar lusa dalam proses transit bahkan lapor terima rumah,1.0
bagus bgt aplikasi barang nya juga murah bagus tapi kalo bisa bikin dong fitur refund koin dong soal sering tidak sengaja pencet beli item main shopee nya koin tidak bisa refund rugi dong kira kira deh koin pakai tidak sengaja pencet tidak bisa direfund,0.0
layan pihak shopee nya sangat lambat,0.0
terima kasih shopee aplikasi sangat puas sangat bantu belanja shopee banyak diskon harga sesuai kantong,1.0
aplikasi shopee sangat bantu belanja online murah lengkap,0.0
selalu puas belanja shoppe,1.0
tampil shopee jadi ubah makin ribet liat nya adeuh udah kaya lazada,1.0
nice,1.0
belanja shopee banyak puas nya meski kadang sedikit kecewa nya tapi juga cukup aman hindar hal negatif,0.0
sekarang makin banyak biaya tambah admin saat checkout tidak seperti apk belah,0.0
best banget sangat bantu ibu penuh butuh keluarga belanja sangat mudah bayar mbanking percaya tak perlu keluar rumah lagi kalo pusat belanja umum apalagi anak kecil cape nya iya jalan jadi riweh kalaupun barang tdk sesuai proses kembali toko nya sangat mudah,1.0
bagi mau jual shopee apalagi mau mulai mending jangan dulu deh aplikasi tidak akan untung jual justru semua modal uang kalian akan kuras habis adalah aplikasi jajah benar gak akan untung saldo dana jual kalian akan lenyap hilang tanpa pemberitahuan meski kadang gak banyak tapi klu tiap hari pasti dana hilang tanpa tahu kita belum mslh return brang aju banding tidk akan pihak jual tolol,0.0
hebat,0.0
aplikasi shope makin berat sinyal kenceng ram masih banyak aplikasi lot ngeleg astaga tiap update apa ubah sama aja gada ubah,0.0
sangat bantu sekali segala perlu terimakasih shopee,1.0
belanja sangat mudah tidak ribet hanya shopee,0.0
apk bagus tapi jasa pengirimanya jelek khusus kurir pelayananya buruk sekali,0.0
aplikasi bagus minus iklan mana buka youtube iklan shopee buka google chrome iklan shopee tiap buka aplikasi lain pasti iklan shopee tolong pihak shopee kurang rangin iklan sosmed agak ngeselin aja gitu dah segitu aja ulas,0.0
bagus banget,1.0
proses terlalu lama ribet,0.0
ketat kait toko jual tidak ramah contoh toko stc otomotif barang sya pesan pakai buble warp dtang tanpa buble warp gabus lindung shock tdak ketikasya retur barang bilang cacat pdahal barang gak gores sama sekali jangan beli toko jual caci maki beli cek riwayat toko shopee tolong blok saja jual begitu tipu sperti alasansya retur karna barang tidak sesuai deskripsi barang palsu,0.0
janji kembali dana upa voucher kompensasi sampai sekarang tidak tindak lanjut,1.0
iklan virus shoope semua,0.0
kalau fitur instan eror mending dimatiin dulu belanja udah pakai jasa kirim instan shopee gak tau malah kirim gak instan malah masuk jasa kirim reguler padahal masih satu camat jadi hari hari muterin jakarta,0.0
aplikasi orange emng jos,0.0
lambat masa estimasi tanggal april sampe sekarang belum datang datang paket gua,0.0
asik iklan aja benci,1.0
cukup dukung,1.0
puas belanja lewat shopee,1.0
buat shopee lebih selektif lagi bagi barang tawar kirim tidak sesuai harap konsumen,0.0
sangat bantu sekali tapi keliru beberapa waktu lalu yaitu mau beli variasi bunkaca lampu stop pasang nyata nya kirim cuma belah,0.0
sekarang mau belanja cod bisa mending hapus aplikasi jadi sampah aja bro barang duit kalo barang sesuai ngpain bayar guna cod tambah belagu managementnya buat atur jelas cod bisa huuuu payah,1.0
selalu mental masuk apknya,0.0
sangat bagus buat beli barang cara online lengkap banyak promo hanya fendor kirim spx hrs ditegasin aplg kosambi selalu butuh hari lbh baru tiba makassar masa laut sampai hari lebih emngny pakai kapal tongkang,1.0
sangat bagus bnyak diskon promo,1.0
gak jelas banget shopee sekarang banyak paket batal pihak stuck kirim gak kirim pdhl tinggal antar rumah pun gak bisa aneh bgt emg nya mentang pke voc jdi smua paket dibatalin,0.0
makin sering buat belanja makin sulit begitu juga akun toko baru aja buka toko ngurus gratis ongkir extra gampang memang tinggal isi form lalu nunggu sesuai tgl jatuh tempo nyata sampai skrg blm jawab sama sekali akun utk beli pun sering tiba batal selalu alas aktifitas tdk wajar aanehhh aneehh aplikasi nya sendiri ksh vocer gede gilir dipake selalu balsis,1.0
turunin bintang nya soal nya spylater undur trus entah smpe kpn bisa pakai,0.0
kirim laama terus lama alamat tidak temu ujung ujung ambil sendiri,0.0
oke praktis susah lgi,1.0
kenapa sekarang shopee food susah bgt kalo pesan makan selalu lama,0.0
cukup bagus tapi sayang salah orang kurir paket nama yogi sahputra tidak becus dalam kerja antar paket paket tunda antar nya lama hari paket cuma bawa bawa aja atas motor nya tapi tidak kirim,0.0
sumpah shopee udah muak bgt tolong dong iklan rangin buat males sebel kalau lagi baca wattpad selalu buka shopee sendiri padahal tangan lagi gerak pencet apa apa bukan sekali dua loh jadi begini sering bgt hampir tiap hari begini jujur buat sebel bgt padahal lagi asik baca tolong bgt baik donggg padahal udah banyak bgt keluh hal tpi tindak lanjut iklan tolong kuranginnnn ganggu,0.0
top lah,1.0
iklan muncul terus,1.0
aplikasi sangat penting semua orang bisa bantu,0.0
sering belanja sini,1.0
bagus tapi kadang tiba tiba harga pas sudah waktu bayar tidak sesuai naik jauh,1.0
belanja shopee sudah tidak seperti belum percuma ongkir tapi biaya sub ukur lebih mahal pada ongkir,0.0
tadi ingin kasih tau salah sistem jadi info pesan sdh terima bayar cash aplikasi masih tulis lacak hari hari kasi seler tunda bayar shopee malah anggap tolak cod sehingga sistem cod sya blok akhir seler info bahwa pesan kembali aneh bkn sabun laundry spt order tetapi sepatu anak bisa bisa sabun laundry kembali jual sepatu anak spt nya shopee harus paham akar masalah,0.0
shoppe tidak ragu lagi dalam transaksi,0.0
selam belanja shopee sungguh alam sangat senang tidak rasa was was,0.0
barang bagus sesuai jual nya amanah,1.0
aplikasi shopee sangat bantu flm cari barang ingin,0.0
maaf yah padahal lama sudah tahun pakai aman sekali bantu sekali senang tapi malam kena tipu mengatasnamakan shopee krna kata barang pesan ilang kuti alur tiba tiba masuk spinjam krna situ limit besar jadi kena tipu transfer rekening trus transfer lagi tipu alas akan balik lagi dana tidak akun shoppe blokir jadi hutang spinjam juta bayar tiap bulan gimana,0.0
shopee keren banget turut keren keren banget bisa beli belanja belanja shopping the best banget kalau nggak shopee kayak nggak bisa belanja shopee nggak bisa shopping terima kasih shopee akhir bisa shopping bebas tanpa harus mall,0.0
app sangat gak guna data dana paylater pake orang trs harus bayar cara gak make uang paylater sebut enak shoppe untung mereka rugi masih make shopee hati data pake hack orang,0.0
kami harap layan kepada castemer harus responsif fleksibel tampa banyak mekanisme rumit jika sudah baru pasti bintang aplikasi akan lebih updet lgi,0.0
setia guna shopee memang sangat mudah dalam belanja onlen agam butuh hampir semua nya shopee tapi makin kesini makin turun kualitas nya sering lag berat banget padahal kapasitas masih besar banyak banget bug promo potong diskon dll nya tidak untung arti lebih parah lagi soal kirim kami luar pulau jawa begitu lelet lama utama kargo parah banget,1.0
gagu iklan sopie bikin jengkel iklan ganggu ning kalau sopie kasih hadiah boro boro unistal pasti,0.0
aplikasi sangat bagus,0.0
shopeefood pay mau cek saldo shopee pay sulit sisa saldo akan sembunyi apakah sisa saldo agar tidak deteksi tambah saldo banyak mungkin dompet kah apakah agar member deposit uang dompet banyak mungkin apakah tehnik himpun dana versi shopee,0.0
sangat guna,1.0
lama pakai aplikasi muas meski kadang error sangat bantu belanja butuh,0.0
terus nyala toko orange,1.0
sangat bantu perlu belanja kapan ajah,1.0
bantu sekali belanja,0.0
sedikit mini game mirip gambling dalam pakai koin shopee,1.0
yes yes yes yes sdh update,1.0
guna sangat banyak,1.0
jual nya pada tepat waktu tapi kurir nya minta ampun paket sudah proses antar alamat tadi selalu tunda bagi paket ambil gudang juga kembali beli tanpa pemberitahuan kan sudah buat rugi juga kurir malas antar paket dalih jika paket banyak tidak takut pecat baik ekspedisi atau kembali saja jnt lain jika tidak sanggup menghandle,0.0
kalo kendala kita aju pulih cepet tangan nya kalo kek tadi mau checkout makan shopee food tapi akun blokir bayar nya karna salah pencet nah kan aju pulih cepet nangani nya orang keburu laper gimana,0.0
top bgt belanja shopee banyak diskon love you shopee berkat belanja jadi hemat terimakasih shopee,1.0
mau aju kembali blm klik tiba selesai payah parah,0.0
shopee makin mantap bebas kembali hari garansi tepat waktu top mantaap,1.0
layan jauh masih bagus,0.0
hapus saja jne pickup lelet markoboy rugi konsumen lapak,0.0
karna bisa tau bagus apa juga bisa tau harga nya berapa jadi klo males tinggal liat shopee indonesia aja deh,0.0
app commerce sangat mudah guna dpt percaya toko lapak shopee,1.0
mudah dah baik,0.0
pindah aplkasi belah nyata lebih enak sini bebas ongkir banyak discound nya jangan ragu belanjan sini asal cermat dalam pilih toko lihat rating toko nya brapa minimal,0.0
shopee sangat senang seru mes online tolong juga kalo bisa banyak promo diskon bayar ongkirnya jangan terlalu mahal,1.0
aplikasi bagus sangat bantu dalam proses beli,0.0
sekarang kirim nya terlalu lama gak kaya dulu kalau dulu mah slalu cepat hari udah datang paket nya skarang paling cepat hari,0.0
udah lebaran nih tinggal bini moga shopee mau ksh bonus promonya tambah dong utk produk virtual lbh cepat baik utk next nya makin yahut goood oye pancen oye,1.0
tidak ribet,0.0
apk kikir belum belum ngisi spay harga murah pas udh isiin spay malah naik lipat kikir,1.0
min kalau ambil potong kira don min masak ngambil cuma untung bnr aja min,0.0
bagus aplikasi nya,0.0
masuk akun sendiri aja susah malah suruh scan lewat lama padahal lama rusak gak bisa hidup malah suruh buka barcode scanner nya lagi gimana cara scan nya woi kalau begitu,0.0
moga makin maju,1.0
buat lihat lihat bagus,1.0
mantab shopeee jaya slalu,1.0
bagus sangat bantu dapat barang tidak jual daerah kami,0.0
kecewa tadi bintang masa retur barang karna tidak sesuai malah kena penalti gak bisa cod alas karna barang kembali,0.0
terimakasih aplikasi nya shopee mantap bagus tapi belanja ritanggan kurang nyesal,0.0
belanja mudah murah gratis ongkir,1.0
shopee sekarang ngga bisa blanja luar negri utama barang sulit kita cari dalam negeri sangat sayang,0.0
download shope mau belanja tapi malah beranda nya gak bisa buka aneh kali tulis periksa jaring anda padahal pakai wifi,0.0
aplikasi bagus cuman bikin kesel adalah saat paket ada kota besar contoh surabaya kurir lama gagal kirim dalam laku antar paket hingga kali kirim alamat sebut padahal alamat sebut sesuai apa lapang daftar alami kembali barang cara otomatis apalagi jasa kirim tidak kompeten lambat dalam kirim tidak sesuai estimasi padahal harus bisa lebih cepat tolong hapusin jasa kirim aja,1.0
aplikasi shopee memang bagus belanja online isi dalam aplikasi shopee seperti spaylater spinjam tidak bisa guna buat apa pajang aplikasi shopee hanya buat semak kalo spaylater spinjam tidak bisa akses lebih baik tidak usah tawar guna shopee,0.0
belanja dishopee terus pesan tidak sesuai mau kembali opsi kembali sangat ribet tidak bisa kembali jadi kalau belanja sini misal tidak sesuai apa anda pesan jangan nyesal uang anda gak akan kembali,0.0
sudah top shoope pay namun pesan terus batal saldo shopee pay tidak bisa kembali saldo dana,1.0
jual sekaligus beli terimakasih shopee,1.0
aplikasi sangat guna manfaat,1.0
buruk buruk buruk,0.0
bagus buat belanja hari hari bikin wahhh mantap jempoll,1.0
moga selalu jaga kualitas,1.0
aplikasi nya bagus cuma kalau iklan jangan maksa buat harus otomatis buka apk pas lagi nyaman baca wattpad ganggu nyaman baca,0.0
bagaimana pihak shopee selalu rugi driver shopee order fiktif food spx barang sudah terima konsumen tapi pihak konsumen klik barang tidak sampai driver shopee rugi saldo minus bahkan sampai putus minta bagaimana tindak pihak aplikasi konsumen banyak maling sekongkol,0.0
paket lama banget anterin ngestak tanggerang,1.0
biasahya ngga pernah masalah baru kemarin belanja datang barang palsu paksa kembali,0.0
payah bisa kasi solusi,0.0
mantap yes,1.0
bagus bangat bikin tarik,1.0
tidak suka iklan,0.0
keluar bayar hilang putus semua,0.0
puas sekali belanja apa saja shopee harga jangkau murah barang kaleng bagus,0.0
ngeri kali sekarang tiba tiba chat pura jadi shopee palsu baik dulu kalo dah beres tambah bintang dulu sisa biar bintang bintang susul,0.0
mantap jiwa,1.0
kenapa yah shopee sekarang lama kirim nya selalu struk bikin males,0.0
makin sukses yaaa,1.0
top bagus manfaat sekali,1.0
bom masang lok tapi tiba paket terus atas nama terus kurir nya lihat kek marah padahal paham apa terus belum pernah pake apk shopee,1.0
kirim barang lama banget sampai hari belum juga nyampe belanja toko belah saja lah,0.0
gak usah daftar shopee vip cuma gimmick gakbisa tukar sekali nukar saldo potong,0.0
mohon kembang jangan terlalu sering rilis update kalau hanya baik kecil update hampir tiap hari sangat uras kuota guna tolong lebih efisien harga paket data kami jangan jadi guna bagai sapi perah kuota deskripsi update cuma bug fixes tapi ukur raksasa rilis tiap hari bisnis jual aplikasi atau bisnis sedot kuota tolong play store tindak kembang rakus seperti dulu beli software sekali pakai lama tanpa ganggu,0.0
selalu dpt voucher gratis ongkir tapi pas mau guna kata udah kepake belum padahal belum pernah dipake voucher nya belum hangus masih laku,1.0
tahu tapi kok spx sekarang makin slow yah dulu mau hemat apalagi standard biasa cepet bgt antar tapi akhir bulan bulan makin slow bgt mungkin dah ubh bijak slow amat dah kek dulu,1.0
tolong baik lagi gabisa cod padahal pernah batal pesan belum njir gilir mau batalin pesan malah engga bisa tetep kirim ngapa sih,0.0
biar bintang bicara,0.0
hanya saran bila bisa notifikasi penilainnya jangan pas barang terima hari baru bisa jadi nilai real bukan ada oleh beli,1.0
pokok harga murah mantap,1.0
jual kurang baik moga lebih propesional lagi,0.0
luar biasa sukses selalu buat shoppy indonesia,1.0
mantap stabil,1.0
harga vocer berfariasi mudah kembali barang dana barang pasti bagus asli,1.0
jauh tmpt belanja paling nyaman utk belanja produk lengkap produk harga saing gratis ongkir mmg top,1.0
market place sampah jelas belum buka barang rusak kek sampah komplen mau emang market place sampah shopee,0.0
alhamdulillah udah ubah,1.0
good apk,1.0
upload shopee video affiliate shopee udah kualitas ultra sinyal bagus pun ttp aja pas upload nge blur terus tlg perbaikin dong depan biar video par affiliator tuh nge blur saat upload,1.0
aplikasi sangat bagus bantu dalam belanja pay laternya juga,0.0
puaaas bangets sesuai pesan bintang,1.0
alhamdulillah,1.0
aplikasi belanja paling sering pake cuman sering kesel aja misal lagi buka aplikasi lain nanti malah masuk shopee gilir buka shopee malah keluar ngelag parahhh padahal jaring lancar,0.0
makin lama makin lelet kirim harus shopee jangan pakai jasa kirim lambat seperti spx expres pilih paket reguler biar cepat malah belum sampai juga pesan sudah tunggu lama belum tiba pesan parah lagi pihak spx hubung beri informasi kalau barang akan tiba hari depan parah pilih paket reguler dgn biaya ribu lebih harus tunggu sampai minggu,0.0
kirim lamaaaaaaaaaa kapokkk gua pesan shopee mending aplikasi,0.0
muncul iklan terus sya,1.0
mantap mohon slalu jaga status update nya aman paket saat ada tangan kurir,1.0
top recomended,1.0
shopee milik banyak pilih produk metode bayar lengkap namun waktu kirim terkadang tidak konsisten moga layan depan makin tingkat,1.0
sayang sekarang tambah biaya ukur khusus ongkir jadi tak masuk akal order banyak atau barang besar,1.0
aplikasi taik batal pesan cara pihak padahal paket blom sampai tapi tiba batal,0.0
aplikasi sangat bagus,0.0
kenapa sih shopee emang lagi error atau gimana sih kalo lagi buka apk lain suka tiba tiba pindah shopee ganggu banget mana susah lagi mau balikinnya lagi tolong dong kalo mau promosi atau apa jangan kaya gitu,0.0
baru kali benar benar kecewa kurir tidak profesiaonal pesan tidak kirim hari lalu selalu batal laku kirim ulanng pada bsk hari namun hal sebut sudahh jadi lama hari ulang kalau memanng tidakk kopeten kurir segera evaluasi,0.0
barang sesuai pesan,1.0
driver shopee bnyk kurang ajar malas udh jelas alamat tuju dpn mata barang kirim ulang bsk nya telp ato tau barang jadwal ulang kirim bsk jual salah shopee salah salah driver nya sortir driver nakal ksh ingat ato putus mitra lah,0.0
bagus cuma kasi potong harga nich,0.0
aplikasi bagus iklan nya terlalu maksa orang buat orang jadi gasuka sama aplikasi iklan nya hrs ubah karna susah orang,0.0
sudah lama pakai apk shopee alhamdulillah baik aja tapi entah kenapa sekarang kalau kita buat pesan slalu batal udah mau sampai alamat rumah malah kembali blm pun konfirmasi pada beli malah batal telah ujung nya kita nggak bisa cod padahal bukan kita salah mohon dong shopee kembali shopee kami lama aman tentram,0.0
bagusss banget bisa beli cod maupun engga,1.0
overall aplikasi bagus,0.0
puas mudah kita dalam belanja,1.0
halo mau order buat pesan tapi loading terus baca lagi buat pesan gitu terus aneh kok jadi gin beda dgn dulu team nya cross cek bug jangan tanya jaring sudah pasti bagus,1.0
akun shopee batas sampe kiamat gak bakal bisa pulih kembali minimal pulih kembali akun hapus lahh kalo udah lama guna lama tahun,0.0
sangat puas sekarang kirim lebih cepat,1.0
good,1.0
baru guna jadi bintang dulu,1.0
harga lumayan jangkau proses cepat banyak voucher gratis ongkir nya mantap,1.0
bagus super bagus sangat bantu gak pernah alih aplikasi belah tetap shopee aja lebih aman nyaman mantap pokok,0.0
bagus estimasi juga cepat banyak toko produk percaya,1.0
sekarang kirim lama bisa sampai tengah bulan belum sampai sampai sudah saat pindah commerce lain,0.0
knp saldo nya lama bngt krim,1.0
trimakasih shopee sangat bantu dalam belanja,1.0
sya kendala return barang tapi tidak mau tanggap masalah hadap,0.0
oke oke aja sih juga trmsuk apk belanja percaya barang sesuai pas sampai kaya belah kadang sesuai thanks,1.0
biar bintang bicara,0.0
tempat belanja banyak vocer nya mulai vocer gratis ongkir vocer lai sangat untung,1.0
mudah nyaman sering dapat gratis ongkir moga ttp jdi baik,1.0
iklan terlalu menganggu,0.0
mantap bjir banyak promo,1.0
cukup puas,1.0
smoga shopee tetap amanah,1.0
aplikasi tidak untung beli klaim susah terlalu tele,0.0
shopeefood jangan percaya super deal ujung nya bayar sama aja biaya layan tiba sendiri blm biaya emas ongkir driverny kecil banget,0.0
sangat puas layan respon bgtu cepat,1.0
ken nyah update terus apl gilir verifikasi wajah alesan jaring eror mulu bego,1.0
sangat muas blanja shophee banyak promo,1.0
asli apk iklan nya mana mana kalo iklan maksa masuk apk nya,0.0
terimakasih shopee,1.0
hati belanja sini niat kasih vocer beli vip biar dapat diskon pas order malah dibatalin sistem aktifitas tdk wajar rugi beli vocer hati kalian belanja disni dah admin besar vocer vip aja dibatalin,0.0
sangat bantu aplikasi sayagnya sekarang biaya tambah ketika ajar barang dimensi agak besar biaya tambah lebih banya ongkir bikin mikir dua kali belanja sekarang klo hitung lebih mahal toko offline gara biaya tamban,0.0
iklan update terus tapi aplikasi ngelag terus aplikasi guna din uninstal aja,1.0
makin lama kirim barang makin payah udah sering ilang paket kirim barang gak datang malah konsumen gak bisa cod hadeeeehhhh tolong dong pihak ekspedisi shopee baik lagi masa udah beberapa kali paket malah gak nyampe nyampe,0.0
lama belanja shopee tidak pernah kecewa selalu bagus bagus barang nya moga depan nya akan lebih baik,0.0
kali untun order sesuai pesan kirim salah semua,0.0
kakkk knp tiap buka aplikasi lain slalu tiba buka shopee buka wattpad tiba aja masuk shopee,0.0
sangat bantu tapi kapan shopee kasih hadiah kan langgan setia shopee,1.0
bisa buka profile skali pdhl internet lncr update aplikasi tggu smpe jam sama,0.0
ajib banget,1.0
shopee kadang gajelas klo paket datang gaada notifications pemberitahuan paket antar tau datang aja baik lagi klo bisa kyk tiktok klo paket mau datang ngasih notifikasi jadi kita tau,0.0
halo sobat jos order nya mana,1.0
terima kasih sudah hadir indonesia sangat bantu kami mudah dalam belanja apa,0.0
coba dong iklan shopee rangin lagi buka aplikasi lain malah tiba aplikasi shopee kan ganggu bangett,0.0
beli sini semua jamin kualitas tidak tipu tipu seperti belah banyak bohong,0.0
kecewa banget akhir akhir sama shopee suguh voucher khusus member vip malah kena batal sistem otomatis sebel banget udah bulan masalah batal sistem gak sembuh sembuh ampun shopeeee greget banget,1.0
banget,1.0
barang murah banyak pilih toko amanah sila belanja shopee,1.0
aplikasi belanja apa uji sabar aplikasi udah besar kok masih berat banget optimal dong ken belanja malah banting,0.0
focer gratis ongkir nya gak bisa pakai tidak guna,1.0
sangat senang soal yah shopee baik keluarga sayah juga hypiyy kalo sen rapi cepat pesan selamat sampe tuju sayah ucapin terimakasih love you shoppee shopeee buat keluarga neng shopee juga ajar tanggung jawab kerja sama manusia shopee juga bisa jadi pilih nomor satu keluarga soal shopee mensenagkan ajak komunikasi keluarga sayah ucapin terimakasih atas segala hal positif sangat bantu sekali,1.0
transaksi kembali dana endap akun bisa ambil bisa ngaktifin spay nyusahin banget,1.0
aplikasi maling jangan jual aplikasi akun blokir duit jual seller diambilin padahal kalian kasih promo bom beli banyak gara promo bilang manfaat voucher janji kontrak cuma untung mereka,0.0
bisa cod banyak promo ongkir gratis jasa kirim perlu benah,1.0
bagus kita bisa belanja puas nya,1.0
belanja shopee banyak untung gak perlu keluar rumah tambah lagi harga murah riah pokok belanja shopee top banget sukses selalu,1.0
good pokok blm bisa ungkap dgn kata kata,1.0
aplikasi tolol masa barang tulis sudah terima tapi gak terima kalo mau scam mending usah bikin aplikasi bikin aja judol,0.0
mantap banget,1.0
masa harga ofline hrg online jadi mahal hrgnya,1.0
terimakasih mantaaap,1.0
sangat bantu butuh hari hari khusus jika kita ikat job tinggal chekout tunggu,1.0
emg sering belanja sini pls stop selalu muncul iklan main atau mana pun tiba pindah tab apk sebut lngsng masuk shopee yaa dulu juga udh donwload bjir mau apalagi kesan kayak maksa bgt soal iklan ibu kali dlm hari part paling benci yaa masuk apk shope nya,0.0
iklan macam kontrol,1.0
bagus tingkat layan lagi dgn harga murah kualitas barang jamin,1.0
aplikasi sangat bagus suka barang nya pun murah pokok the best,0.0
suka banget shopee,1.0
bagus banget shopee,1.0
kembali dana cepet return,1.0
kirim cepat barang sesuai,1.0
puas mudah amanah aman,1.0
aplikasi super belanja murah hemat,0.0
akun hapus daftar spaylater sama pinjam gak bisa lagi,0.0
gak bisa cod udah lama banget gara kurir suka ngembaliin barang harus shopee jangan kaya gitu orang mau belanja juga malas,0.0
belakang jadi susah banget dapet driver klo pesan instan nyata driver pada pinter mau ambil karna ongkos murah order gabung makin kesini makin sono ajj nih neng shopee wkwkwkkwkkkk,1.0
muas belanja shopee pintar teliti lah dalam belanja happy shopping guys saran testimoni jgn pake foto sampe memori cepat penuh cukup saja apalagi klo belanja nya bnyak sangat repot klo hrs ksh nilai sampe foto,1.0
langsung saja kita cek out,0.0
cepet,1.0
tolong adain lagi min cape pake spx express lot,0.0
gimana sih pihak shopee kok nggak bisa cod lagi padahal nggak pernah retur barang pesan kasih bintang layan kurir kasih bintang juga mau belanja jadi malas gara nggak bisa cod,0.0
bintang sebab iklan mulu syalaaannnnnnnn buka aplikasi tiba pindah shopee buka aplikasi pindah shopee ngga like ganti napa marketing,0.0
lot,0.0
maaf shopee bagus kalau soal belanja online tapi bisa gak gak usah tiba timbul iklan tiap aplikasi apa lagi gak suka banget lagi enak baca tiba iklan langsung masuk apk nya,0.0
oke manfaat sekali,1.0
bagus banget hampir semua barang beli sesuai kirim good,1.0
guna setia aplikasi shopee tapi kenapa makin kesini sistem kirim barang makin lelet kadang estimasi kapan datang kapan udah gitu bisa konfirmasi kurir nya aneh nya kalo paket cod dateng nya cepet sedang paket non cod datang nya lama sekali padahal kan kalo non cod mudah kurir juga saat terima tapi kenapa sekarang lelet banget tolong sistem nya baik lagi terima kasih,1.0
lama tidak pernah masalah pesan lewat shopee,0.0
kenapa kok toko tiba hilang,1.0
bagus pikir tapi klo cod datang nya malam kok barang rusak kata toko normal datang rusak kali dapat lcd sama mesin ambil sisa part nya aja salah langsung klik selesai juga udah nunggu terlalu lama datang nya mesin matot tapi sekarang klo belanja lebih teliti lagi trima kasih shopee,0.0
tolong dong min cantumin kurir kendala kurir salah alamat jadi bingung hungin kurir kalo gak nya,0.0
sangat mudah pesan paket,1.0
terimakasih shopee emang,1.0
aplikasi shopee kalo mau pindah menu atau nyari barang atau kembali lema kaya yan ngeleg mau pake wifi atau kuota tetep lot jadi males mau beli barang,0.0
pokok puas belanja shopee tidak pernah kecewa,0.0
lama lumayan sesui pes datang,0.0
trimakasih shope bisnis,1.0
fitur tentang batal beli aplikasi kurang efektif beli sering tidak mau batal peasanan hanya pikir untung,0.0
susah cari driver,0.0
salah satu merchant oke turut banyak voucher juga diskon aplikasi juga muluk muluk sangat mudah guna,1.0
bagus tidak rusak,0.0
trimakasih atas bantu lancar proses mesan kami,1.0
sistem makin gajelas buat event voucher tapi pas dipake malah batal sistem alas terlalu sering pakai promo terus fungsi voucher diskon klau dipake lalu batal buat apa buat event promo gilir pakai vcnya dicancel alas terlalu sering,1.0
alhamdulillah amn aja sya belanja shopee lebih murah,1.0
iklan pop noh ngeselin anjir mau baca malah muncul iklan terus muak tau ngga,0.0
kecewa paylater telat hari tapi beku padahal mudah aman bisa atur bayar,0.0
sangat baik mudah guna murah murah,1.0
buat nyaman krn tdk perlu keluar rumah,1.0
moga bisa terus garis ongkir min belanja terkadang sedih mau barang harga murah ongkir lebih besar,1.0
puas banget belanja sini,1.0
sangat amanah sesuai deskripsi pokok mantap,1.0
aplikasi bagus bgtttt,0.0
makin males belanja shopee kirim lama banget malah paket gak antar ampek sekarang,1.0
parah kirim tgl sampai hari tgl belum sampai sampai shoope spx buruk banget kecewaaaaa,0.0
garansi tepat waktuuu,1.0
belanja online aman nyaman percaya juga gratis ongkirnya,1.0
hai shopee kenapa sekarang sistem cod nya ilangin sih sekarang kalau mau belanja jadi ragu karna udah bayar duluan takut sampe tapi uang udah serah tolong aktifin lagiiii dong shopee banyak nihh wishlist barang mau skincare udah mau abisss,0.0
shopee tidak bisa login akun apa pun gagal terus kena kode tolong dong,0.0
shopee tangan kurir nakal sangat lambat rugi tapi gantung kompeten,0.0
shopee terbaikk sih kataqu tahan terus yahh,1.0
happy banget sering dapet vocher diskon dapet barang harga rebu doang,1.0
poko terus tingkat layan agar lebih baik lagi,0.0
kalau bisa cicil splater jadi bukan,0.0
shopee pamulang layan jelek selalu kirim tunda terus terus makin kesini makin jelas shopee,1.0
banyak voucher diskon,1.0
notif kek hewan guguk ganggu orang main aja,0.0
sangat bantu blanja aplikasi shopee barang nya banyak pihannya,0.0
nih buat shopee kurir baik kali paket direktur cara pihak ama pihak kurir waktu masih jnt aman semua paket sampai mau cod apa udah bayar selalu rumah ibu selalu sampai tolong baik para kurir jangan jadi sebab bangkrut shopee,1.0
tidak selesai masalah cara profesional hanya buat lapor cara terus terus ketika masalah follow,0.0
update terus namun admin naik naik naik,1.0
aplikasi nya bagus hanya waktu sampai barang nya ubah ubah trs kan sama hindar lambat pdhl emang udah lambat kirim nya,0.0
okeeee cukup memeuaskan barang pes sesuai pesan,1.0
shopee skrng lot bngt scroll keranjang bawah aja gabisa padahal jaring kuat update udh restar juga udh msh aja susah scroll keranjang pdhl mau gilir iklan aja maksa bngt mna biaya layan makin mahalll baik lagi dong shopee kualitas buruk bngt,0.0
tiap promo besar besar server pasti eror kalau sdh habis waktu promo baru normal lagi apa mungkin hanya main shopee aja buat tarik kastemer aja sama foto sering tidak sesuai apa kirim,1.0
tidak bisa order notip harus tahun terus padahal sudah vripikasi usia tggl lhir ktp aplikasi usia thn lapor telat bales,0.0
tidak bisa qris bayar saat mode gelap,0.0
favorit banyak diskon gratis ongkir,1.0
baik fitur telah belanja hubung jual kadang suka stuck layar putih saja lama masuk kolom chat iya pakai samsung rom,0.0
saldo shope ribu bisa jadi rbu besok kan nya check lagi sisa rbu gatau kenapa bisa hilang tiba aneh banget nih shoppe buat guna miskin ambil aja uang punya toh gak ikhlas jadi sakit buat kalian,1.0
subtotal kirim khusus mahal blom walaupun ongkir gratis bnyak pungut lain mending tiktok lagi,1.0
bangst emang shopee mana iklan nyaa buka webtoon iklan diaa malah gajdi dpt chpt nya buka applikasi lain dia lagi muncul emang shopee,0.0
tiap hari belanja dagang semua lancar respon toko kemas kirim estimasi pas tdk sibuk lagi pergi belanja kota makan waktu jam warung tutup skrg dishoopy hemat,0.0
pernah beli barang tapi barang tdk uang retur sampai sekarang tdk jelas kalo orang berapa uang tdk jelas,0.0
bagus apl suka blanja sini semua barang ori sesuai sen,1.0
apk nya bagus kurir nya lelet tolong lah sortir kurir nya barang bolak balikin mulu padahal gwa terus rumah kurir nya ngerugiin waktu gwa ampassssss,1.0
sudah tahun tahun belanja shopee walau pun bnyk barang tidak sesuai pesan bahan gambar tidak sesuai ekspetasi tapi tak apa shopee sudah mudah belanja tanpa harus pergi kluar rumah,0.0
tiap belanja barang sesuai pesan,1.0
shopee sekarang nggak kayak dulu dulu selalu update maps jalan nggak update lagi sulit tahu pesan padahal udah lama mes punya teman juga gitu jadi mohon baik shopee biar seperti dulu lagi kayak gin nggak sangat tidak muas,0.0
shopee skrg tdk jamin datang tepat waktu cuma garansi tiba ganti voucher makanya banyak jual lot kirim,1.0
apk serba bisa selain belanja bisa juga return proses cepat sukses buat semua,1.0
aplikasi belanja paling ribet dunia mau pun harus masukin handphone baru udah gitu cuma gara gara batalin pesan terus ganti akun produk sama malah dibatalin nya sama admin shopee nya hadehh mau belanja ribett bangett sihh,0.0
sangat puas payanan belanja sopy sangat hemat tepat akurat,1.0
toko banyak tipu,0.0
puas banget pake aplikasi,1.0
terima aju spaylater udah beberapa bulan tolak terus,0.0
vocer nya cepet kali baguss padahal belum belajain,1.0
bagus lah barang shope tapi juga sesuwai paling suka sama shope harga sak terjakau,1.0
puas banget lanja online sini,1.0
jauh cukup puas moga depan makin lebih nyaman buat langgan utama ongkir aktifasi spaylater lain,1.0
banyak sekali tipu ollshop shopee malah biarin aja adu sama bukti nya tetep aja biarin jalan terus sangat tidak anjur belanja shopee banyak tipu nya jadi curiga apa kerja sama para tipu sama pihak shopee nya soal tindak buat para tipu nya,0.0
sangat bantu dalam belnja utama bgi mlas berbelnja lngsung,1.0
makin hari tambah mahal mahal saja bru sja brpa jam lihat sudah lansung ubah harga memberbsdh gold tpi gak untung nya,1.0
aplikasi bagus sekali buat malas keluar rumah,0.0
jauh aplikasi shopee bagus puas guna apk krna sngt mudah utk belanja hanya saja akhir jadi iklan dracinnya min mana klo skip ssh lagi,0.0
sekarang belanja dishoppe bnyak maling nya oder mkanan tau belanja lapor mkanan tau paket ditrima duit balik lebih parah driver shoppe nanggung minus begitu tolol sistem shoppe bsa cek dulu benar nya pdhal bukti terima nya bukti chat tau driver sistem shoppe msh beban minus kedrivernya kan dongo blokir tuh nakal nyari untung dgan alas paket ditrima tau mkanan ditrima smga perintah hapus nie aplikas,0.0
terlalu kejam sama driver kunyuk driver dbikin susah,0.0
shopee nya bagus terkadang dapet diskon tapi kurir nya kurang bagus jujur toko nya juga amanah,1.0
jaman shopee baru selalu pake shopee tapi akhir akhir kirim jelek bgt apalagi cihurip tolong baik lgi ekspedisi nya kalo bisa adain lagi jnt min soal kirim cihurip kurir nya kayak gak niat kerja kadang hari tuh status nya tiap hari dalam kirim ujung ujung nya barang sampe kurir nge chat kendala ujung return sayang banget gak tau deh harus komplen mana masalah ekspedisi,0.0
semua barang mau pesan ngk bisa cod parah,0.0
baru sampai hari paket langsung tolak status kerja gak selalu time depan kecewa parah enak jnt waktu hari sampai paket retur,1.0
aman transaksi jual beli,1.0
lanjur jatuh cinta tak mau paling lain,0.0
shopee bikin bisa penuh butuh tanpa capek pasar pilih habis waktu shopee belanja lebih mudah tanpa harus keluar rumah trims para kurir ekspedisi cinta nya antar barang beli bisa sampai tangan beli love you all,1.0
halo shopee benar sgt bantu ada toko online spt shopee barang sllu sampai tepat waktu alhamdulillah slma sllu bgs bbrp hari knp ketika masih keranjang lihat potong harga saat barang mau kita dicheklist bgtu kita klik checkout kemudian lihat rincian harga knp harga kembali normal tdk potong harga sama sekali kalo dlu kan begitu kita klik checkout maka rincian harga sesuai dgn pas saat kita checklist trmksh,1.0
terimakasih sangat puas,1.0
benar suka suka sekali belanja dishopee bahkan sering sekali belanja dishopee skrg tdk bisa belanja cod alesannya belum gagal kirim tolak pesan sudah rusak belum terima rusak pihak expedisi kurir kenapa kena sangsi waras kah harap depan tiap kali akan turun sangsi konfirmasi dulu pada guna apa sebab batal tolak agar guna shopee tdk rugi jangan hanya dasar apa tulis kurir,0.0
oke lah dikit banget promo nya,1.0
tidak bisa lewat email,0.0
aplikasi mudah shoping cukup rmh semua lengkap sedia,0.0
oke baik,1.0
njir hari sekali updatenya,0.0
kirim barang sesuai pesan kita tepat waktu lagi,1.0
tolong maksimal lagi jalur kirim agar lebih cepat barang sampai konsumen,0.0
senang sekali sama shoppe apa masalah puas pake banget,0.0
buset aplikasi shopee keren banget aplikasi sangat baik layan juga ramah kasih bintang limaaaaaaaaaa,0.0
baru awal bulan pake shopee tiap order barang datang selalu sesuai boleh bilang aplikasi isi kumpul seller tipu,0.0
maaf shopee mungkin bisa tingkat lagi kirim barang nya tidak sesuai estimasi pada saat barang datang barang tidak sampai pada tanggal tetap mungkin banyak orang kesal masalah,0.0
buruk layan buruk driver salah alamat bukti nya salah masih kita salahin,0.0
kirim tepat waktu,1.0
san puas,1.0
kecewa beli tapi barang pernah nyampe dana kembali kecewa kurir,0.0
kirim shoppe skrg jelas paket udah sampe lokasi malah kirim sampe paket balik lagi nunggu lagi hari sampe hari masih jalan trus padahal deket,1.0
belanja lebih mudah layan gratis ongkir bikin lebih hemat,1.0
baru aja diinstal apl langsung bajak paksa uninstal uda aman careful guys thanks,1.0
ingin dpt uang shopee kak,1.0
sangat mudah guna,1.0
aplikasi bagus banget pesan sesuai pesan,1.0
kurang bagus bbrp kurir nya malas antar paket cod barang sdh daerah tempat tidak mau antar kermh alhasil metode cod selalu tolak pihak shopee,0.0
sudah clear cache jaring stabil hapus aplikasi instal lagi sudah upadate sudah video nilai salah satu produk tetap bisa buka hanya tulis anda guna jaring padahal video mau kirim seller bagai bukti kalau paket datang dalam kondisi rusak,0.0
aplikasi sangat bagus bisa belanja sangat mudah murah juga bisa promosi barang toko bisa dapat cuan terimakasih shopee shope memang the best,1.0
sekarang kecewa sama shopee kenapa skg bisa biaya subtotal khusus harga belanja subtotal khusus jadi byrnya haduhh jadi malas belanja sini,1.0
apel kasih tidak bisa buka,0.0
puas senang belanja shopee shopee keren,1.0
iklan shopee apk lain maksa banget anj,0.0
mudah untk belanja butuh hari trimakasih shopee moga depan nya tambah amanah sukses selalu,1.0
benar tdk masalah marketplacenya hanya saja kirim area sangat lama sekali semenjak kurir risen akibat banyak order harus cancel kondimen pesan datang lama sekali biasa kirim paling lama hari tapi sampai minggu lebih tdk kirim padahal sudah sampai drop point akhir kota mengapa tidak segera rekrut kurir baru agar tdk overload kirim fyi pangolangan burneh bangkal,0.0
sangat bantu dalam transaksi,1.0
lama banget pesan makan atau instant aplikasi mah selalu gabung sama pesan lain mending pesan gojek aja gak pake lama,0.0
terima kasih boskuh barang akhir sampai sesuai pesan jugak bayrin bukan org rumah jadi kembali,1.0
baguss cuman klo harga nya sekian tapi tiba tiba pas cod beda hargaa yaudah emng gitu mungkin tapi pas dtng nya malah beda harga lagi cod nya harga gin gilir uda antar beda lagi gmn sih,1.0
halo tolong sampai team kreator atau marketing jangan guna kata kata penting notifikasi luar butuh benar kurang sopan tolong bantu direview bayang jika anda notifikasi penting jalan sempat henti atau tol kalian paksa liat isi hanya notifikasi kreator belum dewasa tidak kalian bisa paham,0.0
buka app shopee jangan langsung arah video default berat app saja gak kuat,0.0
kecewa banget paket belum kirim padahal sudah lewat estimasi harus harus paket datang tanggal bulan april tapi sampe sekarang belum tau ada paket mana padahal paket butuh sekali sampe sekarang masih stcuk jalan blm konfirmasi apakah sudah sampe lanjut benar kecewa,0.0
sekarang jadi males pake nya karna yah kali dapet kurir jadi kurang enak kan,0.0
makin kesini makin mahal trs udah hari lagi pake aplikasi lain malah tiba alih shopee toko skintific skip parah ganggu aktivitas aja,0.0
hingga saat msh setia dgn aplikasi shoopee anggap baik dalam system layan lama,0.0
aplikasi bejad selalu muncul website fiks ngemis,0.0
sering kasih diskon,1.0
good all produk bykk sale puaaaz bgttttt blanja dishopee survive sale good all quality produk nonstoop lariisnyaa mksh bykk neverdie shopee,1.0
lama masih the best,0.0
pingin belanja tapi apakah harus punya dana shopee dulu kah,1.0
makin ribet kembali dana harus tunggu acc dri admin belit jelas mdak bisa selesai masalah hanya janji sudah jam dana blum kembali,0.0
benar aplikasi bagus sangat bantu nanmun akhir akhir banyak biaya tambah seperti biaya layan tinggi padahal harga produk sudah jangkau lagi kenapa kalau buka shoope food alamat antar bisa tiba tiba ubah mana jauh sekali orang jarang cek alamat saat checkout sudah disetting alamat utama jadi bingung sendiri kak kasi drivernya kita mau titik juga sangat jauh buka mudah malah sulit,0.0
uji coba pertama kali moga amanah,1.0
belanja shopee senang banyak produk pilih harga jangkau,1.0
aplikasi sangat lot kirim spx sekarang makin parah masa hari lebih pesan belum tiba daftar paylater bisa kalau tidak bisa optimal aplikasi lebih baik hilang saja moga baca oleh owner aplikasi shopee mohon baik bagi expedisi tentu spx,0.0
akun bajak sama orang tangan gak bener sekarang gak bisa belanja lagi nih coba kalo profesional chat email bantu dong csnya juga jwabnya gak jelas mulu,0.0
bagai customer rasa sangat rugi kirim spx instant harus driver hanya bawa satu barang saja tapi nyata driver lapang bawa pesan gabung lain nya jadi turut shopee sangat lambat dalam kirim bintang cocok buat shopee kalo tidak baik sama sekali customer rugi bayar ongkir penuh nyampe driver tidak berapa,0.0
banyak diskon sukaaaa,1.0
klk percaya tolong aju jgn janji aja,0.0
transaksi gagal tapi saldo hilang ribu pulsa tidak masuk juga bagaimana shoppe pay saldo tidak kembali,0.0
tolong system langgar shopee baik jangan asal kasih langgar host lagi live alas tdk menmpilkan produk padahal host lagi spall spill produk,0.0
langgar live terus alas host tidak tampil produk padahal orang lagi spall spill produk emang buta system shopee,0.0
sangat buruk kembali suruh bikin video tapi hanya batas sedang video sekarang kualitas ujung ujung kembali tidak tuju,0.0
barang masuk gudang shopee pusat harus periksa sortir agar pasti sesuai pesan karna jaman digitalisasi makin canggih sekaligus hindar tipu bagi sortir harus ketat demi percaya masyarakat hadap shoppe salam waras,0.0
aplikasi paling guna knp tiba koin shopee hilang pdahal dipake kembali koin shopee,1.0
bagus sekali,0.0
shopee apa aja baik,0.0
pas updet udh bisa masuk hapus aplikasi trus download lagi ekh malam lebih parah mngkin saat ganti lain aplikasi yah,0.0
belanja puas harga pas,1.0
suka banget,1.0
lagi gue pke apk shopee ribet bgtt bnyak bgtt cacicu nyaa mana saldo shopeepay gue mandet kga bisa keluar,0.0
lebih gampang belanja diskon banyak gratis ongkir semua pulau mudah beli belanja sela sibuk shopee mantap moga lebih kembang lagi lebih bnyk diskon lgi,1.0
bantu belanja meski tidak toko,0.0
guna shoppi sdh lama selalu puas nah saat salah belanja barang harga cukup lumayan buat apa bisa dikembalika atau tukar barang butuh terima kasih bayar lalu shoppi cash,1.0
trimksih sdh sngt bantu tingkat kan kwalitas produk ori juga ongkir gratis potong harga,1.0
sekarang bintang bicara mohon tahan kwalitas layan klw bisa tingkat klw turun layan tambah biaya lagi turun bintang nya,0.0
sejak shoope buat introvert bantu banget sih jadi nggak harus keluar ketemu orang banyak buat beli barang terus harga murah murah pada beli langsung kirim pun cepat sekali selalu shoope kalau lagi cari barang,0.0
aplikasi bagus tapi kirim sangat sangat buruk belum jasa kirim shoppe masih guna jasa kirim atau jne aman aja paling lama minggu nyampe sekarang semua ambil alih oleh shoppe akhir kirim bisa bulan lebih bahkan barang bisa kembali jual kalau gak mampu jangan sanggup sedia jasa kirim serakah,0.0
jauh belanja shopee bagus cuman bagi masih toko nya jual produk gak sesuai pesan,1.0
ganggu banget iklan lagi scroll tiba tiba muncul iklan shoope mana paksa masuk apk nya lagi,0.0
tidak opsi mati video kalau lagi search sering tiba arah produk tentu layar search langsung bubar harus cari ketik ulang kalau lagi bete dua hal atas biasa langsung tutup aplikasi pindah marketplace lain,0.0
suka bgt klo shoping shopee selalu utama puas bgi customer pernah ngecewain bahkan kembali dana cepat bener puas beli utama jual nakal tipu nga bakal bisa shopee the best lah pokoe heart,1.0
puas,1.0
tolong baik sering loading,1.0
aplikasi buat belanja banyak promo poko aplikasi nya baguss juga kadang event tarik games nanti bisa tukar sama koin shopee atau voucher promo,1.0
bagus banget poko suka suka mudah belanja barang hingga barang sulit cari tapi sini sedia,0.0
selamat pagi aplikasi shopee indonesia telah bantu mudah belanja tiap guna sukses selalu indonesia lebih maju,1.0
oke bgt,1.0
saat belum ketemu kendala kurang muas moga per terus,1.0
sangat baik bantu meski kadang ngeselin,0.0
bagus banget apa aja semua shopee sangat bantu,0.0
terimakasih banyak sangat manfaat,1.0
barang lengkap kemas rapi sukses,1.0
sangat kecewa udah kali pakai spinjam nya nya kurang bayar lunas karna mau ambil lagi butuh duit kali tapi telah lunas malah gak bisa minjam lagi sedang kan bayar slalu lancar kadang kurang bayar udah lunas,0.0
kirim lama sampe hari hari estimasi kirim sesuai ubah tiap hari begitu terus sampe bulan mau balik dana jadi kendala estimasi kirim padahal jarak deket,1.0
boleh,1.0
apa shopee akhir akhir aket lebih kali barang nya stuck juga hing kirim selalu lewat batas waktu estimasi,0.0
min sdah kali bolak balik shopee tda bisa masuk pesan segera tiba trus shopee gak bisa masuk akun google atau lain,0.0
mau kembali barang dana malah gak jemput jemput barang sampai waktu tunggu habis difollow bolak balik lewat gak hasil cerita paksa terima barang tidak sesuai apa bagaimana,0.0
selalu tepat waktu kurir baik,1.0
selalu bela jual barang rusak tidak layak pakai kita beli tidak bisa aju kembali saat aju selalu tolak padahal bukti sudah jelas buat kalian gak usah deh beli sini lagi biar tutup sekali aplikasi sangat rugi beli,0.0
kalau bisa shopee food nya bisa bayar qris soal jarang top shopee seabank mohon update lagi min plisss,0.0
jangan mau belanja online shopee banyak toko sampah tipu kirim barang palsu barang juga tidak bisa laku kembali sangat kecewa mending cari online shop lain,0.0
harga barang stabil,1.0
jangn apa apa iklan kau buka kau teruz,0.0
keren banget,1.0
kirim batam bintan tanjung uban hanya seberang pulau tidak bisa tidak opsi kirim sedia tokopedia saja bisa lewat pos indonesia,0.0
aplikasi shopee gampang kita semua dalam belanja,0.0
terlalu banyak pop muncul ngeselinya lagi tanda close lama banget tekan,0.0
aktif spaylater tapi kenapa selalu tidak bisa selalu keluar tulis jaring masalah,0.0
shopee sekarang kenapa lama datang nya pesan belum nyampe april,0.0
shopee tetap jadi pimpin pasar commerce indonesia namun jual sini tidak lagi bisa sekadar pajang foto lalu tinggal jual tuntut lebih aktif dalam interaksi digital sangat teliti dalam manajemen biaya agar tetap kompetitif tengah ekosistem shopee makin integrasi,0.0
alam semenjak mengunakan shoppe jadi sukak banget cek out banyak foucer diskon promo promo lain nya sukak banget sangat bagus,1.0
awal awal mesan cepat sampai nya tapi makin kesini makin gak jelas kadang minggu baru sampai kadang minggu gila kalau gak niat jual jangan jual,1.0
pay leter sudah lunas bayar tapi tetap beku kan kecewa payah shophe,0.0
always gratis ongkir,1.0
telah update jadi makin asa berat tampil bagi notifikasi jadi makin ribet begitu buka langsung masuk live bukan nya masuk beranda lebih suka versi lama,0.0
kenapa yaa shopee skg kalo lagi liat pas mau kembali halaman belum malah lgsg kembali beranda padahal pgn liat halaman belum malah balik beranda terus kesel jadi mesti ngulang lagi sampe kali padahal suka bgt belanja lewat shopee tolong baik,0.0
kok gagal terus verifijasi wajah padahal waktu daftar pertama tuh makain ktp suah banget klo gin,1.0
kirim lama sangat kecewa sperti toko lain,0.0
sangat bantu mudah kita dalam belanja tinggal pilih nunggu rumah sampai dech barang kita ingin perlu repot hrus keluar rumah terimakasih shopee,1.0
buat transaksi selain shopee nya langsung kurang bagus masa item udh bayar kurang saldo ttp keitung,1.0
tidak bisa guna belanja tiap checkout selalu batal alas aktivitas tidak wajar martket gila,0.0
kasih bintang karna argo antar barang sangat rugi driver,0.0
main ludo keluar iklan shopee terus anj ngeganggu banget bngst,1.0
aplikasi busuk aju banding lewat layan tidak sopan sekali serasa acuh angkat tangan prihal kait unit tidak apa tiba blokir tanpa banding apa harus jika owner akun ponsel bisa beri bukti sinkron blokir ponsel bisa hapus sangat bijak layan busuk,0.0
lama makin suka cinta shopee samping banyak pilih barang harga murah fitur nya pun istimewa rasa nya tidak aplikasi belanja online lain konsumen guna pun sangat perhati utama jika alami kendala baik pada saat mesan maupun ketika telah terima barang terima kasih shopee moga jadi aplikasi belanja online baik negeri,0.0
pusing tiap buka apk lain selalu adaa iklan,0.0
biar bintang bicara,0.0
knp gbs update,0.0
jelek baget aplikasi tapi boong,0.0
banyak aplikasi lain butuh cuman buat fitur simpel kaya libur dulu hapus aplikasi nye sendiri cuman buat pindahin aplikasi seller jujur gak guna nye,0.0
sangat suka aplikasi shopee,0.0
fitur cod ngga bisa alas pernah tolak pesan padahal tidak pernah tolak kurir saja tidak mau antar paket alas paket tumpuk,0.0
tapi bisa jadi htxplorx puri kedaton cek,0.0
apk shoope sangat bantu bisa cepat sana moga maju terus apk shoope,1.0
shopeevip nya eror bisa masuk jadi kedip,0.0
shopee top markotop jos gandos pokok,1.0
males lama masa paket lokasi transit sampai hari,0.0
shopee terlalu paksa masuk aplikasi nya iklan mana mana turut udah terlalu lebih,0.0
potong jual tinggi kirim lama barang hilang kopensasi jauh harga barang payahhhhh,0.0
terimakasih ada shopee belanja lebih mudah lebih murah tidak capek belanja dishopee senang beli apa aja pasti sukses selalu shopee moga depan makin jaya aamiin,1.0
shopee indonesia selalu bikin masyarkat mudah beli segala butuh rumah tangga mudah murah moga shopee selalu rakyat indonesis,1.0
bagus benar tapi kendala jadi gak bisa beli apa gak bisa pake shopee pay karena orang tidak tanggung jawab pake akun pas aju banding udah lewat hari gak bisa apa apa lagi,0.0
benci iklan shoope padahal gak buka shopee tapi tiba tiba aja aplikasi buka,1.0
sangat puas dgn sopi,1.0
tolong dong benah atur nya jujur resah masalah unggah foto barang varian atas tapi tapi harga tampil nyata harga varian bawah jujur risih niat nyari barang malah kena clickbait mulu cape juga udah dapet harga sesuai nyata harga barang buat varian barang lain,1.0
banyak banget iklan,1.0
sana selalu tepat waktu tidak lecet,0.0
tolong dong min kalau bikin voucher tuh bener masak makin kesini dapat vouchernya makin susah dulu voucher nya masih kasih jeda waktu menit sekarang masak kasih waktu cuman detik doang pikir dong min kasihan hpnya spek kentang udh lanjur harap bisa dapat voucher malah bagi voucher sama sekali,1.0
kata bisa cod malah tidak mana kurir sering ganti jadi lama nyari alamat,0.0
aplikasi sudah sangat bagus buat pake belanja namun kendala aplikasi shopee masalah kirim sangat terlalu lama hingga bisa sampai makan waktu bulan lebih banyak pesan sudah bulan lebih sampai sekarang belum juga sampai ketang depan mohon buat pihak shopee baik lagi masalah kirim akhir akhir kirim sudah sangat terlalu lama mohon utama masalah kirim,0.0
parah shopee reguler sih double kaga jelas kecuali goceng tuh,0.0
semenjak jadi stress,0.0
penipuannn beli shopee food kaya paksa beli voucher deals trus gua top lagi masih kurang lagi gilaaa kacauuuu duit gua ludesss,0.0
moga layan selalu bagus,1.0
senank lihat agam macam prodack,1.0
bagus sih bagus tapi pls deh iklan nya ngeselin banget tiap baca novel online slalu aja muncul bahkan saat sudah hapus histori tetap muncul ongkirnya mahal banget kalo pulau jawa selalu aja sana ongkirnya murah,1.0
untuk buat aplikasih shoppe hpus aja aplikasi frustasi tunggu pketku lama bgat dtangnya,0.0
jangan mau pesan paket shopee masak paket belum antar kurir tiba paket tolak beli padahal tidak pernah tolak paket lagi lagi paket tolak beli padahal tidak pernah tolak paket,1.0
nanti ulas lagi kalo sudah aktif cod gara cansel kurir gak bilang kalo bukan sendal trnyta terong akhrny cansel bareng kna nonaktif cod shopi gak asikk,0.0
pihak shopee tolong iklan kurang kadang gak pencet pun masuk sendiri aplikasi terlalu paksa,0.0
kurang iklan,0.0
buka aplikasi mumcul video promosi bikin jengkel brisik jadi malas belanja shopee,0.0
terlalu banyak iklan semua aplikasi,0.0
tolong henti iklan shopee aplikasi lain sangat ganggu auto kliker jangan sampai orang orang jadi benci aplikasi shopee karna iklan shopee auto kliker,0.0
iklan tidak bisa henti ketika sedang pakai,0.0
proses kembali dana lama banget makin jelek shopee,1.0
oke buangeeeeetttt,1.0
makin mantap,1.0
shopee retur sulit banget seperti lebih pihak seler konsumen rugi waktu alih marketplace lain,0.0
iklan agresif misleading biarin sapa suruh bikin iklan ngeselin,0.0
aplikasi bagus searching apa saja sangat mudah cepat pandu mudah mantap,0.0
aplikasi lama kayak scam tiap buka crome suka tiba alihin shopee udah kayak bug aja kualitas pengiklananya ketat kek,0.0
sopi tololl bisa cod semua,0.0
berapa sya aju pulih akun tdak pernah tanggap sdah tahun akhir spaylater juga tdak bisa guna kecewa berat,0.0
app favorit ini tapi sering ngelag klo liat live,1.0
sangat baik balik akun agar bisa cod,0.0
pernah retur tiap beli tpi sekarg bisa buat cod lgi entah apa masalah nya tiap ditail lihat kata nya karna sering retur padahal pernah,0.0
ksih shoppe bintang karna emg bagus apk belanja online dripada lain tapi kok skrg gabisa beli barang shopee kenapa semenjak ganti nomor whatsapp ganti akun google malah gabisa beli padahal belum nya bisa beli shopee jadi skrg gabisa beli online lagi karna klo pake ibuk sering marahin karna beli barang terus kan klo sendiri bisa dimarahin tolong baik shopee nama oryne tolong baik,0.0
newborn room smells fresher now and felt completely comfortable having him work around baby equipment and nursery items safely,1.0
status paket tidak update sudah beberapa hari masih situ aja kita ngk tau paket kita udah sampe mana nanti tiba aja paket nya sudah sampe depan rumah sedang kita posisi tidak rumah akhir return otomatis posisi paket tidak bisa lacak tidak seperti tiap hari selalu terupdate posisi sudah sampai mana spx tidak update sampai nya juga lama tolong baik boss tiap hari update terus seperti terima kasih,0.0
tempat belanja murah ter update ter lengkappp okeee bngettt,0.0
sangat bagus tapi kok harga nya beda punya dua handphone,1.0
sangat puas barang nya bagus,1.0
mantap sata sudah lama penguna shopeeee,0.0
sangat baik belanja shopeeeee jan lupa banyakin fre ongkir lagi,0.0
puas banget amanah,1.0
semua apk jual beli paling suka shopee banding lain mungkin sebentar pisah sama shopee terima kasih shopee lama selalu beli semua butuh shopee terima kasih voucer segala mudah terima kasih,0.0
kirim cepat kurir nya ramah terimakasih shopee,1.0
jamin segala transaksi,1.0
aplikasi sangat fleksibel belanja,0.0
murah riah barang nya,1.0
penggune shope tetapi saat buka apk lain banyak iklan shope sangat ganggu harus nunggu lama kalo mau skip iklan tolong min rangin deh iklan shopenya,0.0
cukup penuh syarat bagai aplikasi launcher,0.0
udah akhir pakai apk shopee kirim telat mulu paket sering gak gerak gerak bahkan sampe hari gaada ubah status enak pesan tiktok,1.0
shope gak jelas gak sesuai harap tentu,1.0
banyak bebas ongkir nya,0.0
hati hati banyak tipu,0.0
sekarang kalo mau ngajuin kembali barang upload video nya lama terus sering ngeleg,1.0
recomendasi potong harga buat belanja banyak terima kasih,1.0
bisa kurir spx gambut kalsel atas nama malik pecat saja kurir masalah guna paket pernah sampai rumah terus ngambil kantor spxnya,1.0
kenapa shopeefood metode bayar shopeepay nya pin nya harus diadain pola pin sandi biar gada resiko pencet lalu lanjur order gabisa batalin order apalagi menu batalinnya cuma beberapa detik aja kalo gitu mah rugi belah pihak,0.0
jelek tida sesuatu barang pesan,0.0
baguss juga sih tapi kenapa punya gaada gratis ongkir nya atau karna orang aceh jauh jadi gara gara gaada gratis ongkir nya,0.0
shopee benar benar jadi salah satu platform belanja online favorit aplikasi mudah guna pilih produk sangat lengkap sering promo tarik seperti gratis ongkir serta diskon besar proses bayar juga fleksibel aman mulai transfer bank hingga wallet selain kirim relatif cepat fitur lacak pesan sangat bantu layan langgan shopee juga responsif ketika kendala overall alam belanja shopee sangat praktis muas,1.0
kok masuk metode bayar tak bisa,0.0
sudah jelas pakai aplikasi resmi tdi baca sistem pakai baja,1.0
sangat sangat gaksuka sekarang udah baru lelet nya mintaampun mana pihak aplikasi tolong baik dilunya bagus sekarang gaklagi,0.0
kecewa berat alamat dah bener dah sesuai masih aja salah apalagi kurir nya bukan nya tanya sama orang orang sekitar udah benerin nomor sama alamat pun masih nyasar aja kurir,0.0
very good,1.0
ongkir paling murah harga lumayan miring lain nya sangat cepat kirim,0.0
belanja cukup rumah aja,1.0
kurir bohong tidak kirim pesan lokasi beri bukti foto rumah orang lain alas mes tidak rumah sedang mes tunggu hari paket sebut akan bawa pulang kampung,0.0
sekarang biaya tangan biaya layan terlalu berat hitung sama harga produk sama aja beli toko biasa beda nya,1.0
bagus tolong banget uang,1.0
aplikasi sih cuma tiba dapet chat kurir mau kirim paket kata paket batal nomor resi beda padahal udah bayar tapi kata kurir paket cod terus juga costumer service nya belit jelas udah kalo emang duit bisa dibalikin gpp akun gue blokir dong padahal salah sono udah gue juga jadi males mau belanja sini,1.0
makin kesini makin aneh masa verifikasi umur harus lewat spaylater,1.0
fitur reply bot sama sekali tidak bantu bagai beli kalau sampai guna kolom chat arti perlu komunikasi langsung seller bukan bot sebal banyak omong tau,0.0
kurang jelas baik apk nya,0.0
baru gabung moga depan makin harga barang jangkau tapi kualitas,1.0
banyak discount banyak kejut pokok shopee baik lahh sukses selalu,1.0
hallo min mau komplain sering belanja shoope bayar gak pernah telat kenapa limit spaylatter kok cuman aja gak nambah cmna mau beli barang ingin tlong lah min tambah limit,1.0
kok saat ingin mosting video nya nya batas padahal kan penting sampai dapat sang beli kalo masih begini masih jelek tolong baik lagi biar maxxx siman,0.0
bagaimana bisa data lengkap alamat bocor orang tidak kenal bagaimana bentuk tgg jawab shopee apa perlu lapor,0.0
hadeh knp shopee skrg susah bgt pindah akun,0.0
sangat bantu bagi suka belanja tanpa ribet tinggal liat brg bayar,0.0
sangat muas layan nya sukses selalu buat shopee terima kasih,1.0
toko pada amanah kirim tepat waktu kurir baik responya cepat,1.0
tolong dong buat fitur shopeefood batal pesan gak harus sampai menit gimana kalau customer mau ganti pesan atau tidak jadi beli soal tiap beli makan shopeefood kendala nya fitur batal pesan nya agak lama nunggunya jadi sering susah kalau mau batal pesan,0.0
mantap poko,0.0
sudah lah tutup saja kantor spx lama kirim barang selalu paket harus ambil kantor spx belum kirim kita paket lewat tanggal estimasi malah return tolong shopee tingkat kan lagi kerja anda kami bayar pake uang bukan daun oke jujur layan shopee kurang tegas kepada kerja kirim barang,0.0
puas banget blanja shopy brang bagus sesuai dgn gambar deskripsi,1.0
shopy mudah masyarakat belanja dgn harga jangkau murah moga depan shopy suatu satlaat jadi bomerang bagi masyarakat ekonomi lemah,1.0
mantap lama selalu pesan atau belanja tetap pada amanah,0.0
tidak muas jir masak baru login bisa cek out pakek vocer najis,0.0
lama hanya shopee baik,0.0
aplikasi makin ngk jelas sekarang ngk konsisten kirim barang lama muter ngk jelas,0.0
kurang shopee kirim paket salah satu kurang sering rasa guna shopee adalah lama waktu kirim paket tidak jarang paket tahan cukup lama gudang atau dalam proses transit tanpa jelas cepat hal buat beli rasa tidak nyaman khawatir hadap barang pes harus proses kirim bisa laku lebih cepat efisien tanpa tunda tidak perlu pihak layan harap dapat tingkat kerja distribusi agar,0.0
guna lama shoope ngajuin buat aktifin paylater punya tagih jatuh tempo ngerasa salah tapi sudah jatuh tempo lunasin semua nya sampai mas jauh tagih pun sudah lunasin sampai semua nya beres tapi sampai hari udah bulan bulan kayak nya hampir tahun paylater beku kecewa banget,0.0
sangat bantu buat dagang krn terkadang banyak harga promo,1.0
kirim lambat padahal bukan lebaran atu mau lebaran,0.0
aplikasi ngawur gak minta panjang netflix panjang otomatis saldo potong,1.0
suka banget sama shopee jadi belanja gak perlu keluyur panas semenjak shopee jadi males belanja pasar,1.0
aplikasi kagak bisa diem apa gimna baru aja buka aplikasi wattpad malah harus shopee lagi capek bolak balik nya woyy jujur aplikasi shopee bagus banget tapi gitu ganggu aplikasi lain shibbal,0.0
mengapa shopee pay later jelas padhal bayr selalu tepat waktu tlg cek admin,1.0
berisik banyak iklan aplikasi lain gilaaaaaaaaaa bikin badmood sok sok pake tanda silang jebak benci bgt tiap iklan shopee lewat iklan gausah menit bisa gak mana bisa skip apa lagi klo udh tiktok lewat kira org konten biasa gilir swipe malah pindah shopee benci bgt benciiiiiii,0.0
bagus muas bisa mudah belanja jika sedang mls keluar,0.0
aplikasi sangat muas,0.0
amanah moga shopee selalu jaya,1.0
bagus apk asli banyak bonus diskon potong harga murah gratis ongkir,1.0
kadang ngelag kadang nggak anehhhh,1.0
kirim lambat sampe sampe nunggu minggu lebih paket sampai terima,1.0
paket sering stack kecewa,1.0
sangan bantu mantap lama tidak kecewa terus jaga tahan layan terima kasih,0.0
belanja cuma ribu batal kan sistem,0.0
pnglaman paling bruk guna shope iya pengmblian dana tinjau sampai mnggu sangat lelet brang kita atau pakt tiba kmblokn bgtu saja oleh kurir dgn alsan tidak org rumah fto aatu gambr mrka ambil bkti bkn alamat atau kntk kita mnta tolong atau tlfb bbtuan jwb tdk sesuai prtnyaan benar sial pnglmn pling bruk,1.0
puas baik produk,1.0
apa salah sama aplikasi shopee mau cekout bisa kata sistem shopee deteksi ada masalah pada aplikasi trus nyuruh update pilih updatenya juga pilih cuma buka sama uninstal,0.0
belanja senang barang ory nyesel belanja sini,0.0
ekspedisi spx ngga jelasss pesan udah lewat estimasi kita komplain bukan usaha pesan agar cepat datang malah suruh nunggu hari batalin padahal kita butuh barang cepat,0.0
tidak merespon keluh customer,0.0
sen instan tapi info toko selalu susah dapet driver instan tapi datengnya besok,1.0
benar apa bilangin baru kemaren update sekarang muncul lagi update alas versi baru alas versi baru sudah ngomong sama costumer service shopee aplikasi shopee tapi jawab lah maaf iya jadi kalau mau pakai aplikasi shopee download terus kalau sudah selesai hapus seperti pada depan minta update terus terus,0.0
bagus barang unik bisa jual pakai,1.0
entah apa alas nya putus kerjasama ekspedisi lain sedang kan spx express sangat lambat kirim nya barang sudah sampai hub status barang sedang antar tapi tidak sampai tangan beli para kurir spx express macam jabat penting saja tingkah nya telpon chat tidak respon barang tidak antar andai kata malas ngantar tinggal aja kantor biar beli ambil sendiri kantor,0.0
makasih shopee sudah bikin blanja nyaman sukses selalu,1.0
sangat mudah apabila barang harus kembali banyak gratis ongkir lagi,0.0
napas paket shopee datang makin lama belum walau pake spx hemat datengnya tetap lama ongkirnya juga terlalu mahal sekarang malah gin agak suka soal udah pesan barang jauh belum hari mau pake barang tetep aja masih lama heran,0.0
ada belanja online shopee sangat bantu belanja tdk hrs keluar rumah sering promo pasti mudah sbg ibu rumah tangga,1.0
beneran bsa narik,1.0
shopee indonesia menang bagus mantap suka banget trimakasih,1.0
napa sich pinjam padahal lancar acc lagi,0.0
baru nyoba pindah apk belah ongkir mahal,1.0
tidak dapat mes,0.0
tiati mau belanja aplikasi banyak tipu baru kena tipu belanja harga beli dateng rusak parah nya pihak shopee mau balikin duit padahal bukti video unboxing udah jelas,0.0
iklan ngeselin,0.0
bagus banus diskon gratis ongkir,1.0
commerce bagus cuman ekspedisi nya lelet semua bodo semua masalah terlalu anggap enteng,0.0
kurir shopee daerah palu malas semua sudah kali paket cod kurir malah suruh ambil kantor tunggu besok paket malah retur alas beli tolak payah layan kurir shopee palu sulteng,0.0
kmpret topup shopee pay kok minimum check out sekarang,1.0
knpa shope bisa buka trus klo masuk kya jaring padahal jaring bagus aja gmn padahal spylater,0.0
sangat bantu manfaat moga tambah sukses,1.0
apk bagus tapi kadang produk tidak sesuai gambar,1.0
lumayan bagus mau tanya napa tidak bisa shope ngendala tiada internet pada hal sudah coba buka lain bisa baik saja internet nya,0.0
kenapa tidak bisa ngirim shopee pay,0.0
lebih mudah saat butuh dadak,1.0
sangat manfaat buat lagi mager shop luar kota,0.0
kirim nya kacau kecewa barang tidak bisa langsung ambil drop point harus nunggu kurir sudah kali barang tidak antar kurir malah kembali jual cara pihak tanpa komunikasi apa,0.0
kenapa klau pesan sering batal udh kali kek gitu klau udah mau sampai batal kenapa,0.0
alhmdulillah puas blnja shopee dapet gratis ongkir trus,1.0
shoppe makin lama makin beres buat shoppe kalo kurir niat kerja gausa rekrut nunggu paket tanggal april sampe sekarang gada sampe alas nya aplikasi dalam proses antar macem rumah kamboja padahal rumah mas daerah indonesia tapi lama nya minta ampun kalo kurir niat kerja gausa rekrut kerja apalagi buat kurir panjang tangan saran pesan aja udah gitu nomor kurir nya gada kaya belah hdeh,1.0
sangat sangat tidak harga langgan kena kasus cod hapus sama sekali tidak tampil pilih metode bayar tanpa sebab tidak pernah laku salah apa apalagi rektur beli juga tempat dekat kota cod nya tapi saat hubung shopeenya malah ngawur jawab saat coba lalu chat nya malah ubah rubah orang bukan cari masalah tapi malah tambah masalah sangat kecewa sekali,0.0
apk sangat buruk banget utama kurir layan sangat kecewa berat paket tidak pernah antar oleh sang kurir hingga lewat waktu estimasi nya selain kurir nya seperti tidak mau antar memang liat kalau malas antar kan bisa alih kurir lain lah kgk sama sekali cuek aja sistem nya memang kurang siplin kurir nya jgn belanja apk klu kalian akan sesal sendiri nanti,0.0
nonaktif fitur face saat bayar tidak masa harus kali verifikasi habis sidik masih suruh juga face,0.0
oke oke,1.0
bagus banget aplikasi nya banyak voucher pula murah murah,1.0
apknya okeh tpi apk drivernya ngotak bawa barang dri cibinong tangsel blom sellernya diinput panjang lebar tolong lah baik systemnya blom lagi atur baru foto resi harus jelas bnyak sellernya pake kertas spidol susah buat uploadnya bnyak beban drivernya min apa apa suspend coba lah kalian buat systemnya jadi drivernya enak apa nya sameday jarak dri cibinong sampe jaktim argo aja gmna haus main food tiba tiba spx kan aneh,1.0
tolong atur akun opsi ganti username terimakasih atas perhati,1.0
banyak iklan semua aplikasi,0.0
udah bagus kurang notif aja sih coba kalo notif barang udah habis bisa kasih notif kalo barang udah ready pasti sangat bantu,1.0
bisa cari banyak barang banyak pilih harga saing free ongkir,1.0
terimakasih kepada semua pihak shopee bantu masalah ekonomi kerja allhamdulilah,0.0
saran sedikit shopee indonesia supaya cantum nomor telepon kurir data lacak kirim barang seperti apk tokop terkadang barang kembali namun kurir tidak telepon atau hubung terima bahkan sering kurir titip barang tanpa konfirmasi terima kasih,0.0
apk nya bagus tapi akhir akhir kirim spx nya lamban bgt jadi males kalo mau belanja lagi,0.0
perlu baik kata kunci nyari apa keluar apa,0.0
sangat bantu beli perlu,1.0
sangat puas layan bagus barang sampai sesuai jadwal,1.0
baik lancar semangat tingkat kan langgan setia,1.0
aplikasi jajah buat para driver kalo shopee kantor bandung pasti sudah kepung driver bandung raya,1.0
kali sangat kecewa bgt sama shopee beli toko aurora loka kirim refurbish udah rusak bisa pake kartu sim coba minta kembali barang bisa klaim garansi bisa bagai dalih jual sengaja ulur waktu tgl sampai lapor shopee nyata selesai biar bisa klaim garansi harus shopee tau dong riwayat chat dgn jual belum titik temu bisa nyata selesai,0.0
sangat suka krn utama nyaman keamaanan produk,1.0
shopee tidak mau tanggap jadi balas bintang sini saja,0.0
top puasssss,1.0
pokok rekomendasi banget terimakasih shopee,1.0
aplikasi cukup bagus mudah guna banyak fitur tarik sangat kecewa sistem expedisinya kenapa sering salah input milik punya orang lain jadi kan ribet,0.0
cepat tepat sesuai pesan bagi konsumen baru cari bintang atas,1.0
barang sesuai gambar ulas produk terbuktikanproses cepat toko jaga kwalitas layan sangat amanah trimakasih,1.0
kalau bisa ongkirnya turunin lagi pre ongkirnya banyak,0.0
sangat puas aplikasi udah berapa tahun pakai tdak pernah kecewa udah tidak repot toko belanja lama shopee,0.0
iklan wattpad ganggu banget sumpah orang lagi baca juga buku udah mahal orang orang pada miskin aplikasi baca bagus malah nyempil maksa masuk aplikasi lagi dunia udah tahu kali kalau tuh caper banget,0.0
puas bangat kirirnya baik bangat,1.0
kalau produk tidak bisa akses jangan tampil,0.0
barang jual sesuai tera apk,1.0
shopee memang bagus layan ekspedisi nol pesan kipas hari gak sampe nyata memang gudang kurir males nganter sekarang pesan ban motor harus sudah sampe nyata barang masih gudang juga gak kirim kapokkk belanja shopee mending tiktok aja kirim jnt cepat cepat kilat tolong shopee ekspedisi baik,0.0
tidak tarik,0.0
hapus saja terus shopee produk kata jual barang palsu padahal kita jual barang palsu customer juga komplen kok bilang barang palsu lamaa eneg juga klo ubah lihat saja semua produk kita pindahin tok tok semua bnyk atur,0.0
asli bagussss bngttttt,1.0
apk shopee lelet nya minta ampun suka tiba gak bisa pencettt,1.0
lama shopee selain makan udah gak pernah belanja pasar muantap benar bisa beli produk asli dgn harga murah gratis ongkir lagi,1.0
masa pas mau urus kembali barang atau repture harus kirim pake biaya sendiri tolak sama spx shoppe xpress masa suruh kirim lewat jnt jne pake biaya sendiri,0.0
layan sesuai harap,1.0
kenapa akun selalu kena tahan salah apa maling nggak nyopet nggak judi nggak,0.0
sumpah sih bagus banget,1.0
belanja shopee gak pernah tipu barang harga sesuai bangetzzzzz memuaskannn,1.0
apk banyak tipu,0.0
sangat suka aplikasi shoope cukup saja paket nya langsung datang tnpa hrus keluar rumah aplikasi nya juga bagus bangettt,0.0
barang bagus ori murah minus cuman kirim lama banget beda kalo beli tiktok shop paling lama hari langsung nyampe,0.0
belanja shopee selain mudah murah praktis juga taktis bikin candu,1.0
apk lawak gua pesan paket casing apa kirim lain sesuai pesan,0.0
shoope retur aja ribed mding pada pindah tiktok dah retur gampang,0.0
candu guna shopee sbg media belanja selain barang sesuai harga miring banding lain lanjur,1.0
harga jangkau moga dapat bonus voucer,1.0
kemarin saldo digipos lalu shopeepay dishopeepaynya hasil tapi tidak masuk digiposnya nomor sudah benar bagaimana solusi,1.0
mangkin banyak vendor kualitas jempol sukses selalu shopee,1.0
bisa mudah belanja jarak jauh,0.0
bos,1.0
sangat puaaas min terimakasih,1.0
lmyn alternatif kalo toko offline kosong,0.0
abot lot,0.0
aplikasi baik,0.0
kirim sekarang kacau lambat jelas terang nya apa kecewa sekarang sama shopee,0.0
mudah murah kualitas,1.0
mantab aplikasi hehehe,0.0
banyak paket kembali cara pihak tidak konfirmasi langgan gak tau paket penting sering banget kaya gtu kalau memang gak bisa ngantar konfirmasi mes jangan asal batalin aja,0.0
mudah benlanjaan kalau bisa ketat lagi soal masih banyak toko kurang amanah,0.0
aplikasi nya bagus belanja online banyak diskon gratis ongkir cuman alam make aplikasi pesan beberapa paket beli pas tiba kurir nya rumah lagi ngg rumah dia malah nelfon emosi ngatain langgan apa maksud nya hah gin kah kata aplikasi paling bagus platform belanja online kurir nya sdm rendah kek nya atau attitude nya bisa jaga coba aja papas ama kurir udh kasih bogem wilayahsulsel,0.0
update terus sering update beuh,1.0
bsa kasih solusi sama sekali kait kendala paket,1.0
kirim lama poll minggu pesan barang tidak datang padhaal alamat jelas bukan hari besar kapok sya belanja sini mending tokped atau,0.0
paylater batas udah bulan ajuin percuma saja kecewa banget,0.0
top markotop josjiss,1.0
cepat kirim banyak diskon promo smoga ongkirnya selalu murah seperti saat,1.0
mudah semua butuh,0.0
pernah kecewa blnja sini,0.0
puas belanja shopee,1.0
alhamdulillah pesan sudah nyampek sesuai pesan,1.0
mantul voucher vip nya,1.0
bagai usaha bantu aplikasi,0.0
respect suka banget sama shoppe semua dapat bonus gratis ongkir jika return barang proses cepat terimakasih shoope,1.0
mantabbb shopee love shopee josss suka bangettttt aplikasi shofie shofie ade nya joss joss josss mantabbb keren habis,0.0
kalau mau endorse iklan app lain tolong jangan terus sistem pencet dikit pindah aplikasi pencet dikit pindah aplikasi nyebelin banget lama lama begitu terus waktu scroll tiktok tiba tiba pindah shoppe waktu scroll wattpad tiba tiba move shopee bener aja dong,0.0
buruk spinjamnya,0.0
sudah bayar shopee vip tapi tidak dapat turun harga sedikit,0.0
sangat bantu biasa gratis ongkir juga,1.0
awal belanja dapat potong belanja pertama sekali telah isi data dll pas belanja voucernya hilang dasar tipu,0.0
iklan gausah maksa sudah sen banyak paket gak akan bayar sengaja aja emang siapa suruh bikin iklan maksa sampai buka aplikasi sampe relock ulang gak semua device nya sama tod jadi kalo mau bikin iklan fikir dulu gausah kaya iklan judol ujung nya maksa aplikasi,0.0
paylater aju balik barang nya gak bisa buka kenapa,0.0
kirim nya lama paket muter udah minggu paket helm nggak sampe,1.0
spaylater gabisa guna pas uda nunggu sesuai tanggal malah guna lagi besok nya gitu lagi gajelas emang kalo emang gabole ngizinin make spaylater gausa acc juga daftar spaylater udah mah make spaylater buat butuh desak lah malah gabisa pake gajelass,1.0
buat kalian belanja jangan pakai ekspedisi spx maling semua isi udah lot sampah gabisa kerja,0.0
belit belit pinjam,0.0
kenapa shopee tidak bisa buka,0.0
kurir guna atur unit mobil banyak main main gak serius pada motor,0.0
buruk kirim nya lama,0.0
barang motif bagus kurir juga cepat,0.0
pihak ekspedisi spx express curi njir shopee nya nga mau tanggung jawab kalian jangan sekal sen kalau nga mau curi spx express shopee nga mau tanggung jawab,0.0
puas layan pilih banyak kirim cepat aman,1.0
saldo shopeepay masuk suruh nunggu jam tapi msih blom masuk jga mana info lanjut nya lgi fix uninstal nih aplikasi,0.0
puas kirim,1.0
asyiik lah belanja shopee mau apa aja repot muter nyari barang mana payleter nya bisa nyicil tambah asyiik belanjax pokokx muantapps sangat bantu,0.0
sangat sangat bantu sekali proses begitu mudah,0.0
untung berapa semua dana tilep gws deh,1.0
mancing mania mantabs,1.0
sangat bantu perlu belanja shopee,1.0
belanja makin mudah aplikasi sdh tdk lot,0.0
sangat kecewa dgn shopee padahal sudah lama guna shopee tapi akhir kecewa layan barang lama kemas minggu minggu pas kirim lama banget pas datang kurir cuek aneh shopee skrng mending tokopedia cepat ribet mau tutup aja aplikasi shopeenya,0.0
selagi masih cuan mungkin ikut nya,0.0
banyak akun palsu sasar lokasi kita baru saja dapat pesan palsu cod padahal tidak mesa sangat rugi,0.0
sangat bagus sekali layan shopee sangat muas,0.0
bisa belan gratis ongkir,1.0
baik kurir pak kasi para kurir mitra habis paket gara dediket ama plus,1.0
mudah belanja online kualitas baik tapi sudah mesan shopee ujung kecewa mulai pesan tidak antar akhir kirim lagi pihak toko sampai pesan sudah dalam proses antar pun masih lambat akhir harus lewat estimasi waktu akan akun masalah tolong baik lagi,0.0
mudah dapat barang butuh harga variatif,1.0
spinjam shopee gila bunga nya sangat cekik turun bintang spaylater tolong dong naikin level advanced masa limit udah tinggi level masih aja clasic,1.0
cuma suka aplikasi,0.0
sdh uninstal satu kecewa kurir pernah beli remot adv tapi pas aku drmh barang udh dituker barang lama rusak sebel sama kurir foto barang masih utuh tapi pas pulang kemas sdh buka sedikit barang terima sdh tukar jadi males belanja shoppe gak kayak kurir amanah barang dtg selalu bagus,0.0
lama belanja shopee gak pernah nyesel banyak barang unik bikin hidup praktis ribu sampai ribu worth semua asal pinter milih toko bagai emak emak tim mandang mending shopee andal banyak barang rumah tangga murah tapi pungsi maksimal udah bukti sendiri dulu mikir belanja online rawan tipu tapi pas nemu shopee kalau kita teliti pilih toko bintang baca ulas aman banget butuh sini hemat waktu hemat tenaga,0.0
kirim lama padahal barang sudah sampai gudang tuju status kurir sidah tugas,0.0
kurang senang sekarang kurir nya shopee banyak bener dalam antar barang,0.0
baru mulai lagi belanja mengunakan shopee indonesia lah turut cuman kalau shopee biasa kalau udah cod mau cod lagi gak bisa,0.0
bagus brgnya sesuai pesan,1.0
puas kembali dana sngt cept,1.0
shopee selalu tepat waktu paket sampai dalam kondisi bagus,1.0
shopee sekarang kok lelet banget soal kirim biasa hari jadi minggu lebih apalagi barang pesan selalu pecah rusak meski dah dtambah bublewarp tolong dong baik lagi soal ekspedisi layan nya,0.0
bagus banget sekarang beli apa aja jadi lebih gampang semenjak shopee semangat terus shopee,1.0
baru buka aplikasi langsung sodor video buat bug leg eror tolong jangan paksa konsumen tonton video gak guna malah ganggu,0.0
bagus banyak barang diskon banyak lagi diskon nya,1.0
aplikasi hapus tanpa sengaja donlod pay store dgn telepon sama tidak bisa cek out sudah guna belum nya bagaimana cara nya punya telfon satu saja,0.0
aplikasi belanja online sangat mudah pesan kirim cocok,0.0
sangat kecewa dgn shopee knp kemarin malam jam obat turun item harga pas lihat emas item produ turun dgn nama seller beda hara obat turun sampai pas lihat waktu mesan jam saat sdg lelap tidur mati sdh chat shopee kata obrol bahaya lalu mau gadu kmn kan pake apk shopee tolong shopee cek takut hacker krn tetangga pernah alami hal sama,0.0
sangat bagus sangat bantu banyak sekali pilih apa dishopee harga sangat jangkau,0.0
iklan nya ngenganggu banget aplikasi lain,0.0
kualitas bagus kurir ramah,1.0
makin kesini makin berat sering bikin hang restart sendiri padahal ram terlalu banyak tambah fitur jelas,1.0
kecewa sistem shopee paket retur tanpa minta tanpa konfirmasi jelas jadwal kirim ubah pihak akhir rugi sudah tunggu paket bukan salah kurir tapi sistem masalah mohon baik,0.0
sesuai barang harga layan kurir the best,1.0
ukur lebih jelajah halaman apa lama loading nya padahal sinyal bagus map tidak sesuai dgn ada paket kurir antar mohon baik map lokasi pertama pakai sekarang belum ubah,1.0
pihak devlop nya kurnag konsisten sama beli ketika seller jual barang tidak sesuai gambar lalu beli asi sedikit kritik malah sembunyi akan mbuat langgan sangat benci marak sekali tidak sesuai gambar lbih baru kritik sekali tapi sembunyi kalau terus begitu fix apps kalian tidak akan maju,0.0
aplikasi peras sehat masuk akal,0.0
mau daftar agen shopee anda,0.0
sangat kecewa layan shopee express paket sudah stuck cakung sejak april tanpa gera lama lebih satu minggu sudah lapor kali kali namun tidak solusi selain minta tunggu lebih kecewa pesan justru akan batal alas lebih estimasi padahal bukan salah juga rugi voucher hangus kompensasi tidak banding mohon shopee lebih tanggung jawab hak konsumen penuh,0.0
mantap shope layan banget,1.0
aplikasi aneh suka open sendiri kon,0.0
mantaf lebih hemat kwalitas nya gak kalah app belah,0.0
paket selalu salalu mentok jakarta cakung bisa paket usah mampir cakung kerja lot beberapa kali pesan paket hari hari sana terlalu lama seperti jadi mending gagal saja,0.0
bagus cuman kalau batal langsung dibloklir cod nya,0.0
shopi skrng nda bisa cod nda kaya dulu mending tutup saja,0.0
sangat bantu terimakasih,1.0
payah shopee kirim nya acak acak kayak gak profesional transit sdh daerah sampai hari baik lagi kerja transit daerah daerah masing,0.0
makin buruk layan kirim lama ngirim tiba tiba balikin akhir kurir chat pakai aja acc padahal sama sekali ngechat,1.0
kurir spx nya tolol bener masa paket langsung retur tanpa bawa rumah,1.0
shopee deh tepat waktu kirim sesuai estimasi god job,1.0
aplikasi tidak rekomen orang sen udah hari barang sampe pihak shopee bilang besok tunggu besok pas tanya lagi bilang nya besok lagi hadeh aja sen aplikasi lain hari sudah sampai benerr kecewa shopee abal,0.0
shopee sekarang agak lama kalau spinjamnya biasa menit cair bisa tengah hari tapi gak apa moga tidak kendala,0.0
legenda jual online sih turut pelopor nomer kayak sih lebih sering belanja oren ketimbang ijo atau hitam makin banyakin diskon promonya dong biar makin rajin belanja minggu pasti aja beli buat butuh pribadi buat jual lagi iseng laper mata racun sih oren tapi lumayan bantu kok sukses terus shopee banyakin potong harga nya langgan lama kasih lah apa gituu ibarat kata kita kurir udah kyk sodara,1.0
benarin kerja tugas ekspedisi maupun kurir anda biar paket kami datang ngak lewat estimasi pesan reguler lama udah kayak paket hemat laut,0.0
benar banyak gratis ongkirnya tapi kirim lama banget biasa cuma minggu sekarang hampir minggu baru sampe,1.0
aplikasi bagus bwt belanja,0.0
belum bisa buka pakai akun shopee kok gimana mau kasih kasih dulu deh,1.0
belanja diahopee mwmuaskan swlalu langgan sukses selqlu kak,1.0
aplikasi lot parah mana biaya layan juga naik transaksi,0.0
event shopee tanam tapi selalu tidak sedia lama hari turut turut padahal baru detik waktu sudah tentu fix sengaja,0.0
buruk antar barang esti masih umpama awal tanggal sering jadi ubah ahan estimasi jadi tanggal terus banyak iklan podak tidak sesuai etalase awas pihak shopee kurang detil,0.0
terimakasih shopee sya belanja online selalu pakai shopee member silver sampai member platinum sukses selalu,1.0
shopee keren aayang belum dpt shopeepay later padahal sering belanja,1.0
sangat bantu harus tetap bijak kontrol jangan sampai loss control bisa jebak hutang,0.0
iklan duit jatuh bukan kembaliin malah curi banget maksud apa curi normalisasi nyuruh orang lain jadi curi minimal akal tuh pake kasih akal bukan pake malah taro dengkul mikirrr,0.0
apk sangat bantu banget klo mau belanja apa tpi minus kdg klo barang sesuai susah aju kembali krn hrus antar dlu lah atau kena biaya dlu pdhl kan sellernya aja salah krn ngasih barang sesuai sama gambar jdi plisss dongg pihak shopee kasih fitur jemput kurir biaya semua daerah kan jadi kewalahan kita kasih bintang dlu aja yaa moga cepat baik biar guna bisa nikmat apk dgn baik,0.0
puas sih belanja shopee saat tapi sayang bisa klaim koin kalau klaim pasti keluar akun curiga apa curiga lah kita belanja sampai banyak pakai akun ganti ganti pinda mana mana,1.0
punya ekspedisi tapi sop pesan barang tanggal maret sampai hari april gak kunjung sampai padahal seller langsung kirim tanggal sama ulang kali complain pesan stuck tanggal maret kosambi hari hari tidak solusi sama sekali pihak spx maupun shopee hanya suruh tunggu alas high season alas classic tahun berapa kalian terjun dunia ecommerce masa gaada evaluasi sangat malu,0.0
respon cepat,1.0
gila iklan buka aplikasi langsung suguh iklan mstinya pas cari produk tuh iklan bisa otomatis off dnk msak jalan terus ganggu banget iklan,1.0
ampun dah beli barang tengah bulan sampe sampe,0.0
tolong dong pihak shopee mulai benah terima driver shopeefood wajib pakai psikotes banyak banget driver kalian ugal ugalan minim attitude sopan banyak ngeluh mulut kotor masih banyak lain,0.0
belanja shoope ribet jauh lancar semua fasilitas kendala nya gercep bantu,0.0
kirim shopee sekarang ruwet enak waktu kurir pakai jnt spx akejelasan paket uda minggu lewat kirim status masih stuck aja datang gudang bilang barang numpuk mau nyariin suruh nunggu hari malah lebih hari kirim juga pasti bakal nanti retur pihak gilir shopee solusi sama sekali kecewa,0.0
kurang puas henti aja kerja sama sama antaraja paket tunggu pagi sampe malam tidak antar ujung kembali jual,0.0
jasa kirim lambat sering nge stuck,1.0
shopee sangat buruk,0.0
iklan nya tolong ganggu sekali astaga,0.0
banyak bantu tapi tingkat kan jangan tipu lagi,0.0
tingkat kualitas kuantitas kirim,1.0
usaha kan barang kirim biar rupa pesan bos,1.0
lama pakai shopee alhmdulillah mudah belanja akhir barang yng dateng slalu minus entah barang penyok makan remuk jadi agak kecewa takut sen lagi apalagi barang bahan kaca jadi semenjak ganti expedisi bis nggk sih dulu aja udah bener yng sekarang banyak kecewa nya,0.0
baik dapat guna sesuai butuh,1.0
bagus nyaman jamin jangkau harga nya,1.0
shopee stop muncul apk wattpad ganggu banget,1.0
tambah tema gelap ubah pada atur agar lebih rapih,0.0
mudah murah simple ramah cepat dalam kirim,1.0
bagus buat buyer,1.0
sangat baik lama belanja,0.0
kalau retur barang harus buat video review masa batesin gimana mau kirim video full review kalau barang rusak kmu pikir buat video review bisa cepet gitu cuma menit kalau kualitas turunin apakah cukup liat masih lebih juga atas lalu kalau gesa gesa barang rusak gmana pas review semua orang bisa cepet unboxing barang nya buat video review buat max lah biar bisa kirim video review full paket buka sampe cek alat beli tanpa harus cut,0.0
kirim nya lohhh astaga gerak gerak lama bgt kirim,0.0
respon nya cepat,1.0
terimakasih shopee atas layan baik,1.0
kualitas sangat baik,1.0
layan shopee shopeepay makin mantap banyak produk kualitas harga jangkau diskon lumayan ongkir gratis sayang biaya ukur khusus beban berat ukur besar buat harga lambung lebih harga toko dekat awal mau beli jadi batal pilih beli toko offline saja meski demikian tetap saja shopee the best,1.0
waktu dapet diskon jadi kan belanja tapi waktu mau belanja lagi semua tidak bisa cod gimana sih,0.0
aplikasi ribet batal pesan cod harus tunggu hari beli mah bebas pilih barang sesuai gilir komplain slow respon,0.0
shopee sudah jauh lebih baik dulu tetap perhankan,0.0
kasih bintang aja deh siapa tau bijak baru amnesti massal istilah akun affiliate nonaktif sama seperti penjara biasa hari merdeka tiap tgl agustus amnesti massal perintah siapa tau sopi juga daripada bikin akun baru kan ribet susah minta ampun cari follower nama juga manusia salah biasa,0.0
utama layan kwalitas,1.0
kalau punya iklan bisa ngak sih ngak usah maksa kami masuk apk shopee biasa aja gitu vidio aja tiba tiba pindahin shopee ngapainnnn buka neng malah benci habis unintal apk ngeselin mending lazada,0.0
mohon maaf kak kenapa kalo buka aplikasi shoope sering keluar sendiri aplikasi nya baru mau lihat produk tiba keluar sendiri dri aplikasi,0.0
bagus sdh langgan cuma shopee pas,1.0
bagus murah murah lagi,0.0
tiap akun udah platinum aja alas buat dibatesin padahal gda aktifitas aneh curiga ujung harus buat akun ulang awal lagi gda promo apa,0.0
shopee sangat manfaat buat harap khusus buat kalau bisa ambil tempat,1.0
sangat bantu butuh cari alat,0.0
suka belanja shopee telah qriss semangat shopee sukses selalu,1.0
stiap downlod shopee selalu tdk bisa guna beli brang gak jelasssss percuma downlod shopee tpi tdak bisa guna notip stiap mau pesan kmu tlah mengunakan promo sila guna promo lain nya jika tetap lanjut checkout mka akun akn blokir notip gak jelas usah pake promo penting bisa beli,1.0
makin lama makin aneh shopee barang sudah minggu lebih belum kirim,1.0
kalau banned akun sistem bener gua udah langgan mahal main ban aja iya kalau gua kriminal tipu pantas ban aju kaya formalitas aja robot aja respon kalau kaya gin gak solusi atau tanggung jawab makin semena mena aja aplikasi,0.0
bagus tapi kenapa sering minta baru akun,1.0
aplikasi banyak discoun barang kata nya datang minggu tapi belum minggu aja udah sampe,0.0
bagus sekali layan bagus cepat,0.0
sdh lama pake shopee tingkat tahan yaa,0.0
selalu manfaat moga sering banyak dicount,1.0
moga bisa,1.0
spaylater mentok ribu gak naik ongkir kena mahal mending uninstall saja aplikasi,0.0
shoppe memang raja online murah,0.0
shopee sangat baik gratis ongkir,1.0
suka sekali,0.0
ribet bagus kembali barang aja ribet pakai tinjau sega lagi kan nama bebas kembali bebas dong pakai tinju lagi pokok nya ribet shopee nyesel langgan shopee,0.0
banyak menggangu iklan susah pencet banyak ngatur,0.0
apa tiap iklan nya sengaja banget buat arahin paksa aplikasi nya mana banyak jebak contoh tombol palsu mencet langsung aplikasi nya bodoh,0.0
update terus tapi loading ttp lama padahal jaring bagus memory besar aplikasi belah bagus lancar gak masalah,0.0
sangat bantu usaha cari barang relatif murah,0.0
bagus bantu banget kalo mau jual,1.0
enak apah semua,0.0
sangat puas belanja shopee banyak promo ongkir murah gesit dalam layan konsumen,1.0
thank,1.0
jauh sangat muas,0.0
barang sudah terima sesuai pesan,1.0
shopee makin kesini malah makin kesana udah bener kaya dulu kirim banyak opsi estimasi tiba nya tepat lahh sekarang malah makin ancur aplikasi jasa kurir cuma satu iya pesan membludak kurir keteter least pesan konsumen hambat estimasi tiba tanggal tapi malah stuck,1.0
baru kali belanja shopee banyak kendala pesan stuck gudang bekas sen tanggal april sampe sekarang minggu lebih belum juga sampai kaya masalah ekspedisi yaitu spx tar kalo pilih ekpedisi lain tetep akan belanja shopee tapi tidak akan banyak seperti dulu sudah kecewa sama ekpedisi nya yaitu spx banyak akan pindah aplikasi belanja online lain kalian pihak shopee telah buat kecewa,0.0
sangat baik beri rasa aman dalam belanja,0.0
lumayan bagus tingkat lagi ajah informasih lacak sttus pengirimanya,0.0
tolong hapus biaya ukur khusus sangat tidak masuk akal harga,1.0
bingung kirim paket nya kecewa banget shopee udah hari paket tidak sampai sampai kemarin daerah besok balik lagi sortir besok lagi beda wilayah lagi aneh aneh shopee,0.0
mulai pertama langsung main video lalu aplikasi sudah background tapi masih keluar suara video bagi kombinasi perlu ubah,1.0
shopee slalu bikin happy,1.0
shopee paylater udah tahun gak bisa digunain lagi gak bisa pakai suruh nunggu gak kabar sampai sekarang aplikasi buruk,0.0
mohon baik pada verifikasi wajah yaitu tablet xiaomi poco pad mengapa tidak sinkron jadi ketika posisi tablet aplikasi shopee kita posisi landscape maka kamera muncul wajah sebut malah jadi posisi potrait hingga gagal verifikasi catat pada kasus pakai aplikasi shoppe baru semua izin sudah izin,0.0
tolong jangan blokir perangkat biar bisa mesan lagi shope,0.0
seller cek performa toko lebih nyaman aplikasi dulu belum update dulu bisa buat lihat produk apa paling banyak kunjung buyer tapi sekarang gak fitur sebut tolong pihak shopee buat lagi seperti dulu,0.0
sangat suka shopee belanja gampang amanah skli,1.0
lama layan shopee baik saja apbl kendala return barang via spaylater selalu gerak cepat cepet beres proses,0.0
lebih banyak waktu kirim cepat kualitas sesuai harga,1.0
aplikasi sangat bantu,0.0
aplikasi sangat muas baik,0.0
pesan stuck hampir pekan ubah komplen bisa padahal barang sangat butuh cepat,1.0
sangat bagus buat belanja online,1.0
shopee mantap cuma kemarin barang ambil sama tukang paket kata salah orang gimana,0.0
makin lama makin mahal ongkirnya malah lebih tinggi ongkirnya daripada harga barang nya sekarang shopee sudah tidak asyik lagi pakai buat belanja,1.0
kembali barang sudah tuju tapi kurir tidak datang sampai besok jika memang tidak bisa kembali konfirmasi jangan buat tunggu baik sistem,0.0
shopi pokok nya top,1.0
shopee chrome menganggu sekali,0.0
shopee sangat kecewa sekali sangat kecewa klo tidak tindak lanjut akun maka aplikasi hapus gak akan belanja lagi sini sudah langgan lama sampai kurir hafal kok begini percuma kita langgan dishoppe klo laku shope sama langgan seperti,0.0
nama shopee pay knp bisa ganti pakai nama panggil sesuai ingin guna nya aman akun kan bisa dgn nomor tlp mail baru kini mlh bisa cod dgn hrga promo cod bsa dgunkan tpi hrga promo hilang mlh jdi harga normal nya kocak kurir knp hrs spx mulu pea sedang kan kurir spx ahlaklah punya urus beli barang bayar barang uang juga kacau kya kurir cepat pea update jelas validasi komisi lama banget,1.0
sayang bisa blokir akun shopee lain minta live malah mode boot trs,0.0
aplikasi iklan terlalu sangat ganggu,0.0
shopee gak kaya dlu lagi sekarang estimasi akurat pas susah nyiapin waktu trima brang saat sbuk krja estimasi sllu ubah undur waktu apa pesan batre setag sortir jalan hampir tengah bulan nunggu tanda jalan barang harus makin bagus malah tambah bruk skrang hdeuh,1.0
iklan google web youtube sosial media bikin nyaman sekali klik langsung teleport masuk aplikasi shopee mana lama pula jadi hapus saja toh aplikasi berat beratin ram menuhin memori,0.0
tiap mau mes barang selalu sangkut cileungsi lama hari kadang itu malas beli barang shopee tolong lah kalo pesan barang langsung kirim aja alamat tanpa pakek nyangkut segala dulu asa pala kayak gin kali lama syukur paham sistem masih ngerti sama kurir ngantar rumah coba ngerti habis kurir marah lama paket sekali lagi tolong revisi lagi atur kirim tanpa kendala nyangkut,0.0
aplikasi sangat bantu dalam belanja online,0.0
sangat sangat puas respon butuh pasti juga ringan kantong kalang masyarakat kelas bawah,1.0
sistem verifikasi benar benar kontradiktif ulang apa minta laku validasi otp via whatsapp jika ujung ujung sistem tetap paksa verifikasi password tahap sama jika pilih jalur otp tanda kendala pada password atau butuh akses cepat tanya kembali password telah otp hasil adalah langkah sia sia hanya buang waktu bukan lagi soal aman tapi alur cacat logika sistem tidak jelas,0.0
skrg jasa kirim paket tidak bagus krn lelet sekali jadwal terima paket tidak sesuai estimasi sistem sekarang udah lebih jadwal tentu alih kasih garansi terima paket harga mana garansi tau alurny apakah bisa klaim atau tidak atau hanya hias bahagia konsumen saja agar konsumen tidak marah krn smpe skrg claim garansi terima lambat paket tidak temu akun,0.0
tugas ekspedisi gak becus lambat tidak profesional tak seperti tugas jnt sangat cepat profesional,0.0
good,1.0
pokok mah cakep bgt belanja shopee mks untk semua,0.0
kenapa kalau pesan shoppe sekali baru sampai kadang satu bulan kecewa bangettttttttttt,0.0
moga sukses selalu,1.0
aplikasi sama sistem ekspedisi blangsak masa jabodetabek bisa minggu barang baru sampe macem over land aja blangsak,0.0
oke mantap,1.0
sudah lama pake shopee tapi gak kasi spaylater spinjam mgkn selesai belanja bulan pindah lain hati aja thanks shopee,0.0
kalo bikin iklan bener masa iya lagi iklan tiba langsung masuk apk nya,1.0
shopee skrg jelek bgt ekspedisi utama spx kirim suka muter respon solutif bgt pokok payahh bgt shopee skrg,1.0
masuk dong shopee kalo baru buka shopee jangan langsung page vidio kadang suka nge crash tiap buka shopee udah dipindahin page home malah suara vidio nya masih terus coba ulang gitu lagi terus mending pas buka shopee langsung home aja,1.0
apk guna beli tipu uang tidak bisa kembali,0.0
ksh tau knp klo order food lama krena shopee licik apk customer dksh tau titik awal driver nyata driver dpet minimal lokasi resto bukan driver dekat,0.0
shopee kenapa sih asa kagak mencet apa dah waktu iklan masuk aplikasi mbok jangan maksa bikin badmood aja padahal aplikasi udah oke banget iklan lho bikin jengkel udah sering belanja shopee masih aja iklan liar mana,0.0
sangat puas bagai layan shoppee,1.0
ongkir murah layan responsif dukung promo diskon produk tarik,1.0
bagus sekali tapi diskon mahal,1.0
suka sekali,0.0
telah sering belanja sini makin lihat nyata aja toko star bintang tinggi tipu kita beli apa kirim apa jadi lebih hati dlm transaksi tolong utk adu tindak lanjut agar tdk lagi jual enak jidat kirim barang tdk sesuai kita pesan,0.0
ubah tanpa tuju,1.0
sangat serius,0.0
bisa sih shopie lebih bijak lagi kasih reting rendah nih soal cod tolong buka lagi dong jangan banyak barang cancel tapi lihat beli berapa item beli lagi cancel barang tidak sesuai deskripsi jual tawar jangan hambat bagai guna shopie lalu cod hanya beberapa item cancel langsung tutup system cod nya apa harus banding banding online shop belah dah gercep lelet,0.0
barang bagus sudah sertifikat halal juga,0.0
kirim lelet poll gagal kirim lah kurir udah tugasin tapi kirim masalah gue bayar setan benerin lagi please shopee duhhh urah beberapa kali lhoo bisa tingkatin lagi huh,0.0
kirim sampe minggu udah gitu masih juga lewat estimasi mana bukan sekali barang udah nyampe kota tuju gak antar kurir tiap hari status tunda,0.0
verifikasi salah satu cara bawah tapi pilih cuma wajah dih,0.0
gara telat bayar spaylater sekarang jadi gabisa pakai saldo spaylater nya padahal udah tahun sampe sekarang masih beku,0.0
sudah tahun lebih akun masih beku splater padahal limit telat juga berapa hari juga sudah lunas sama bunga kok masih tinjau tim buka bisa baru limit atau aju lagi,0.0
bagus sangat baik guna,1.0
kenapa puasa sampe sekarang akun gak bisa cod tlong baik,0.0
oke,1.0
aplikasi bego shopee food kirim orang lain salahin aplikasi bintang harus kurir juga pinter konfirm akun mes malu org pesan makan malah kasih makan kirim foto terima org lain akun begok bgt makin banyak iklan pula auto uninstall,0.0
sudah tahun tahun setia shopee,0.0
belanja dishopee sial dapet ekspedisi shopee express layan buruk sekali,0.0
bisa sih kalo lagi nengok apa usah tiba shopee muak anjir suka bgt lama,0.0
sangat puas,1.0
aplikasi sangat batu penuh butuh dlm hari kita semua barang kita cari sini terimakasih,0.0
pesan batal shopee terus aktifitas curiga ntah apa curiga belum nya juga pakai bayar sama kenapa bisa hasil tiba sekarang tidak bisa bahkan sampai minggu lama spam pesan tiap hari tetap batal shopee,0.0
subtotal ukur khusus kok bisa muncul sih kak,1.0
lumayan bagus hanya saja bagi kurir selalu tunda nunda kirim konfirmasi paket sudah sampai kurir,0.0
aplikasi buat sampah apa,0.0
suka bangettt langgan stya shopee syaa,1.0
sumpah mau daftar akun shopee nya gak bisa tiap isi nomer pasti tulis keluar montor sudah pakai silah ganti nomer,1.0
kenapa sistem cod sekarang batas tidak seperti dulu jadi males belanja sekarang,0.0
layan oke mantap,1.0
kecewa banget aplikasi bikin emosi tingkat dewa bisa cekit,0.0
iklan terus lgi asik bca malah iklan mna lama lagi ayam bnget ihh,0.0
percaya seluruh indonesia,0.0
bagus sih karna gak cape cape keluar beli barang hemat bensi,0.0
senang belanja shopee bisa cod harga jangka moga amanah terus trima kasih shopee,1.0
good app,1.0
aplikasi ringan signal tengah bar masih bisa tampil iklan,0.0
bagai jual sangat rugi proses kirim barang retur sangat lama barang sudah pakai hari oleh beli masih bisa komplain ajaib barang sudah pakai kok bisa komplain barang sesuai foto video lapak tapi beli bisa komplain beli komplain tanpa video unboxing liat sekali sangat condong pihak beli ongkir retur tanggung jual wah sudah jatuh timpa tangga pula nama moga makin sukses shope terus peras jual,1.0
bagus mantap terimakasih shopy kami belanja mudah tapi tolong shopy aktif kan cod cekdulu tolong shopy,1.0
buruk nya,0.0
iklan shopee banyak bgt apk lain,0.0
puas layan shopee,1.0
senang belanja shopee karna ongkir murah tepat waktu,1.0
bagus aplikasi,0.0
manfaat puas udah kasih bintang kok malah minta tambahin bintang lagi emang bintang bintang tuh puyer sakit kepala boss apa mau bintang kejora haduuuuh jauh butuh sayap buat terbang oalah pee shopee,0.0
sedikit maju,0.0
barang shopee kualitas mudah banyak dpt koin utk diskon blanja,1.0
paket sudah lama ngestuck tidak gerak gerak,0.0
biaya layan nya naik terus makin hari hubung nya biaya layan naik sama aplikasi versi baru apa,1.0
sangat buruk kali tidak bisa selesai masalah kembali barang sudah masuk hari tapi belum pickup rumah enak bener jadi seller begini order kilogram cuma kirim gram ingin kembali tapi pickup tidak kunjung datang parah member platinum prioritas hanya batas formalitas saja tak guna,0.0
kirim nya skrng jelek banget utama ekspedisi spx parah belanja shope status pesan nya selalu muter hub jaktim hub jakarta utara balik hub jaktim oper hub jakarta barat abis oper hub jaktim jakut lagi padahal tinggl jakbar sampe batal sistem pesan nya gagal kirim parah marketplace gede sistem ekspedisi nya jelek bgni skrng,0.0
mantap walaupun beberapa mmasalah kena batal produk seller tolak batal takut pesan dobel satu produk moga lebih baik lagi dalam batal produk ingin ubah pesan,1.0
jelek selalu kena tipu soal iklan judi terlalu banyak,0.0
alhamdulillah belanja online buat lebih mudah,1.0
apa kah shopee udah guna lagi jadi aplikasi kok bisa guna,0.0
lapor shopepay blokir sudah hari bom buka juga,0.0
recomonde tolong donk ongkirnya jangan mahal lama lama ongkirnya mahal,0.0
bagus cuma waktu harus bayar kali padahal shoppe pay udah jelas bayar masak harus bayar lagi,0.0
tolong sistem double order triple order pada shopee food hilang saja pesan hari sesuai terus kali rugi bingung mau minta ganti pihak driver sama pihak dagang lebih galak daripada bayar,0.0
senang belanja shopee alhamdulillah layan baik kurir juga baik produk cukup baik,1.0
gak bisa pencet suka ngelag ngelag sendiri,0.0
shopee food sering alamat salah padahal udah save punya mau,1.0
makasih sangat bantu,1.0
alhamdulillah terimakasih banyak semua moga sehat sukses selalu buat semua aamiin allahumma aamiin,1.0
makasih shope berkat lebih mudah belanja seperti baju tas sepatu dll harga juga jangkau,1.0
shopee nya bagus ketika beli barang semua bagus,0.0
makin kesini kirim spx lambatt alesan kurir user gak rumah padahal rumah user aja nggak tunda besok,1.0
bagus percaya juga turut tapi aga rangin iklan apk lain agk sedikit ganggu belum juga banyak komplain salh satu apk buat baca cerita fiksi karna terlalu banyak iklan shopee,0.0
kalian buat atur kekmana sech blom jam barang main return aja sama kurir pdhl batas waktu masih satu hari depan jgn terlalu banyak kejar target tapi gak bisa maksimal liat lah kesal sama kurir kelen sekarang dulu dulu kurir kelen banyak masih mau bolak balik buat antar barang customer blom ketemu sekarang antar gak jumpa dah cancel atur baru kalian kalau iya susah tau rugi jual juga kalau gak benah cara kerja kurir kalian,0.0
buruk dalam layan sering dapat barang jelek tidak sesuai deskripsi kirim tidak tepat waktu,0.0
tidak suka shopee,0.0
mudah cari segala butuh tangan keluh baik,0.0
sekarang shopee sangat tidak saran lgi kirim nya sangat amat lambat sen sekarang dateng bisa minggu bulan padahal wilayah kota alesan lonjak pesan padahal pas gudang nya pesan hanya sedikit kurir nya pun banyak,0.0
operasional nyaa lambat jarang gratis ongkir,1.0
aplikasi baik guna belanja online bagi seluruh warga indonesia,0.0
belanja makin gampang shopee,1.0
semua nya murah,0.0
kalo apl ijo metode bayar belum jatuh tempo total tagih bisa angsur nanti pada saat bayar kita bisa bayar sisa jml tagih turut cukup bantu saling untung,0.0
sarana belanja aman amanah,1.0
tolong dong shopee baik sistem masa gue nggak bisa login sama sekali sih mentok logo doang,0.0
aplikasi bagus ramah bertanggungjawab,0.0
belanja lebih mudah walaupun tinggal daerah pelosok ada aplikasi sangat bantu layan kurir juga bagus,0.0
alhamdulillah belanja shopee belum pernah kecewa selalu sesuai kerenn toko shopee moga terus amanah pada konsumen,1.0
kirim serta respon sangat muas,1.0
shopy memang percaya belanja buat butuh rumah cara onlain cod trimakasih shopy moga makin jaya yaa,1.0
tinjau aju kembali lebih waktu estimasi sampai saat masih aja tinjau shopee layan malah makin buruk,0.0
istimewa luar biasa,0.0
not bad lah,0.0
sangat bagus puas,1.0
asuransi bodong rugi beli jadi saran jangan pernah beli fitur nya ketika check out bawah barang tipu kedok proteksi,0.0
makin mudah bila kita belanja line sudah sampai rumah,1.0
produk amanah ksih,1.0
belanja online sangat bantu shopee the best moga bisa kembang fitur banyak lai good job,1.0
udah berapa taun belanja shopee terus dapet gratis ongkir potong harga barang nya pada oke alhamdulilah,1.0
kurir shopee skrng nggak jujur nggak disiplin paket smpai,1.0
mudah manfaat,1.0
aplikasi banyak nipunya pas flash sale kita sdh stanby eeh pas jam mulai barang sdh habis kan aneh banget app banyak toko tipu kita pesan harga mahal kirim barang murah gak sesuai deskripsi toko sangat rugi trus kita mau coba kembali barang kayak sulit mau lepas tangan,1.0
aplikasi bagus tplong dong kasih mode gelap biyar terlalu terang,0.0
fleksibel makin thanks,1.0
shoppe bagus tapi akhir akhir gatau kenapa tiap sen paket cod estimasi nya selalu batal oleh beli padahal paket belum dateng,1.0
mantap aplikasi shopee bagus,0.0
sangat bantu dalam proses belanja amanah terus iya reseller nya shopee mohon ongkir nya jangan terlalu mehong dong hehe biar makin lancar belanja nya hehehe terimakasih tolong dong sistem tingkatkn lagi soal sya mau aplout vidio shopee engga bisa knapa iya,0.0
good veryyy veryyyy good,1.0
belanja mudah rumah,1.0
kok bisa buka yah mulai kemaren padahal mau beri ulas buat barang sen tpi bisa buka cuma beranda aja bisa selain bisa pliis apk nya atau,1.0
sangat puas,1.0
nyaman amanah,1.0
selesai main dapat koin hanya tipu,0.0
upload video gagal lama,0.0
sangat bantu terimakasih,1.0
tempat belanja murah bsa semua cod,0.0
kasih bintang banyak toko tampil gambar produk deskripsi beda apa terima seperti tipu sengaja kelabu konsumen,0.0
puas belanja shopee,1.0
sangat bantu sekali pada beli toko masih butuh biaya oprasional lebih baik pesan shopee,0.0
sekarang barang nya banyak jelek utama kalo pakai shopee pay later asal kirim barang aja ngak amanah,1.0
belanja mudah hemat puas,1.0
kenapa skrg kirim shopee lama bangeeett bisa lebih hari padahal bilang nya deket lokasi seller nya tolong bisa cepat proses nya kirim nya lagi doong,0.0
bagus banget sukak kalo harga mahal bisa dimurahinn,1.0
sangat puas belan sini murah riah,1.0
shopie paket amanah,1.0
expedisi paling lama dalam proses kirim antar shopee lah,0.0
bagai jual sering rugi kembali sudah manipulasi beli padahal sudah kirim paket sesuai ingin tahun shope lebih pilih tuju beli fake order agar dapat isi gratis dripada jual pasrah penuh kepada shope sungguh berat hati modal bagi jual takut shope,1.0
orang mager cocok datang cpt,0.0
apa apa lebih murah,0.0
makin sini makin ribet pake shoppe tangan gede bgt kirim lelet kembali barang tapi saldo balik barang juga ketemu balik gudang spx nya kalo tanya jawabane templat besok belum cari belum tem pdhl udah apal akal akal orang gudang sering bgt bertanggungjawab main ambil barang orang beda bgt samla jasa kirim merah kalo kembali barang tuh amanah bgt terus ambil juga rumah,1.0
beberapa toko sudah mulai jual barang video atau foto jual beda spesifikasi mdh shopee bisa segera tertib bisa pengaruh hadap reputasi shopee,1.0
aju kembali proses terlalu lama selalu jawab bot seller sudah tapi shopee sulit,0.0
kenpa akun suda tidak bisa cod,0.0
spx nya bngak masalah benah,0.0
kirim tepat waktu packing bagus barang tidak kecewa moga awet trima kasih,1.0
pls iklan jangan terlalu lebih orng gsuka liat gda mencet pun masuk apk shoppe lngsung,0.0
aplikasi belanja paling top tolong rubah jaring sangat lancar tapi tetep loading aplikasi lot banget sama nyata awal kira cuma jaring wifi nyata aplikasi war diskon dapet gara jaring error sangat tidak nyaman penggguna tolong segera tindak lanjut terima kasih,0.0
tolong tanggal pasti pasti aja jangan beri harap orang sudah nungguin hari malah engga datang oke aja masalah trimakasih,0.0
jaring udah bagus udah hapus aplikasi trus instal ulang normal lah tapi cuma tahan hari sekarang gambar lagi lama bisa kabur marketplace belah kalo kaya gin mulu mah,0.0
aplikasi aneh kadang gak bisa cod alas nya jumlah sudah maksimal padahal gak belanja apa apa tolong dong kenapa,0.0
belanja puas cocok,1.0
sangat baik tidak kurang,0.0
kirim lama bgt,0.0
bagus banget barang,1.0
knp kirim sekarang bayar sudah lama pula kirim nya lah kita bayar tidak kasih cepat lah kirim nya,0.0
lama belanja shopee selalu aman tepat waktu moga shopee tingkat selalu dalam layan transaksi,1.0
aplikasi bagus sangat bantu tetapi sayang ketika langgar tidak solusi arah baik main hapus batas tanpa ingat lebih dahulu banding jawab nya pakai sulit erti arah nya mana bagai seller jujur sangat rugi waktu,0.0
payah pesan gak tau mana gak jelas lama salah shopee atau pihak kirim,0.0
aplikasi sangat bagus,0.0
terimakasih buat aplikasi,1.0
apa apa pasti lama mending belanja tiktok atau tokped wkwkw,0.0
shopee mah andal responsif pula thd kendala dgn lapak gak lama langsung tuntas makasih byk shopee sukses sll,1.0
pesan ngestuck lama sampai sampai mending aplikasi belah cepet saset rugi waktu pakai,0.0
sangat bantu bagi belanja jarak jauh asa dekat,0.0
tahun pesan bbrp sering lambat bahkan tdk sampai atau hilang bagi ekspedisi seperti korek telinga utk depan smg lbh baik lagi masuk utk shopee kalau perhati brg pesan org dibw kurir saat lbh banyak kemaren apa rencana tambah kurir tugas atau naik insentif krn petang mlm brg pesan org masih banyak blm distribusi tks,0.0
punya keluh padahal sisa kali pangkat naik platinum telah beli suatu barang shopee kali kenapa suruh beli kali lagi baru naik platinum saja keluh terima kasih,0.0
semua sudah baik namun sayang aplikasi makin berat apalagi saat upload video ketika prosesi unboxing seringkali gagal tolong juga nonaktif putar video cara otomatis saat awal buka aplikasi sangat ganggu terimakasih,0.0
apk nya bagus kirim paket juga cepet namun knp kok bisa checkout cod malah harus pilih metode bayar dulu baru bisa,1.0
terimakasih kenal shopo soal belanja jadi mudah apabila dapat barang tidak sesuai proses aju kembali barang cepat amanah tidak ribet uang kembali,0.0
bagus sekali apk nya,0.0
shopee makin aneh masak kirim paket provinsi aja butuh waktu minggu padahal lama pesan hari senin tiba hari kamis atau jumat walaupun beda pulau sekarang walaupun provinsi butuh waktu minggu kadang kita butuh barang desak sampai pas sudah tidak butuh mubazir sekali baru sudah sampai mau tolak bisa mau direturn tuju mau ambil sudah guna padahal provinsi aja apakah pihak jasa kirim sengaja lama lamain gudang,1.0
keren fast respon,1.0
shopee aplikasi burigg,0.0
cepat sesuai,1.0
kurir tanggung jawab sampai gertak akun blokir apa layan ramah kurir selalu gonta ganti seperti main bola selalu cadang,0.0
spx express masalah mulu sering banget batal pihak tanpa pemberitahuan kadang nyasar rute gak nyambung kosambi juga gajelas banget mau sendiri padahal ongkir antar pulau mahal saja kita bayar tapi kerja kecewa terus,0.0
cukup mudah praktis,1.0
terus benah akan jadi pilih jadi makin baik,1.0
bantu buat belanja murah cepet kirim,1.0
udah brapa tahun pake shopee mantap mantap belnja shopee banyak promo nya harga lebih murah emng baik shopee,1.0
capek update terus,1.0
belanja lebih mudah dah efisien gak perlu ribet ribet tinggal klik,0.0
guna shopee tidak ragu lagi layan aju buat spaylater juga tidak belit langsung jadi terimakasih shoope,0.0
layan kirim makin ngawur pesan stuck bisa sampai minggu bahkan pernah bulan baru nyampe mohon lebih perhati sistem kirim,1.0
pliss shopee balikin shopee food seperti dulu lagi selalu bisa makan enak bawah gratis ongkir sekarang jadi mahal banget ongkirnya voucher gratis ongkir cuma motong buat apa dulu padahal voucher gratis ongkir tanpa min beli ongkir selalu murah,1.0
bisa belanja tanpa harus keluar,0.0
mudah blokir sistem cod padahal sudah aju batal belum nya,0.0
cuma sini belanja online lengkap beri puas krn besa cekin dptin koin tiap bnyk prmo tarik lainx tmls shopee,1.0
banyak tipu barang jual,0.0
barang nya sudah terima tapi aplikasi masih lacak sudah update masih sama juga,0.0
aplikasi burukkk,0.0
sangat dukung,1.0
alam baik lihat lihat beli cara line aplikasi shopee lah harga nya rakyat bawah harga pasar lanjutt terus shoppe moga sukses slalu,1.0
makin kesini promonya aplikasi untung beli buntung kirim dileey update spx lemott ttt cari cela lalai konsumen padahal simtem erooor apllikasi bagus kerja buruk,0.0
applikasinya jauh bagus tapi cuman satu sangat sayang iklan shopee selalu kes paksa layar jadi super sensitif saat mau klik close iklan padahal sudah sangat hati nge klik tanda close tapi tetap jebak masuk app shopee kalian nggak perlu pasang iklan lagi buat apa seluruh indonesia sudah kenal nama shopee dah cukup gin masuk tenggapi atau nggak serah kalian,0.0
alhamdulillah lama belanja toko pernah masalah,0.0
beberapa fitur masalah mulu,0.0
sangat puas blnja shoppe,1.0
mudah dalam belanja apa butuh,0.0
sangat menbantu ketika kita butuh kita cari,0.0
ganggu amat vidionya,1.0
guna baru dapet voucher lol,1.0
proses aju kembali barang sulit tau pihak shoope atau pihak jual blokir toko nipu lah,0.0
sayang belum bisa guna spaylater nya shoppe,1.0
barang mau dikembaliin karna cacat awal sen lip gloss tapi ngga aplikatornya udah chat seller tapi malah ngga anggap pencet opsi bantu ama shopee ngechat malah melintir udah bilang kalau waktu proses kembali cuman opsi jasa kirim atau mandiri berat dong awal barang cacat buat apa cape cape seller sama shopee ngga guna banget mana sellernya juga pake asisten,0.0
pokok shoope amanah baik,1.0
jarang banget mau komen komen kekgini tapi kali kesel dah pake apk dri lama gda masalah apa apa tapi knpa skrng kirim shope lama kali sampek lebih dua minggu tolong dong perhati,0.0
tiap hari atau minggu belanja banyak terus tapi spinjam gak bisa aneh,1.0
lama beli shopee tdk pernah rasa kecewa,0.0
belanja shopee emang mudah gampang sesuai butuh,1.0
sudah hapus aplikasi kecewa saldo shopee pay potong sendiri cek riwayat potong karna upgred shoppe pay vip sedang laku konfimasi tidak solusi tetap uang kembali padah hanya uang receh bagaimana jadi sama orang gaptek hanya bagi alam ajah,0.0
knp sihhh kurir shopee suka enak ganti jadwal kirim pdhl paket belum anter rumah udah gak bisa chat kurir jadi kan bingung kalo mau ngabarin gaada orang rumah paket blm anter samsek rumah tbtb beli jadwal ulang antar laahhhh kpn bilang uda paket nyangkut hari tangerang shopee bnr,1.0
good udah jadi bintang ken bintang bintang jadi aja deh,1.0
kalo bisa kirim lebih cepat lagi,0.0
nya omong nya ubah sangat kecewa,0.0
lancar jaya,1.0
mantul sangat bantu semua jadi mudah gak ribet,0.0
kualitas nya bagus,1.0
sangat puas belanja sini,1.0
shoppee rupa aplikasi sangat banyak gari kalang remaja orang dewasa bantu masyarakat beli barang suka mudah hanya lewat media aplikasi tanpa harus keluar rumah,0.0
baru pertama beli ayam kecil banget,1.0
banyak iklan gak jelas pop banyak banget,1.0
aplikasi andal utk belanja online bestnya bisa pilih jasa kirim kita ingin,1.0
tangan rugi terima barang rusak sangat tele seperti gkmau tanggungjawab,0.0
suka banget,1.0
bagai guna shopee cukup puas dgn apk tsb,1.0
alhamdulillah lama belanja shopee selalu puas,1.0
belanja online mudah namun konpensasi lambat paket vocer sangat tidak bantu boleh dong nya jadi saldo shoppepay aja akan sangat guna,1.0
selalu sesuai pesan yng gambarr,1.0
apk eror fitur lacak pesan,0.0
alam pertama laku tari asa mudah sangat manfaat bagi moga depan bisa tarik lebih besar lagi mampu jadi salah satu inspirasi bagi teman teman semua guna sophee khusus jangan pernahenyerah jika alami gagal terimakasih pada semua belanja asa murah udah efisien buat semua asa milik toko sendiri tanpa ribet gampang hanya beberapa detik tanpa keluar rumah semua butuh penuh standar bagus,0.0
kirim nya lama paket stuck situh ubah,1.0
sekarang kirim lewat spx sangat lama,0.0
akun retas orang lain lapor sudah lebih tidak hasil ktp foto selfie sudah cantum tapi selalu gagal,0.0
sangat tidak nyaman layan kurir alamat sudah tera situ baloi center taman baloi lubuk baja kurir antar center park batam center sampai kurir dgn alas ksh tau pdhl daerah nagoya mas antar batam center dgn kurir beda akhir kurir dtg alamat bnr krna uda kecewa tggu hari kurir dtg alamat blg cancel sblm dia tiba malah dtg beda kurir mnt chat cancel blg chat loh dtg lagi kurir lain antr,0.0
iklan gila roas sekitar masih kena biaya per klik hampir lebih malah pernah klik udah tiap hari habis banyak pun ngga beli buang duit,0.0
kecewa shope dri kmrin aju return karna barang besar malah tolakin terus dua oleh shoope knapa skrng shope begini main tolak belah pihak begini layan shope skarang bikin ribet lama kapok blanja shope bener kcewa barang gabisa return gara tolakin shope terus klo udh kyk gin siapa tgg jwb,0.0
sopi aneh mesen paket tulis anda telah mengunakan kode promo akun anda dapat blokir,0.0
aplikasi shopee sekarang berat lot banget padahal udah update gak kayak dulu sekarang mau buka aplikasi suka lamaaa kadang ngeblang putih doang mau muat halaman juga sama lama terkadang keluar sendiri aplikasi padahal cepat jaring bagus tembus sampai udah coba beberapa kali terus begitu padahal udah clear cache tolong baik lagi,0.0
oengiriman spx lama,0.0
cukup puas cukup bantu,1.0
oke nice,1.0
suka sekali,0.0
udah besti sama kurir meski kirim agak lama gpp lah tapi kalo bisa lebih cepat lebih baik,0.0
hidup cuma sebentar mungkin batrenya cpt abis,0.0
aplikasi good sih tapi rangin tipu,0.0
sering barang datang sesuai kualitas barang buruk,1.0
shoppe murah riah,1.0
makin kesini sistem nya makin ngaco udh pajak buat seler potong lain juga jelas jual jadi untung nya sama sekali shopee udh mah shopeefood nya juga alam ngaco argo kecil mending pindah platform lain lah,0.0
tolong sistem baik lagi order menu tapj kirim cuma satu sangat tidak confinience rugi waktu udah nunggu lama,0.0
kecewa berat pada app shopee sangat kecewa masa pesan app prtama kali nya buat kecewa paket tidak datang padahal app lain cepat tapi app sungguh kecewa,0.0
mantap thebest cma syng blom blom aktif spaylater makas shopee skrng belanja barang pakai limit cicil sungguh sangat bantu guna makin suka belanja dishopee barang harga murah tpi kualitas mantap,1.0
buka aplikasi lain masalah sama koneksi buka shopee mau sen makan malah ganggu padahal buka aplikasi lain lancar saran aja kalo emang masih ganggu tolong henti aja shopefood nya,0.0
bisa andal utk belanja mau harga murah sampe mahal,1.0
banyak barang gak sesuai hampir semua sen gak sesuai gambar,1.0
capek konfirmasi usia kenapa harus pakek shopee pay gabisa pakek cara lain kah ngehambat orang mau belanja aja,0.0
aplikasi shopee bagus tidak repot kurir nya ramah barang sesuai pesan,0.0
makin baik waktu waktu,1.0
byk barang tinggal pilih harga murah,1.0
tolong kenapa paket slalu tidak pernah sampai malah batal retur saat sudah lewat estimasi datang padahal selalu tunggu barang,0.0
neng belanja shopee selalu puas,1.0
sekarang apk shopee jelek,0.0
puas blanja sopee apa lagi blanja nya toko bandar power barang nya asli,0.0
shopee kenpa tidak bisa cod lagi,0.0
mudah dalam pilih produk,1.0
kok beli shopee food lama bener dapat order nyo,0.0
belanja shopee semua lebih mudah,0.0
sangat bantu cari penuh butuh semua sedia semua murah semua bagus layan baik,0.0
dulu kirim cepat sekarang telat sekali,0.0
sangat mudah belanja layan csnya bagus langsung tanggap,1.0
suka aplikasi cuman sedikit trouble saat kita terlalu banyak buka halaman tapi mantap lah,0.0
moga tambah maju lagi the best layan terima kasih sudah jadi layan masyarakat jujur amanah akhir wasalamualaikum ustad kemett,1.0
far good,1.0
bagus sih buat belanja tapi iklan loh bikin kesel kalau dar iklan biasa sih gpp tapi salah klik aja udah langsung pindah alam aplikasi sumpah kesel bgt aja sih minus tapi tolong baik lagi,0.0
aplikasi sangat bantu cari perlu,0.0
cuma bintang bicara,0.0
kenapa akun skrng bisa cod lagi tiap kali mau checkout selalu suruh guna spaylater selain guna spaylater selalu bisa ubah dong shopee milih shopee karna sini barang nya murah sistem juga simpel tpi klo bikin rumit bukan cuma bakal pindah apk belah,0.0
nggak pernah bosen belanja aplikasi satu moga makin sukses,1.0
mantap shopee tingkat terus layan makasih banyak,1.0
jauh belanja shopee puas barang sesuai dgn pesan kurir nya baik ramah realpict,1.0
tempat mana seller nya banyak licik tolong shopee bagaimana cara supaya harga murah show benar benar utk item barang tsb tipu sering jebak tampil harga murah pdhl bukan barang show profil pilih lain itu sbenarnya murah bukan barang tunjuk profil depan edit tolong kasih tools utk block banned seller spt sebut atas krn isi shopee spt,0.0
mantap tepat waktu,1.0
belanja lebih mudah praktis,1.0
banyak promo barang barang tarik beli,1.0
benci banget liat app sekarang bagi shopee food nya gak bisa pesan makan agak jauh lokasi customer tampil malah kedai dekat lokasi cus juga mau makan enak kali deket makan kurang turut customer pliss lah baru sistem nya,0.0
suka sih belanja aplikasi shopee mudah gak harus keluar rumah tapi kenapa minggu shopee nonaktif cod padahal gak pernah return barang malah cancel sama toko tolong aktif kan lagi cod kak,0.0
ribet,0.0
kenapa paket kirim lama banget sampe hampir minggu belum sampe juga mana banyak udah bayar paket cuma stuck satu titik jalan jalan kalo emang pesan lonjak harus antisipasi belum jangan malah expedisi lain hapus cuma ngandelin spx shopee doang malah paket terang sudah sampai tapi nyata tidak tanggung jawab mana,0.0
belum baik masih sering ngeleg nya lelet lot sering mental keluar sendiri aplikasi ayo segera baik klo nggak tutup aja aplikasi shopee jengkel,0.0
buat kirim tolong baik,1.0
ketika paket peking butuh kan waktu lama sehingga kirim nya tunda jadi beberapa hari lagi depan pokok nya layan shoopee super lelet sangat lama tidak junjung efesiensi taat kerja waktu buang mohon kak baik lagi layan nya,0.0
aplikasi belanja online sampah iklan mana mana tapi aplikasi guna benar benar sampah,0.0
bagus dalam sistem jual nya amanah para penjualnua nyaman neng belanja pakai aplikasi shopee kirim juga cepat kurir ramah,1.0
good harus tegur toko nya jika barang palsu atau komplain agar customer beli tidak kecewa,0.0
belanja mudah nyaman moga makin baik dlm mnjaga langgan,1.0
pihak shopee tolong dong waktu buka apk nya jangan langsung masuk tampil live video lebih baik tampil awal beranda saja jujur ngeganggu bngt bikin lag,0.0
bagus hanya harus sering diupdate,0.0
makin neng belanja dishopee lebih murah lebih hemat amanah,1.0
aplikasi bagus tapi tolong dong iklan rangin tiap lagi nonton baca novel dengerin music selalu iklan shopee pencet apa tiba masuk iklan shopee lebih rangin admin iklan nya ganggu kerja banget soal,0.0
online shop buruk pernah barang minggu tidak gerak tidak tanggung jawab csnya sangat kurang ajar saat chat sangat rugi konsumen harus aplikasi tipu seperti banned negara indonesia,0.0
shopee bohong sudah dapat semua telur tiba tiba tidak bisa masuk lagi tidak dapat,0.0
kurir spx tidak antar paket sampai alamat rumah,1.0
jujur agak kecewa jasa kirim masak beli dekat jarak butuh waktu hari padahal aplikasi estimasi tiba cuma hari maafda pindah aplikasi lain,0.0
soal kirim sangat lambat,0.0
mememuhi butuh lebih mudah apa sedia banyak pilih,0.0
good and recommended,1.0
paket estimasi april hingga sekarang april belum juga tiba padahal sudah laku lapor paket belum tiba lewat estimasi kali estimasi tambah oleh pihak shoope sendiri juga suruh tunggu terus gak update paket mulai tanggal maret sampai hari tolong bantu perlu bangeeet,1.0
sering ngebug masuk apk shopee sendiri dah,0.0
belanja murah free ongkir bnyk promo juga,1.0
shoppe selalu dpt diskonn banyak sekali produk gratis ongkir suksess teruss depan shoppe indonesia,1.0
shopee makin bagus makin beri mudah ringan biaya belanja online mantapp,1.0
point manttaap tdk sprti belanja apl tetangga belah wkwkwkkw,0.0
kirim cepat harga lbih murah,1.0
mau beli lagi gak bisa,0.0
alam buruk,0.0
pesan barang kirim barang beda pesan sdh return tapi uang gak balik,0.0
alhamdulilah sejak milik aplikasi shopee belanja jadi lebih mudah barang juga bagus,1.0
barang nya nyampe sampah banget spx express udh gitu kompensasi customer rugi frustasi nunggu barang,0.0
banyak iklan tentang aplikasi sangat menggangu,0.0
apk nya mantap jiwa,1.0
sistem sengaja buat eror atau lambat kirim foto kalau kita mau aju kembali tetapi jika buka fitur lain lancar saja jaring juga bagus emang sengaja aja biar kita gabisa retur barang like jika kalian ngalamin juga,0.0
sumpah shopee sekarang banyak tipu blm lama kena tipu pihak shopee bikin lapor gubris sama sekali,0.0
kok gak menu pesan terima yah jadi gak bisa rating pesan udah dterima apa doang mohon info dong,0.0
fitur cari shopee ngawur ketik apa muncul semua barang nama tak hubung kata kunci ketik kata kunci jadi nama semua toko fitur seperti telah rusak oleh toko toko agresif,0.0
saran kalo belanja jangan pilih kirim pake shopeexpress sumpah jasa kirim paling sampah kali kali belanja jasa kirim shopeexpress pasti paket nya bawa muter muter dulu padahal darah sudah lewat kali kali ujung ujung paket telat buang waktu banyak order cancel,0.0
selalu puas dgn layan shopee indonesia sdh lama sekali jadi langgan shopee makasih,1.0
praktis guna,1.0
belanja shopee jadi lebih praktis sistem cod sangatt puass aplikasi shopee,0.0
kepada shopee tidak bisa cod alas lebih dua kali pulang barang kenapa pulang kan barang tidak cukup kirim pesan kirim pun sudah jadi lebih toko ber beda apakah harus terima juga barang tdk cukup pulang kan malah akun shopee batas cod nya padahal hampir tiap hari blanja shoppe tolong timbang masalah sekian langgan shopee,0.0
buka aplikasi lain iklan shopee geser dikit langsung masuk,0.0
shopiee lelet kurir kurang ramah,0.0
jauh belum pernah kecewa belanja shopee,0.0
dulu problem perihal kirim sekarang malah spinjam udah tau nomer recycle ditelp mana ganggu lagi dipush suruh bayar hutang orang lain kaga jelas asal usul kecewa mana ribet banget,0.0
ahir kembali barang jadi ribet kya minggu kemaren tambah sekarang jadi lelet proses kaya lazada mudah simpel tidak mngecewakan buat lazada buta sopee sekarang pikir dulu dah klo kembang siap bintang klo tidak kembang mudah buat retur siap tutup akun deah,0.0
shopee luar biasa masya allah nyaman sekali belanja shopee gratis ongkir gak main main tambah diskon promo nya besar besar moga shopee sukses selalu gemar setia shopee shopee sangat bantu ekonomi masyarakat kalang tengah bawah love shopee,1.0
mentang gratis ongkir kirim sengaja lambat lambatin lelet kerja nya,0.0
sangat bantu belanja barang kita perlu saran toko jual barang palsu agar blacklist atau suruh ganti rugi pada beli jadi korban jika tidak mau toko tutup saja blacklist ownernya toko makasih,0.0
sangat bantu dalam cari barang,0.0
semua mudah shopee,0.0
shopee tidak guna daftar akun lama mau login akun malah curiga bahkan pesan lama datang rusak lagi pulih akun lama dasar shopee tidak guna mau pesan malah dasar shopee tidak guna fiturnya tolong baik fitur dasar shopee tidak guna pesan masih transit kapan shopee baik nih,0.0
sulit,0.0
transaksi mudah banyak diskon,1.0
bagus cepat mudah akses,1.0
sagat puas baja shopee,1.0
kembali barang jelas udah laku sesuai arah ketika aket udah siap tapi kurir tak kunjung datang bbrp hari kemudian uang tak balik status pun jadi selasa tolong dong pihak shope uang kembaliin krn barang rusak bisa pakai,0.0
tolong dong shopee kurir kalau asal kasih bukti foto barang sudah sampai jangan langsung percaya foto asal jebret minimal tampak rumah alam jengkel sama salah kurir kalau kirim barang tdk konfirmasi dulu barang lempar pnh lecet repot harus cari barang sendiri alamat mana kurir salah antar kurir tanggung jawab sama sekali,0.0
pernah alih lain selalu puas belanja sini,0.0
masih gampang jadi celah order fiktif,0.0
halo shopee knp bikin bijak nominasi produk baik kyk jebak sudah posisi update nominasi posisi update biasa kita pencet otomatis pencet kemudian tambah lagi harga kalian ganti sendiri pula tanpa tuju harga murah jual harga modal kami jadi kagak untung kalian buat jebak nama,1.0
harga lbh murah offline store cuma klo biaya adminnya jgn mahal donk,1.0
baru bikin semangat belanja shopyy,1.0
cuka banget pokok mah,1.0
pada saat lacak kirim kok peta nya gak sesuai lapor kirim lapor bilang kurir sedang tuju alamat peta nya paket masih djakarta,1.0
bantu shopee bisa bayar bulan,0.0
selalu bantu ketika lapar butuh barang,0.0
shopee bagus cuma barang tawar sering kecewa gak sesuai promosi oleh jual,1.0
metode bayar sangat mudah,0.0
lama banget kirim nya paket hampir bulan nggk nyampe mohon lebih diperhatikn lagi kirim nya,0.0
mantap amanah,1.0
mudah guna,1.0
jelek aplikasi shopee yaitu tiap kita buka aplikasi langsung arah lihat live padahal buka shopee mau cari barang tidak mau lihat live,0.0
mudah praktis banget sya cukup puas,1.0
bagus bisa buat belanja lebih mudah,1.0
alam adalah ilmu buat,1.0
masa uang gak kembali barang gak dapet uang gak kembali,1.0
shopee skrg bener bad apa jawab sama jawab annoying bgt lalu sudah buat lapor shope sudah lebih minggu tidak progres sama skli cuma disuru sabar sabar jelek bgt,0.0
parahhh bener shoppe bener bener kecewa asli masa iya saldo potong buat bayar shoppe vip padahal kaga pernah langgan shoppe vip tiba tiba bener potong saldo hadehhh,1.0
shopee oke,1.0
shopee aplikasi baik penuh butuh konsumen,0.0
ngga suka iklan sering ganggu orang lihat aplikasi lain,0.0
terimakasih shopee,1.0
nyaman aja sih pakai shopee tapi lama lama agak jengkel juga kalau tiap buka aplikasi lain selalu muncul iklan shopee,0.0
kok kurir ramah banget,1.0
suka banget belanja shopee banyak banget barang bagus sini pokok the best,1.0
stop geer deh iklan mulu lagi enak baca novel masuk shopee gua lagi kga ken beli woi kga pencet shopee masuk sendiri apa coba ganggu woi diemin makin jadi baik lagi dong gajeeee,0.0
puas belanja shoppe harga sangat jangkau,1.0
sangat suka khas fitur bisa batal langsung oleh beli saat awal mes,1.0
spx tai promo tai,0.0
manatab sering dapat harga murah sangat murah banyak juga vocher nay,1.0
sangat syukur sama allah swt alhamdulillah sudah upgrade jadi performa shopee mantap allahumma baarik jadi platinum member shopee banyak diskon voucher terus mudah utk retur kembali dana jika barang tidak sesuai atau rusak,1.0
iklan maksa kali,0.0
buat belanja online recommended promo diskon harga besar lagi diskon nya juga promo ongkir,1.0
shopee kirim barang sangat lambat sekali pesan bulan kemarin barang masih belum sampai juga tolong baik nunggu lama sekali kalau masih begini aja mungkin pesan platfrom lain lebih cepat,0.0
aplikasi memang bagus,0.0
kalau bisa kang paket jangan jam malam nganter paket walaupun tdk cod tapi teriak paket kalau uda malam asa seram,0.0
suka belanja shopee nggak ribet banyak pilih nya,0.0
semua shopee,0.0
responnya cepat harga ekonomis,1.0
aplikasia bagus banget,1.0
aplikasi belanja sangat bantu,0.0
biar bintang saja bicara,0.0
aplikasi lom coba kasih bintang dulu,0.0
mantap tapi sayang guna lama voucher nya gitu aja,1.0
sangat puas belanja shopee,1.0
jadi langgan kalau sedang butuh barang perlu tolong min diskon gratis ongkirnya banyak lagi tiap hari agak susah kalau harus beli satu pokok pertahanin bintang agar kami beli tambah semangat lagi belanja,0.0
kirim barang bagus kurir nya keren amanah sopan pokok nya good aja,1.0
produk,1.0
koin terlalu dikit tambah lgi,0.0
kurir nya jogja sekarang parah banyak malas kerja barang sortir lempar parah bener shopee,0.0
aplikasi jahat driver sendiri buruk juga layan,0.0
mantap mudah dapat harga jangkau,1.0
cukup bintang bicara,0.0
shopee mmg yes bngt,1.0
saldo hangus karna bayar apk tidak comfirmasi,0.0
sekarang shopee parah bgt wkwk,0.0
terimakasih shopee,1.0
layan lama rasa puas,0.0
belanja dsini paling top lah easy play semua lengkap murah kualitas,1.0
shopy sekarang agak lama kirim biasa paling telat hari lah bisa hari mana klau cek barang masih sotir seller nya niat jual dalam emas bisa hari,0.0
seperti dinegri dongeng pakai lampu lentera kecil tam depan rumah,1.0
kembali barang susah padahal sudah sangat jelas video unboxing barang pecah estimasi hari selesai sudah hari masing gantung status masih dalam kece kece apa sampe hari apa gak cukup jelas video unboxing,0.0
aplikasi sangat buruk,0.0
shope bgus kala barang kecil tpi bisa masuk pelosok desa ttp label bintang,0.0
makin parah banyak toko tipu,0.0
aman variatif harga bagus simple cepat dlm kirim mudah retur,1.0
semua produk soppee sangat kualitas,1.0
kenapa fitur toko tiba tiba hilang mohon bantu yah,1.0
terima kasih shopee belanja sangat nyaman good luck,1.0
shopee tolong iklan kalian kurang masih enak baca novel bisa nya jadi buka shopee dikit shopee mana ongkir mahal lagi lagi sentuh buka shopee heran,0.0
akun guna orang tidak bertanggungjawab,0.0
keren barang slalu ori tipu,0.0
bagus banyak gratis ongkir,1.0
tarik shopee selalu gratis ongkir,1.0
mesen shopeffod lama amat bacaaan kami sudah terima sen sampe kiamat pun gitu,0.0
alhamdulilah atas kerja sama semua belanja semua bagus barang terimakasih ibu terimakasih semua,1.0
aplikasi udah keren banget sih cuma kenapa kok ngak rokok elektrik lagi,0.0
toko nya sih udah bagus banget rencana nya sesuai prosedur tapi sangat sayang ketika mau beli item disatujuan toko lagi kosong terus lihat toko lain kenapa item ingin pada kosong semua akan akan ratus toko kunjung cuma satu toko apa pada kompak,0.0
sangat bantu sekali,0.0
kami puas shopee,1.0
kecewa sihh padahal baru pertama kli nyoba pake aplikasi dah gabener antar nya naruh alamat dah detail detail kok bisa bisa nya paket nyampe semarang kata paket antar sesuai lokasi tapi kok gin yaa gatau sih apakah salah kurir nya apa gimana tpi rumah kota semarang jauh bgt kok bisa bisa salah alamat padahal udh pake voucher khusus guna baru tpi malah hangus sia sia paket nyampe rumah tolong baik masalah kecil,0.0
kecewa bgt sama apk maen batalin pihak,0.0
aplikasi bagus oke deh sehat selalu buat seluruh kurir jalan tugas moga rezeki buat kurir makin lancar amiin,1.0
shopee bohong dia ingkar janji koin malah dapat koin dia ingkar janji tanam tanam koin rawat sampai sudah panen bukan dapat koin malah koin kan situ sudah tulis kalo sudah bisa panen nanti dapat,0.0
exspedisi sangat buruk langgan stuck banyak toko abal liar biar males belanja supil,0.0
harga motor,1.0
jls bilang lupa malah suruh masuk lama udah tekan lupa sandi masih juga suruh masuk lama belum ganti shopee gak pernah beres tlol,0.0
sering kli paket tunda kirim alas nomor tidak dapat hubung beli tidak ada tempat entah karna kurir sibuk atau malas antar karna cuaca panas jdi kurir takut hitam buluk sudah males belanja apk,0.0
good job,1.0
oke,1.0
bagus sekali,0.0
sekalipun kadang pesan tidak sesuai dgn iklan paling tidak kirim tepat waktu,1.0
gacor dapet sepatu converse gratis shope makasih shopee,1.0
baru daptar akun hari trus isi saldo baru dipake beli pls tiba blok tlong sibantu akun min,1.0
mantap lah poko,0.0
iklan nya maksa,0.0
makin sini makin mantab shopee baik dgn barang nya murah toko tanggung jawab gratis ongkir bonus dll luar biasa kurir pilih baik ramah moga lancar sukses terus sukses selalu shopee selalu sebar baik jadi manfaat buat sama insani,1.0
iklan nyebelin banget udh teken malah masuk aplikasi kesel banget jadi ngeganggu maksa banget padahal suka banget belanja apk tapi terlalu banyak iklan,0.0
bagus tdk kecewa,0.0
mau tanya kok bisa yah saldo shopee pay bisa kurang padahal tidak punya pay leter udah isi saldo kok saldo kurang sendri tolong solusi motong saldo costemer tampa pemberitahuan nama curi tiba riwayat potong google play kok bisa asa kemarin tidak seperti butuh jelas,1.0
supaya tidak ngelek,0.0
kasih bintang karna puas belanja shoope sekaligus biar kasih tambah limit spay nya,1.0
iklan ganggu banget tiap aplikasi pasti,1.0
real pict,1.0
shopee express udah mulai ngakal pesan tempel stiker nomor resi beda akhir barang pesan isi tidak sesuai toko kirim beda terus harus komplain mana sedang toko gak jual produk terima,0.0
bagus barang nya sesuai harga,1.0
aplikasi jadi makin berat biaya admin nya naik ongkir nya juga sekarang lebih mahal kurir spx nya juga mohon didik lagi sering banget suruh jemput paket rumah kurir tempat tentu dia males ngantarnya padahal alamat sudah sangat lengkap,1.0
ngga tahan lemottttnyaaaa,0.0
antap,0.0
aplikasi bagus bangat trus tiap pakai pertama dapat voucher rupiah bagus juga pakai belanja bulan murah murah sini,1.0
aplikasi manja cuma gara login beda device aja kena blokir lucu,0.0
jangan pake merchant dah mending merchant lain aplikasi curang driver bahkan staff hrd nya pun paksa kerja rodi siksa orang lokal indonesia,0.0
nyaman kalau belanja shpee banyak diskon gratis ongkir,1.0
makin mudah lebih teliti shopping online lagi biar para kurir lagi tidak asal asal lagi langgan beli,0.0
maaf minnn salah paham saja sini nyata paket hanya simpan sementara oleh kurir,0.0
makasih,1.0
bagus aja tapi sekarang klo ngirim lama bngttt cepetan belah bisa kali hari klo belah cuma hari sampe,0.0
mudah belanjan nya banyak promo diskon,1.0
jauh suka layan shopee seller kurir ramah tingkat lagi,0.0
refund nya lama betul enggak pasti udah lewat tanggal dijanjikam,0.0
alhamdulillah gak perlu keluar rumah smua butuh kan shopee tinggal klik ajah banyak voucher gratis ongkir juga pokok nya puas deh belanja shopee,1.0
layan baik respon cepat banyak produk promo tawar hemat belanja online,1.0
shopie barang kualita nya kurang bagus,0.0
keren lngganan terus,1.0
shopee sangat bantu buat belanja,1.0
jadi bantu dlm hal transaksi,1.0
belanja cepat murah efektif,1.0
banyak minus sekarang kirim lama,0.0
males gak bisa cod,0.0
mesen tgl estimasi sampai tgl ubah tgl ubah tgl,1.0
kenapa kirim shopee skrg lelet bgt hampir tunggu stgh bulan biasa begitu sumpah malas belanja sini tiktok lbh cpt aja,0.0
dev tolong adain fitur kontak kurir please,0.0
banyak promo tarik,1.0
udh aman skr mantap buat shope,1.0
sangat baik bantu serta manfaat sesuai butuh hari hari,1.0
mudah belanja jauh shopee memang bagus banding apk belah cod banyak sesuai udah lama pakai shoppe masih blm bisa pake payleter,0.0
kena tipu produk jual shopee aju kembali malah tolak bukti jelas manipulasi jual malah pihak jual,0.0
bahkan alat masturbasi atau dildo tidak shopee padahal banyak orang cari shopee buat pelangang kecewa,0.0
shopee jelek gin pertama kali make shopee malah kayak gin udah mesen barang ampe udah bayar pake qris tapi malah tulis belum bayar ampe sekarang malah dibatalin kayak gimana sih uang hilang dong kalo kayak gin padahal mau nyoba pertama kali sen sini tapi malah kecewa nomor malah dipake orang lain jadi bisa pake sendiri gimana sih,0.0
layan cepat banyak gratis ongkir nya jadi senang beli lewat shopee,1.0
lumayan alamat nya tdk nanya smbrngan ngasi,0.0
kasi bintang lima memang lama beli barang selalu sesuai tapi satu kendala sekarang kirim nya gak cepat dulu ketika masih jnt ekspres,0.0
bagus aplikasi,0.0
semenjak update pas kasih nilai upload foto malah bisa stuck upload doang biasa klo sdh klik upload auto success lah mentok upload bisa posting,1.0
subtotal ukur khusus dihilangin aja woi shopee,1.0
layan sangat muas tepat waktu kurir ramah,1.0
mudah dalam belanja banyak pilih produk pilih kirim dam diskon,1.0
mantaaaapp buat belanja online hari hari,1.0
apa nih shopee mau cari apa pasti jdi iphone cari sering tapi ngeganggu mohon baik bug kek gitu,0.0
bagus sering promo free ongkir,1.0
shopee jelas mesen shopee food aja jam lebih dapet driver payaahh banget shopee,1.0
lama cukup baik tingkat lagi layan sering kasih vocer diskon kritik tolong jual tidak amanah indikasi tidak jujur jual barang antara foto video etalase tidak sesuai barang asli jual jual backlist aja kasihan kepada customer rasa rugi tidak semua beli tahu mana jual valid mana jual tipu banyak toko tidak deskripsi barang jual,0.0
senang pakai shopee hanya saja fitur nya lebih update lagi kereeen jangkau,0.0
apa shopee semua web iklan maksa,0.0
aneh bgt bisa daftarin spay later ktp asli punya beda rambut sama muka doang bisa acc aneh banget,1.0
apk bodoh,0.0
parah sekarang sen shopeefood jam estimasi menit padahal kita pakai vip mana sekarang kurir bnyak double order lgi sen deket rumah ttp estimasi menit ampe tidur gak laper lagi parah,0.0
kirim barang nya cacat,0.0
makin ksini kirim shopee kayak taik barang banyak stuck tangerang kadang sampai bulan gak sampai akhir batal oleh sistem kadang paket hilang jalan gila gak tuh udah tunggu malah hilang atau kirim nya lama banget lewat estimasi dikit overload gaje banget gak sih ampun deh shopee bukan makin bagus malah makin jelek aja layan nya,0.0
kirim pakai spx lama sekali sortir aja proses hari barang udah mau minggu belum nyampe,0.0
aplikasi,0.0
beli barang celana tapi tolak sama dia nya nah kenapa pas datang rumah celana cewe sudah bau,0.0
terima kasih sdh terima tepat waktu,1.0
belanja mudah lebih murah banding belanja offline overall sangat mudah bantu trims shopee,1.0
mudah mudah amanah jaga terus,1.0
belum suka sekali pakai layan shopeefood cepat banyak merchant banyak promo tapi akhir akhir jujur sedikit kecewa layan shopeefood sudah tidak seperti belum hitung telah lebaran sekarang susah sekali dapat driver bahkan sampai harus batal pesan promo juga tidak banyak belum tapi biaya layan makin tambah entah bijak baru apa buat shopee sehingga shopeefood jadi kecewa,0.0
verry good,1.0
bagai guna shopee rasa senang tetapi banyak iklan durasi panjang sulit lewat buat jadi ganggu,1.0
aplikasi buat order makan lama sen dapat driver padhal kota,0.0
terima kasih pihak shopee sudah optimal sistem kirim spx sedikit kurang masih bagi lacak paket masih belum akurat tapi gpp okey datang paket udah sesuai jadwal,0.0
shopee spx nya kacau berat,0.0
ayo belanja lewat shopee harga murah banyak diskon ongkirnya,1.0
shopee kirim makin buruk selalu telat,0.0
banyak produk tidak sesuai apk ngeleg saat geser layar,1.0
kasih soal nya banyak diskon admin bales dong,0.0
udah terima barang cuman situ tulis masih kirim padahal barang udah tang bayar,0.0
good,1.0
baguss suka banget sama shopee murah murah kualitas nya main main pokok pernah ngecewain dehh,1.0
kenapa pesan lama sekali sampai stucknya pun hari baru update kalau begini terus orang akan alih aplikasi lain aplikasi lain paling lambat kirim minggu paling cepat hari shopee kalau hari yaa hari,0.0
barang nya murah banyak fitur gratis ongkir,1.0
belanja paling nyaman hanya shopee,0.0
banyak fitur jadi boros kuota baterai,0.0
terima kasih sahabat semua,0.0
sangat puas dgn produk jual ekspedisi pake bagus,1.0
shopee error kenapa buka food layar putih aja mau ngecek apa tekan layar putih aja polos kosong biasa walaupun sinyal kuat kyk kartu tri tgl jauh kota sinyal hnya garis tapi ttp masih bisa buka shopee nya tapi koq harini gin padahal udh update apa shoope skrg lebih butuh sinyal kuat ato gmn sih app gojek aja masih bisa buka masa shopee error,0.0
mohon tambah wallet min soal shopee pay nggak bisa upgrade premium kata ktp sudah pakai njirrr tambahin lah dana ovo gopay,1.0
paket minggu blm datang parah kurir kalo udh dtng gua hapus akun shopie gua males pake sopie lagi lah,0.0
kecewa shopee lentera apa sudah lunas spinjam malah tidak kasih pinjam saran tidak usah terlalu harap spinjam tidak bisa andal tidak bisa jadi andal buat bisnis kita,0.0
sangat sangat buruk kecewa pitur cod nonaktif alas tolak paket telah pesan padahal memang paket tidak pernah antar alamat telah tera minta shopee benar tapi tidak respon selesai masalah buruk akun,0.0
rasa tolong tiap cari sesuatu,0.0
ada aplikasi kita pelosok sangat bantu belanja,0.0
jelek bgt,0.0
aplikasi nya bagus belanja sini sering dapet diskon moga aplikasi nya makin bagus lagi,1.0
kenapa akun spinjam tiba beku,1.0
josss solusi belanja online buat cari barang,1.0
proses kembali barang lama kata paling lambat hari udah hari masih aja dalam kece sudah sangat jelas kirim video unboxing foto barang pecah mau sampai kapan gantung kek gin,0.0
sangat menggangu iklan tutup lagi baca,0.0
kurir nya suka kata kasar cuma gara tidak terima rumah,0.0
bgus aplikasi nya mudah kita belajna cara online,0.0
kirim shopeefood lama sekali estimasi tiba mundur terus akal akal shopee mah sampe jam lebih belum dapat makan,1.0
platform belanja bagus kualitas hanya saja makin hari aplikasi makin besar buat error bahkan cuma mau bayar aja kadang keluar aplikasi sndiri terus mohon baik ukur aplikasi supaya tidak terlalu habis ruang tidak semua punya ber ram besar,0.0
program spinjeman tolong baik tidak pernah telat byr aju lagi tolak padahal nominal tidak besar,0.0
saat upload video affiliate sering stuck harus buka tutup aplikasi baru jalan uploadnya samsung ultra,0.0
tolong kalo iklan shope kok susah banget kluarkan mohon baik,1.0
waktu flash sale untung wib wita wit mesti begadang extra buat kejar promo,0.0
pesan sesuai harap,1.0
shopee buat kurir lambat banget sampe pernah minggu dateng dateng sampe akhir nerima barang padahal udh dibayarr,1.0
kirim cepat tapi harus tetap hati banyak juga dagang bodong tipu,0.0
bangke masa barang toko salah suruh bayar uang jemput kembali barang kalo gratis suruh ngantar lagi mending beli offline bukan masalah murah atau mahal suatu barang tapi nilai nyaman costumer,0.0
sofi tidak proporsional bodohin kurir nya saja tidak bisa tahu,0.0
bagus bgtt bisa hemat waktu juga kalau pake,0.0
aplikasi ngapa tiba buka sendiri daah padahal nonton video toktok,0.0
update mulu layan buruk,0.0
minimal benerin kek aplikasi baru nambahin fitur fitur abrek kaga guna basic ditinggalin masa tiap back lgsg balik home page preview biasa back search panel masa harus ketik ulang search tiap srek gabisa ganti alamat masa balik homepage mulu tulis address yet blok,0.0
shopee bagus buat belanja kirim cepat gercep bagus banget aplikasi nya,1.0
sangat kecewa sangat kecewa,0.0
kenapa akun tiba muncul isi kode otp apakah akun retas,0.0
kirim sekarang lama kaya dulu,0.0
kurir shopee keren sih amanah,1.0
aplikasi sangat bagus tapi lot apalagi jasa kirim spx standar spx hemat spx expres sangat buruk lambat kapok pakai jasa kirim spx apa mending jasa kirim lain,0.0
tas srempang codoray muat banyak isi,0.0
lawak shoppe cuman jakarta karawang aja lama bgt nyampe hari kira kira,0.0
tadi kasi bintang lima kini udah jadi bintang layan kirim shopee udah pada lot lambat udah pada lewat tanggal baru barang nyampe tambah parah shopee kirim udah lewat tanggal eltimasin paket belum sampai kirim shopee makin buruk lama skali sampenya mana udah lewat tanggal estimasi,0.0
bagai mana cara nya kita cari liquid vep shope sudah coba tapi tdk muncul bagai mana cara agar kita cari dapat muncul shope tolong,0.0
jasa kirim spx lambat gak gercep,1.0
males pesan kali kali malah dibatalin sistem,0.0
baik saja,0.0
iklan nya maksa salah pencet tombol udah masuk shoppe,0.0
harus pihak shopee harus tangan barang saudara beli helm ternyta datang dia emng salah tidak baca deskripsi tapi kenapa shopee masih lolos barang tolong respon,0.0
masih bug aplikasi nya tolong apdet lagi aplikasi nya,0.0
mantap dah,0.0
jamin aman dalam belanja transaksi,1.0
pas bulan puasa order pesan tidak kirim alas kurir alamat tidak lengkap lah beli tidak tempat lah padahal tidak mana mana sama sekali kirim tiba tiap malem balik lgi kantor besok lagi tiap hari seperti lama minggu telah lebaran tetep tunggu nyata kembali pihak toko skrg tiba gak bisa cod,0.0
kirim sangat sangat sangat buruk,0.0
mantap aplikasi bisa belanja cod,0.0
sopie bnyak tipu dalam pegiriman seller bnyak tipu alam pribadi sendri,0.0
mantap banyak voucher nya selalu gratis ongkir,1.0
sangat manfaat batai umkm atau toko kecil,1.0
kenapa kalau mau cod terus enggak bisa mau cod check out nya nggak bisa bisa terus kenapa tolong baik dong udah tiga bulan gak bisa cod terus kenapa sih aplikasi jadi gak suka deh tolong baik uang buat nya update terus sih aplikasi shopee nya kenapa gak ubah ubah,1.0
sudh jual bnyak culas sistem cod malah hapus gilir pesan barang uang sudh kirim malah main batal uang kembali pula makin beres skrang bikin rugi mau beli barang klo kayak gin lama banyak henti belanja sophie klo kakak gin,0.0
lacak paket kurang detail akurat seperti toktok kurir spx lelet tidak sopan paket datang rusak tidak tanggung jawab malah terang paket sudah terima,0.0
lacak paket sesuai kadang notif mau datang tapi udah datang atau lagi rumah tapi tukang paket pada bilang sayabga rumah,1.0
aplikasi geje akun tangguh tanpa sebab mana buerat jendela video sangat ganggu terlalu banyak gimmick tidak jelas,0.0
layan top lah,1.0
bagus puas banget,1.0
kenapa yah sekarang shopee seperti kalau pesan paket mau satu bulan baru sampai yah pesan paket selalu hari atau lebih baru datang kecewa banget tanggal sampai bisa ubah ubah sendiri tanggal datang nya dulu minggu udah sampai tapi sekarang nggak sudah ubah toko hitam cepat datang nya hari moga sama nanti nya ubah datang nya,0.0
buruk eror gue jual barang shopee sering eror udh chat beberapa kali ngga tanggap barang hilang banyak ganti akun mau pindah eror trs,0.0
selalu puas belanja shopee barang mantap lengkap,1.0
spaylater sangat buruk turut krna dri team analis tdk aktif guna aktif tdk aktif krna guna aktif limit tdk betambah paksa srh belanja trs custumer cervice agar limit naik limit gak naik sprti nya manfaat kan shope tlng shope lebih profesional dlm kerja jgn mkn gaji buta audit karywan nya pak bos klo prlu gak krja pecat aja rugi usaha makasih,1.0
sellau ongkir gratis suka,1.0
sumpah nih aplikasi bug nya bejibun abis update bukan malah bagus tapi malah makin parah,0.0
mantap sesuai pesan lanjut,1.0
harga nya murah murah kualitas oke,1.0
oke bgs banyak diskon gratis ongkir banyak mes pls lah cantumin nomor kurir bisa paket udh kali lebih estimasi tiba kan jdnya bingung mau gmn elah,1.0
iklan youtube ganggu banget kontoll,1.0
aplikasi sangat bantu cari barang lebih mudah harga lebih murah,0.0
suka ngebug kalau nge war,0.0
barang nya murah banget,1.0
aplikasi belanja online paling banyak bug,0.0
sistem shopee makin jelas bikin costumer gak nyaman kembali dana udah minggu belum kembali juga sedang barang sudah terima oleh jual,1.0
sangat sangat buruk,0.0
maaf bnget kirim skrang lama udh lewat tgl estimasi beberapa hari gilir minta kembali dana tolak terus benah kak udh beli langsung gara nunggu lama pas gilir beli baru dateng dulu proses lama yakin team shopee bagus tapi sekarang maaf dulu nilai makasih,1.0
driver nya salah alamat pdhl alamat tera udh bener bgt biasa salah tapi kali salah chat shopee bilang suruh tunggu udh hari gaada jelas mintain drivernya tapi punya aneh banget lalai sumpah bikin kesel biasa tiktok kasi drivernya sini engga tau beli sini skrg harus nyari paket ilang sendiri,0.0
layan cepat tanggap kerja sama pihak toko sangat muas,0.0
aplikasi shoppe belanja jadi gampang mudah,0.0
sistem nya cacat,0.0
pokok pakai plikasi shopee lancar,1.0
beri mudah ber belanja bos,1.0
kualitas barang slalu baik,1.0
top kena admin check out kena biaya layan beli shopeefood kena biaya layan layan apa mau beli makan top dulu kena potong admin check out makan kena biaya layan kena biaya terlalu semena mena mentang mentang protes kalau kena biaya layan jangan dibefa beda dong antara kirim hemat prioritas standar ngapa ngapain terima duit pesan makan orang ntar potong pula jual seller serakah banget emang,0.0
buat shoope kalau riwayat pinjam spayleter belum blok ojk tentu uud akan tuntut usaha anda dalam minggu belum pasti buat data akan berat terima kasih masalah adalah sudah lunas semua pinjam spaylater shopee lalu kenapa ketika ingin bisnis kendala terus sangkut jatuh tempo shopee padahal pribadi sudah lama lunas pinjam sebut apakah data aman aplikasi,1.0
amat sangat bagus segi kirim baguss pollll gak cacat,0.0
bagus sihh aplikasi nya tapi males banget pas bulan puasa neko error udah panjang lebar dia bilang gajelas sama pernah harga sama pas belum harga nya pas ceo tolong lah shopee kasih jujur harga sama kata nya hari besok dateng tau kadang sampe hari jadi tolong lah shopee jujur,1.0
shope cuma harus hati hati banyak jebak batman iklan sama barang datang tak sesuai spek toko nya nakal apa shope gak kontrol coba shope lebih baik lagi biar customer bisa pilih sesuai mampu bayar jadi bukan tipu tipu makin kesini shoope makin baik good bangets,0.0
bagus barang sesuai,1.0
spx gak jelas banget pesan sampe hari masih belum nyampe udah dicurangin tiap kali estimasi tiap kali ubah ubah mulu udah kali ubah buat lapor juga percuma gak hasil mau langgan platinum atau apa percuma kayak emang malah sengaja soal buat lapor tiap stuck lama banget lagi hari stuck kali tiga baru jam udah kepalang greget akhir gua tulis aja sini biar banyak baca,1.0
aplikasi paling bagong apa aja sini kelomang ular apa aja ade udh kaya toko serba,0.0
shopee ingin beri kritik tentang iklan kalian sedikit menganggu jika buah aplikasi lain memang wajar aja iklan tapi entah kenapa iklan shopee paling terlalu masuk apk shopee chrome walaupun tidak pencet iklan tombol terlalu kecil beda iklan lain tambah dalam iklan sebut hal cuman gimmick buat nipu biar nonton mencet gimmick konoha memang gampang bodoh tapi tidak jangan buat makin bodo,0.0
aplikasi nya bgus tpi tolang banget bayar shope food nya kasih lah opsi qris semua orng nyimpan uang shopee pay,0.0
data bocor modus tipu alas langgar ulas tipu bisa dapat foto ulas milik akun,0.0
kirim amanah kurir ramah,1.0
server lot,0.0
sekarang belanja luar negeri sdh bisa ingin tetap bisa belanja luar negeri,1.0
beri masuk nama gita marsya serta team mediasi tolong timbang kembali mereka mereka bagai tim shopee sangat sangat tidak bantu minta bantu kait kembali dana tapi tidak progress sampa tanggal tentu,0.0
bisa ngga kak iklan nya usah lebay deh terlalu bgt nge klik iklan langsung masuk apk sampah,0.0
harga murah,1.0
sangat bagus seru banget belanja,1.0
sen barang aplikasi shopee kurir spx pick nya pagi barang nya sampe hari besok wkwk kan kocak,0.0
sering tutup sendiri tidak bisa buka pesan,0.0
masalah tidak bisa selesai kan mudah,0.0
lbh tingkat proses kembali barang cpt tangan utama ambil barang oleh kurir,1.0
moga lebih banyak discound gratis ongkir,1.0
makin jatuh cinta sama shopee banyak promo toko kualitas utama murah keren tahan shopee,1.0
saran aja kalo pesan luar pulau jawa seperti kalimantan sekarang paket nya bisa datang hampir bulan punya datang bulan lebih hmpir bulan tanya kendala masalah kece sortir begitu banyak butuh waktu minggu minggu sampai satu bulan malah bisa nungguin barang sortir baru kirim kecewa kirim spx sekarang lama saran warga kalimantan pesan pakai aplikasi lain aja soal masalah sortir begitu lama,0.0
kurir kurir nyaa suka banget nambahin uangg beli berapa bayar nya berapa kira mudah apa nyari barang murah shoope dih biarin tapi bakal kek gitu juga sama semua beli maksud tuh nama kerja yaa kerja usah nambah nambah meski ribu kerja anjir bukan ambil uang orng kerja bener shoope juga teliti napa,0.0
apk bagus tapi tolong tambah kurir antar paket biar bisa hubung soal terkadang kurir bingung tapi tidak mau hubung pihak mes beli trmksi,0.0
belanja sini murah riah enak mudah apalagi kalau lagi promo murah banget sukaa dehh belanja shopee topp,1.0
neng aja mudah banyak game walau pernah dapet cuan ttp neng tarik barang sen makan cepet mudah bayar nggak ribet juga pas ulta kita kasih hadiah dong jangan hanya discount saja riil lah tapi kenapa saat minta kembali batal salah satu toko shopee tolak batal juga mohon utk kurir kasih arah jangan lempar ketika pagar kunci orang tak rumah cukup leta dalam pinggir pagar bila bisa jangkau,0.0
bagus agak lemod,0.0
mantap moga awet,1.0
pesan mesti bagus terus cepet kirim,1.0
efektif efesien,1.0
bagus barang sesuai deskripsi tepat waktu cepat juga beri promosi jika barang kualitas,1.0
mantepp bangett dahh buat belanja online minus paket suka udah tiba kantor tanggal nya mas jauh sama estimasi paket datang gabisa apa cepat,0.0
barang sampe sekarang bom juga sampai barang malah bolak balik gudang cakung,0.0
aplikasi tidak mengecewaka sangat batu terima kasih shopee,0.0
enak banget usah jalan barat udah nyampai rumah,1.0
bagus sekali suka sekali beli barang random shopee,0.0
harap tahan harga murah tapi gak murah utama selalu gerat ongkir langgan setia shopee karna gerat ongkir terus,1.0
bagus banyak barang jual jugaa jual nya ramah ramah barang bagus bangett bahkan hewan sana juga jual,0.0
bagus sudah nyaman dah poko nya,0.0
kirim tepat wktu brg sesuai haturnuhun,1.0
turut banding aplikasih lain lebih suka belanja shopee karnaa murahh teruss semua apa butuh jugaa percaya bangat lah semogha selalu begitu yaaa tahan,0.0
layan sellernya sangat buruk jelek tolol jadi bener sngt kecewa sakit hati,0.0
aplikasi sampah pesan lambat datang iklan ganggu saat sedang main game,0.0
sudah langgan belanja pakai shopee,1.0
salah satu plafon belanja online baik,0.0
shopefood susah banget dapat driver nya,1.0
sukaa sama apk tapi pernah tipu terus tipu nya gamau tanggung jawab malah hilang pas,0.0
kok tiba tiba bayar sesuatu tanpa tuju,1.0
apk tolol,0.0
trima kasih shopee ind,1.0
moga shopee tambah maju jaya selalu jujur dalam hal jual beli,1.0
sampai saat cukup bantu tidak kecewa tolong tahan kalau bisa lebih baik lagi,0.0
pada harus tau kalo apk sakit gua bisa cek out pake vocer pdhl gua baru login tuh apk bodoh blng nya karna gua udah pernah login kocak gua emg udh login tapi gua login lagi sopi pake nomor sim baru karna sim gua blok malah bisa login kocak kocak mending pake apk sebelh aja,0.0
selang waktu hari selalu update tapi tidak ubah,0.0
aplikasi cukup bagus baik kurir sampe layan nya semua nya baik ramah selain juga aplikasi shopee mudah kita belanja harga murah sampe paling mahal moga sukses selalu,1.0
udah nyampe sesuai pes,1.0
boleh laah kadang adaa barang gak ori tpi hasil bagus juga,1.0
puas belanja dsini,1.0
tambah lama tambah ancur nih aplikasi udah lah biaya layan tambah baik malah tambah ancur,0.0
tepat waktu,1.0
aplikasi paling bantu,0.0
aju spaylater spinjam tolak terus dah kasih bintang,0.0
jasa kurir lama paket bisa sampe minggu lebih gak guna juga shopee prioritas kata kata selalu sama copas kalau tanya gak bantu sama sekali sen tisu doang gudang ampe selip sampe gak anter anter sistem kerja nya dibenerin lagi shopee jgn cuman gaji gede doang sama kata mau kasih voucher belanja tapi kasih voucher kadarluarsa sumpah layan nya gak banget,1.0
tolong kurir siplin masak ngasih info costumer satu jam jam balik bom lagi kurir tidak mau laku kirim ulang,0.0
top,1.0
tolong jangan prioritas video karna kami mau belanja bukan mau nonton video tolong kirim makin kesini makin lelet kalau bisa beri sangsi jika masalah seperti gak selesai mending pindah toko hijau lama uninstal toko oren,0.0
suka banget belanja sini ongkir mahal tapi,1.0
makin jelek makin parah layan nya toko sampe layan kurir nya gak beres terlalu banyak gak jelas terus selalu buat kecewa tidak nyaman belanja tidak bantu para beli cuma tau nya ambil nya aja aplikasi nya makin kesini makin najissssz parahh,0.0
ibarat bangun mall tapi jalan transportnya rusak males orang datang belanja management nya gmn,0.0
hanya punya shopee the best soal perlu lain,0.0
aplikasi sdh baik semua order cukup muas hanya saja kadang lambat kirim baik,0.0
mantap kak barang aman sampai tuju trimakasih,1.0
kenapa shopee skrang sering bolak balik terang kirim nya awal transit lalu antar hari transit lagi lalu antar lagi,0.0
paket stuck hari kalimantan gada ubah status tiba aja balik kosambi sortir ulang tuju kalimantan,1.0
jos sekali,0.0
bagus belanja bagi butuh apa lagi emak pusing mikirin beli nya mana sini aja,0.0
aplikasi belanja terlove pokok semua serba murah murah banyak vocher nya slalu gratis ongkir jangan naikin biaya layan nya,0.0
aplikasi sangat percaya belanja online,0.0
tolong hapus hilang tambah biaya subtotal kirim khusus mahal gak masuk akal edann,1.0
trimakasih tepat waktu,1.0
kemaren mau checkout pesan tapi gabisa karna promonya masalah gimana,0.0
kalo bintang kasih dah mantap pokok,0.0
bagus bnget suka belanja sooppy selalu muas mksih poko tahan,0.0
semenjak punya akun shopee jadi ingin belanja terus selalu buka terus,1.0
gratis kirim nya,1.0
tolong iklan nya rangin masak lagi buka aplikasi lain tiba tiba pencet apa apa udah masuk aplikasi shopee nya,0.0
sekarang kirim lama,0.0
shoope sangat bantu belanja apa aja,0.0
easy fast respon,1.0
suka aplikasi tapi buset lah buka shopee kenapa suka tiba buka sendiri aplikasi shopee nya padahal lagi buka aplikasi lain tiba aja langsung masuk layar shopee trus waduhh iya deh tau kerjasama antar sama aplikasi iklan tapi kok gin amat iklan lama udh pencet silang mau nonton iklan malah selalu otomatis masuk menu shopee layar shopee gimana sihh ganggu banget tolong lahhh,0.0
mantaaap jiwa pokoe tor monitor ketua,1.0
kirim super lambat super lama,0.0
terimah kasih shopee berkat shopee kami makin mudah beli barang tanpa perlu kota lagi ongkos sewa mobil mahal,1.0
online shop paling jujur lengkap harga sangat sahabat banyak gratis ongkos kirim top lah,1.0
alhamdulillah sekarang pilih wilayah depok sudah tengkiuu yaa responnya belanja jadi makin mudah belanja mudah klo boleh saran filter cari per daerah diaktifin misal kota depok,1.0
aplikasi sudah bagus tolong kasih nomer telepon sang kurir biar mudah bila kendala,0.0
jangan tawar spinjam lagi tidak hasil pinjam pun tidak jelas alas apa coba hubung shopeecare apk tidak dapat hubung,0.0
kirim terlalu lama tidak kaya dulu dulu cepat sekarang lama kirim nya,0.0
sangat puas dgn nya shopee belanja apa sulit hrs jauh krn shopee belanja apa pun anterin rmh,0.0
cepat sesuai pesan,1.0
aplikasi shopee bagus tidak masalah work good performance,0.0
tolong periksa kembali versi android kenapa tidak bisa aktif shopee paylatter,0.0
aplikasi shoope kok udah lama gak bisa laku bayar cod,0.0
syh puas nyh aplikasi sopy mudah blnja syh ongkirnyh juga murah pokonyh sangat mmbantu makasih sopy,1.0
sekrang biaya admin nya gede rangin dong min padahal sering belanja shope,1.0
udh langgan beli shoppe harga murah,1.0
sayah tiap pesan buat pesan vocer udah cheot playleter gilir sayah selalu dalam timbang coba klu pesan udah cheot bayar cod biar lancar hadap konsumen bosq ceo,1.0
sangat bantu moga lancar terus,1.0
lelet amat burik,1.0
gabisa login ruwet,0.0
bagus banget,1.0
udah tahun pakai apk shopee beli barang butuh sesuai resfon toko kulir nya baik ramah gak nyesel sama sekali belanja shopee,0.0
sangat bantu warga dalam belanja dgn banyak diskon,1.0
shopee terbaek bikin lebih mudah belanja,1.0
sangatt baguss dann manfaat,1.0
spx kirim sengaja lambat,0.0
sopi sangat bagus kalau pesan kita lambat kita dapat fuocer dapat diskon tiap tanggal bulan nya sama pokok nya dbees banget deh,0.0
shoppe limit extra hanya bisa guna toko tidak bisa gabung limit paylater kecewa sich,0.0
bisa sih klo bikin iklan bener tombol close udah muncul pas klik bukan keluar malah maksa masuk aplikasi mana pas back susah bener alhasil lagi main game game jadi force close marketplace besar kelas shopee ngiklan kayak dagang pasar maksa,0.0
barang sering retur hilang kembali dana lama,1.0
saran buat shoppe jangan bikin ekspedisi sendiri klo manajemen nya blm bagus mna paket sdh hari hari antar masalah kurir mna orang mau jadi kurir shoppe sistem dalam aja sangat amat tidak baik coba dibadah lgi sistem ekspedisi nya,0.0
jaket shope redy gak bos,1.0
sistem nya jelek ganti lalu mau pake akun lama malah jadi masalah akun,0.0
aplikasi suda bagus banyak diskon saran whatsapp kurir tar paket rumah cantum aplikasi bagi kirim agar mudah customer atur jadwal rumah kalau sedang sibuk luar rumah,1.0
shopee moga tetap percaya kontrol seller cara kontinyu,1.0
kenapa metode bayar bank lain bisa seperti kredivo lain nya,0.0
commerce tolol kita mau belanja aja ribet malah batalin pihak sama shopee tolol belanja bayar cash gimana kalau ngutang buat perintah tolong tutup aja semua commerce shoope tidak guna mending belanja langsung pasar,0.0
ganggu terus,1.0
guna,1.0
respon cepat lumayan agak ringan harga,1.0
belanja lebih praktis ekonomis,1.0
shopee banyak diskon free ongkir puas deh belanja shopee,1.0
kirim beberapa kali kembali oleh shopee xpress tanpa tahu ketika adu jawab sistem otomatis aja jawabanya muter tanpa kasi alas jelas kenapa kirim kembali,0.0
lumayan harga gitu kurir ramah terima kasih,1.0
alhamdulillah barang nya bagus murah namun alam buruk sekali barang tdk sampai pas lavak sudah kembali namun sdh lebih kali pesan shopi puas harga jangkau,1.0
banyak baharu bukan tambah bagus malah tambah jelek lot,0.0
bagus sudah langgan guna banget,1.0
layan jelek ongkir mahal iklan terlalu maksa udah keluar iklan masuk lagi sampe beberapa kali,0.0
tolong baik penguna baru bisa cekout pkek vocer dulu bisa skrng bisa,1.0
bagai pakai shopee mula keliatanya bagus mmmmm mmmmm mmmmm eeeeeeeeeeeeee mmmmmmmmmmmmmm,1.0
banyak gratis ongkir nyaaa,1.0
ongkir mahal ngk sesuai harga barang pesan,1.0
jujur tiap beli makan atau mesen paket selalu gak kembali kurir nya jadi agak kesel aja,0.0
tetlalu banyak iklan susah buat kembali vidio tontong,1.0
keren sekali shopee harga tidak mahal kualitas,1.0
lama tidak pernah kecewa sata sudah berlangtanan shopee kur lebih tqhun cuman saran supaya sales abal abal perlu tampil lgi amplikasi shopee banyak org tipu harga murah atw toko tidak daftar shopee dua gimana bisa aplikasi shopee tiap mesan barang tera kurir nomor kontak mengntar bisa hubung,0.0
lama shopee ngk pernah kecewa dalam hal belanja,0.0
aplikasi shopee sangat mudah guna belanja sangat untung bagi guna krn banyak promo jamin oleh shopee,1.0
aplikasi bagusss,0.0
sering dapat gratis ongkir puas banget deh,1.0
belanja shopee sangat murah sangat bantu waktu dalam belanja trimakasih shopee moga makin jaya,1.0
sesuai harap enak buat transaksi,1.0
mau daftarin akun shopee tapi kenapa kode otp nya gak kirim kirim mohon bantu,0.0
karna belanja shopee diskon nya gratis ongkir cepat sampai barang sesuai tanggal nya,1.0
aplikasi simple guna baik guna atau affiliate,1.0
respon cepat,1.0
mantap bantu butuh semua,0.0
aplikasi nya bagus banget barang nya murah murah apalagi buat guna baru wah enak banget sering gratis ongkir lagiiiii poko gak nyesel deh download apk,1.0
aplikasi shop online percaya lama pake tidak bisa pindah lain tahan terus layan jasa kirim shopee,0.0
sangat bantu utk butuh diri,0.0
tolong kirim spx hapus saja lot banget ngirim nya masa datang paket udah bolak balik lapor tapi tetep aja,0.0
nyari nya barang apa ketemu malah lain kacawwww,0.0
iklan lebih lelet pokok iklanya terlalu sampai bisa pencet lelet banget,0.0
mayan dah,0.0
aplikasi sering error tampil nge stuck layar jadi gak bisa buka aplikasi lain bahkan aplikasi shoppe nya gak bisa tutup,0.0
shopee indonesia good,1.0
harga nya ngaco harga tera sama total bayar beda kyk minimarket aja harga label sama kasir beda,1.0
bad service pesan barang tetapi kurir antar paket tidak sesuai alamat minta bantu selesai malah tolak uang tidak kembali coba buka diskusi suruh chat sama bot,0.0
puas belanja dishopi harga jangkau barang bagus,1.0
aplikasi tidak support device tiap buka selalu restart kembali,0.0
belanja nya enak tapi paylater nya baru telat hari nelponin aja kaya gak tau waktu,0.0
tolong pihak shopee baik sistem kirim akhir kirim sering tunda kira lama hari tunda terus dgn alas alamat tidak lengkap padahal alamat pernah ganti belum lancar aja klo mampu cepat tolong kasih opsi pilih expedisi lain jgn langsung arah spx,0.0
adalah langgan setia shopee namun belakang sangat kecewa layan antar barang tidak sesuai sop perilaku kurir tidak tanggung jawab kurir selalu ulur waktu antar barang padahal barang sudah tang kurir pada akhir barang sebut kembali jual kurir tidak amanah sungguh sangat rugi konsumen juga jual tolong layan lebih perhati lagi,0.0
aplikasi ter thebest dalam satu genggam sangat mudah mau laku apaoun,0.0
pokok nya mantap kirim sesuai beli,1.0
mau shoppefood radius jarak skrng kecewa dgn apk biasa mau jrak brp pun msh,0.0
layan tepat waktu,1.0
pakai mudah milik banyak lebih drpd aplikasi lain mantap sekali kirim luar pulau jawa,0.0
apasii bet cod non aktif padahal pernah nolak barang atau lain lai,0.0
ngemplak hub butuh tingkat etos kerja rotasi capa cepat maksimal percuma jika paket jual tuju ngemplak hub sudah bagus cepat maksimal tapi malah tumpuk sudah bawa kurir tapi bawa hub lagi sampai hari ulang ambil langsung tidak boleh tapi pernah ngantar paket hub malah kasih paket pesan,1.0
kembali jasa kirim jne tik lain lain khusu spx hapus aja nggak guna kirim hari bahkan sampe tengah bulan belum sampe rumah itu klo tidak retur tiba,0.0
mantap banget buat belanja alat sepeda,1.0
banget shoope sekarang layan lama paket sering hilang sering retur apk nya paket stuck hari hari tanpa terang jelas,1.0
suka banget,1.0
sangat kecewa layan sangat buruk tidak solutif hanya beri jawab template bot sama ulang kali tanpa selesai masalah,0.0
apk bagus tapi pesan sering kembali tanpa alas jelas,1.0
belanja pakai rumit nice,1.0
alhamdulillah barang datang sesuai pesan,1.0
sayang sekali bayar tidak bisa pke dana,0.0
belum pernah kecewa belanja sini,0.0
mantap amanah,1.0
bgus sih aplikasi cuma banyak tokoh tokoh tipu jadi bisa bedain mana toko asli mana palsu,0.0
apk sangat bantu bisa sekali jual sini,0.0
bagus sih tapi sayang nya blum bisa aju pinjam,0.0
shoppee sangat bantu banget bro,1.0
agak ribet tidak nomor kurir jadi pas pesan tunda kita nggak bisa kontak siapa siapa cuma nunggu tanpa jelas moga depan bisa lebih lengkap info kirim biar beli nggak bingung,0.0
amanah percaya,1.0
harga barang murah tapi tolong kan beli barang lalu tiba tiba akun logout sendiri pas mauk lagi shopee nge bug barang beli riwayat gimana nih apk harus beli barang nya lagi,1.0
milik alam buruk tentang jasa kirim utama pas transit kota malang entah kurir entah apa jasa erti sangat buruk lambat tidak seperti dulu,0.0
tolong ongkos ongkir nya kurang,0.0
beri voucher loyal,1.0
aplikasi mantap buat beli barang pun,0.0
belanja sope selain murah sllu dapat gratis ongkir promo sukses selalu shope,1.0
pesan tunggu hampir bulan kembali jual sangat sangat tidak rekomendasi belanja shopee,0.0
terimakasih bantu alhamdulilah akun bisa dib lagi,1.0
shopee akgir akhir selalu lambat buat tangan masalah pesan stuck selalu tidak update kirim pesan baru,1.0
siknal tidak bagus,0.0
akun tangguh tapi tidak solusi terus gimana shopee,1.0
sangat bantu soal bisa cod rerutn barang,0.0
paket selalu sampai dgn selamat sudah thn pakai aplikasi shope,1.0
mudah kaum mageran buat belanja banyak barang bagus kalau pinter pilih bisa lebih hemat cuman kasih fitur cari kranjang kak susah kali mau checkout barang udah ketilep keranjang kalau udah tambah nanti bintang,0.0
nih iklan maksa bet anjg ganggu gapengen gua belanja mending tiktok shop,0.0
barang sesui foto cepat kirim terima kasih shopee,1.0
belanja shopee banyak discount gratis ongkir shopee emang,1.0
sangat suka belanja shopee poko shopee keren gak mau pindah lain hati,0.0
shopee kurang harus tiap barang jual wajib kasih video cara guna barang sebut video barang jual kalo tidak kasih video lengkap beli ragu gak jadi beli tolong ikan fitur filter barang punya cod cek dulu jadi lengkapin fitur filter shopee,0.0
tempat belanja baik,0.0
sangat kecewa aplikasi nya shopee sudah laku bayar cicil shopee pinjam indomaret lambat bayar jatuh tempo malah aplikasi tagih shopee pinjam masih belum verifikasi gak bisa guna karena bukan juga sangat kecewa aplikasi nya pihak shopee telah nak tipu ngatas nama kan shopee besar nak tipu oleh pihak tipu nya ngatas nama kan shopee mohon bantu shopee,0.0
alam belanja bisnis luar biasa,1.0
aplikasi tidak manusiawi terlalu banyak drama ongkos cekik leher langgan bayar mahal layan kecewa,0.0
maksih barang sudah sampai langsung rakit hasil okehhhhh bangettt,1.0
nicee tiada dua pasti,1.0
spx lot tod mending hps aja tnya lain jawab lain pket stuck urusin mmk,0.0
sangat bantu walau kadang jengkel kerja oknum kurir,0.0
jujur iklan terlalu agresif mau nutup malah masuk shopee terus tombol nya kayak gak akurat ganggu banget sih tolong baik tidaakk fantasss,0.0
tidak bisa login,0.0
bagus mudah kan konsem belanja moga harga jual nya amanah dalam berdagan nya aamiin,1.0
mudah belia mantab,0.0
mudah cepat praktis,1.0
kalo shopee video bisa schedule konten lebih bagus jadi usah balik draf kalo mau upload lagi moga depan menu atau fitur schedule konten video,0.0
aplikasi sellernya banyak tipu buang duit belanja sini pesan slalu minus sesuai poto sesuai deskripsi seller bnyak respon chat balas bot trus,0.0
kata gratis ongkir tapi koq masih kena biaya tambah barang,1.0
update bintang telah sekian lama pake shopee makin kesini makin kesel sama ekspedisi kirim barang pake spx spx banyak kecewa,0.0
puas shopee tapi sayangya limit beku karna pernah telat sudah bayak belanja sudah tahun limit beku mana limit kecil beku lagi tolong pertimbangin lagi trimakasih,0.0
shopee sekarang banyak baru terus padahal kemarin suruh baru terus sekarang baru lagi apakah sedang masalah shopee,1.0
baru kali kecewa sma shopee pengirimanya tambah lama,0.0
semua transaksi kena potong top kena potong perak belum sama admin bank apk terus banyak banget barang palsu jual tolong dong baik,1.0
kecewa makin banyak toko nakal kirim barang tidak sesuai gambar pihak shopee hanya wajib beli serta video unboxing jika ingin return harus pihak shopee juga wajib penjuat bikin video packing juga,0.0
sekarang shopee sudah tidak percaya lagi cuman bisa banyak cerita tapi tidak bisa atas masalah kirim sudah banyak kali masalah kirim pesan juga ubah tgl estimasi terima sekarang pesan saat sudah ubah tgl estimasi terima lagi tunggu lama minggu lebih sekarang tnggu minggu lebih kalaw begitu hampir bulan kirim,0.0
wooiiii shoope jangan suka hati kau kalau emang kalian tdk sanggup banyak pesan maka tambah mitra jasa kirim kalian jangan terlalu serakah cuma pakai jasa kirim milik pribadi kalian doang udah tak beres tuh jasa kirim spx kalian pesan sampe hilang walau kalian ganti buat kesal udah buang waktu tak pasti tunggu pesan ikut masalah pesan terus masalah lambat lambat akhir kalian suka tambah durasi estimasi,0.0
top,1.0
aplikasi nya udah bagus tapi tolong dong tambah metode bayar pakai wallet lain misal dana gopay ovo tolong min usaha,0.0
pusat belanja jelas kirim muter muter terus spx gajelas buruk banget kirim nya,1.0
moga jual ram ssd harga tinggi banget cepat nerima karma nya,1.0
sangat bantu sekali,0.0
mantap benerr apa ingin sangat puas bagus barang,1.0
sudah kembali normal,1.0
layan cepat barang sesuai,1.0
suka shopee moga selslu amanah,1.0
baik manfaat,1.0
scam harga,1.0
maaf ikan bintang dlu krna baru belanja kalau udh beberapa kali benar muas kasi bintang deh,0.0
shopi harus lebih efesien dlm tanggulang pihak pedagng tidak jujur masih bnyak jual produk tidak sesuai gambar,0.0
bagusss bangett,0.0
kirim lama sekali paylater pernah pakai skrg tidak bisa lagi pakai sudah tanya nya jawab beri tidak muas,0.0
alhamdulilah sampai saat shopee keren retur mudah mudah transaksi sukses selalu buat shopee,1.0
moga terus maju,1.0
aplikasi sampah apa waktu war produk saat klik malah verivikasi bikin dapet aja baru kali ikut war malah verivikasi saat mau pindah halaman sangat kecewa hal padahal belum belum tidak jadi seperti,0.0
semenjak shopee belanja murah riah pesan tidak pernah salah terima kasih shopee,0.0
iklan mulu darah tinggi lama lama blokir juga bisa,0.0
belanja sopy harga lebih murah bnyak promo voucher ongkir gratis drng sesuai tnggl sesuai gambar poko mntp,1.0
kirim lambat sekali,0.0
ngajuin pinjam tolak terus,1.0
sya sangat suka shopee banyak diskon,1.0
oke lah,1.0
app shopee nya lemmot sekali,0.0
shopee sangat bantu kasih voucher nya juga dong buat guna baru,1.0
mending shopee kalau mau belanja online jangan lain kalau lain sedikit mana paket kalau shopee barang aman asal beri jelas pada jual belum pesan barang barang sesuai harga bos jangan mau minta murah kalau harga murah buat sendiri barang,0.0
belanja jadi lebih mudah layan nyaman pasti banyak disko,1.0
pelit diskon skrg,1.0
baru pertama kali belanja shoppe,1.0
aplikasi paling tidak layak guna,0.0
sekarang shopee susah temu driver food tunggu sampe tengah jam akhir batal oleh sistem kecewa juga voucer shopeefooddeal sudah beli banyak toko nyata hanya bisa guna saja tiap hari mana tidak bisa refund sebal,0.0
akun shopee lama sudah tidak mau pakai sekarang akun sayang baru sudah member gold tetapi tidak bisa laku upgrade shopee pay tolong kerja sama bantu agar bisa transfer,0.0
sangat kecewa dgn layan shopee benar mau maka shopee lagi habis beli tws dishopee tapi barang rusak belah deteksi bluetooth nya udh cht toko minta kasih solusi buat tws tapi pihak toko malah nyuruh buat balikin aja barang udah dibalikin malah tuduh rusakin trus pihak shopee nya nanggapin masalah becus pesan tiba aja udh selesai sama mereka benci bngt sama shopee nya sama jual juga nipu fitnah,0.0
shopee bohong janji mau kirim pesan malam malah besokin apa shopee kaya gin kecewa berat hadap shopee sudah jadi langgan lama shopee malah laku seperti pantas,0.0
masa cuma buat ngecek ngecek pesan kira bot trus bisa mesen lagi shopee dongo,0.0
maaf mimin bintang dulu pesan barang sdh lewat hari aplikasi tulis pesan sedang dalam proses antar tunggu kantor gak datang kurir terus terang kecewa min kurir,0.0
aplikasi bagusss bangett jadi kalian harus download yaaaa,0.0
moga depan bisa lebih baik lagi soal barang rusak moga lebih lancar lagi,0.0
enak belanja shopee banyak vocer gratis,1.0
shopee keren makin canggih gak kalah sama aplikasi lain,0.0
shopee sangat bantu dalam belanja dgn mudah terimakasih shopee sukses selalu,1.0
iklan nya kurang kocs,0.0
neng banget ama aplikasi apalagi sekarang udah fitur tur mudah bgt buat transaksi,1.0
iklan nyebelin bgt mikir lah jgn maksa maksa buka apk,0.0
tolong apk shopy jangan pilih belah pihak karnakan batal tolak pasti alas nya jadi kecewa sama apliksi shooy gak bisa cod,0.0
shopee food nyari driver nya lama terus driver food nya suka minta cancel daerah depok,0.0
moga muda aamiin,1.0
kalo rusa gampang aja retur ketimbang toko lain apalagi marketplace lain susah banget ribeetttt,0.0
mohon pihak shopee shopee food lebih baik hilang saja sangat susah cari drivernya biasa pesan selalu namun harga jauh lebih murah tidak driver mau antar alangkah baik hapus aja fitur shopee food,0.0
tadi lot terus tambah lot terus makin lot terus makin lot apalagi pas lagi bayar pakai spaylater wiiiih tambah dahsyat lot,1.0
gila shope makin kikir sistem gajelas osi tapcash gamasuk duit gabalik blm lagi sfood ongkirnya gangotak cuma cek kali pas cek kali ongkir langsung naik pdahl sama tempat begokk,1.0
sangat manfaat bagi,1.0
kenapa sekarang pesan tiba lama sekali pesan tanggal satu estimasi tanggal tapi tanggal belum tiba aplikasi status kirim tdk ubah sejak tanggal mau batal tdk bisa mau pesan tempat lain takut barang datang pas pesan lain serba salah mana pes obat tolong proses kirim nya jgn begini terus,0.0
selalu jadi pilih belanja online nomor satu gratis ongkos kirim sangat guna tekan jumlah bayar,1.0
telah tolak paket cod akun tidak bisa guna fitur cod lagi harus cek kembali siapa salah beli atau jual paket bulan baru dateng jelas tolak lah kecewa udah panjang vip ujung cod gabisa,0.0
tolong shopeefood kalo mau sen makan online pas lagi hujan dpt driver nya laaaammmaaa bgt kasih reward apa kek gitu bagi driver terima pesan pas hujan susah gin,1.0
langgan shopee vip pas mau sen shopeefood ongkirnya dinaikin padahal jarak cuma meter kalo mau cari untung nalar lah udah atur cekik mitra driver shopeefood sekarang mau cekik customer langgan vip kah,1.0
apk shopee bisa sih ush apk apa iklan mulu iklan ganggu klo emng mau checkout psti kepake apk gaush sibuk iklan,0.0
seleksi shoppe mall ori harus lebih ketat barang palsu cepat rusak kenapa bisa lolos shoppe mal ori kacauu shoppe sekarang,0.0
layan buruk kirim barang lama respon juga lama gak bisa kalih jalan keluar kecewa sekarang shoope,0.0
kara shopi bel nja semua murah ayo semua donlad shopi sekarang,0.0
mantap amanah,1.0
oke slalu amanah,1.0
lebih simple mudah hemat waktu,1.0
bagus rekomendasi,0.0
terlalu rakus paket nohh kosambi sudah tidak bisa proses pesan ngestuck masih saja transit kan pakett situ akhir beli rugi sudah rugi waktu rugi uang pesan tidak sampai usaha besar spx saja tidak bisa evaluasi kosambi sudah cerita lama kosambi masalah tolong buat spx jangan kejar untung saja evaluasi kirim transit kosambi,0.0
puas sesuai pesan tepat waktu trima kasih shoopy,1.0
jasa antar mantap polll,1.0
nyaman banget belanja shopee terima kasih shopee gak capek kalo mau shoping cari apa aja gak takut dapat barang jelek kurang atau salah ukur tinggal kembali aja belanja lagi barang sesuai ingin,0.0
coment poko bagus bgd,0.0
tangan masalah kendala guna lama bahkan tidak selesai kecewa banget,0.0
baru naik affiliate malah band tanpa alas tentu,1.0
sangat puas barang bagus,1.0
masa kasih nomor tipu hanya nanya pesan belum kirim aneh banget udah gitu expedisi nya ngasih nomor tipu lagi gak jelas dasar layan nya buruk banget,0.0
shopee amanah moga tetap amanah,1.0
selalu belanja shopee bahkan cuma aplikasi shopee aja pake antara banyak commerce lain tapi makin lama shopee makin lot lambattt banget bahkan kadang ngelag udah gitu jarang ngasih gratis ongkir voucher nya batas banget,1.0
apk jelas mulai sfood sseller,1.0
cepat tdk kecewa,0.0
bagus sekali approve,0.0
banyak vidio nggak jelas pamer tubuh ketika baru masuk aplikasi tiba tiba langsung vidio cara otomatis,1.0
moga shopee indonesia selalu jaya depan,1.0
maaf kok tiap buka shopee tidak internet knp apa servernya lagi down padahal kuota masih,0.0
iklan nya maksa ketik nama barang cari tiba tiba ubah jadi nike bikin jengkel jadi buyar hilang apa cari harus nyari awal lagi,0.0
kalau shopeefood lama banget dapat dribernya,0.0
sangat puas layan shope,1.0
bagus aplikasi shopie layan nya agus yaa kadang sen udah hari ngk kirim kesel kan bayar ngk mintak yaaa pokok nya baik iii jangan sampek olangan kecewa,0.0
sesuai promonya,1.0
mudah cari sesuatu sulit temu toko toko offline,0.0
aplikasi bangat,0.0
terimakasih shoppe,1.0
biarpun barang tidak sesuai tera tetap apreasi beri bintang,0.0
pitur pitur nya beda sama temen padahal tipe atau merk nya sama,0.0
murah baget barang nyah gam pang belanja yah,0.0
jauh belum kendala,0.0
sangat guna banget,1.0
bintang nya rangin satu soal kalau ketik cari barang kita mau selalu masuk cari iphone tolong hilang,0.0
sangat sering belanja,1.0
belanja jadi lebih mudah kurir baik harap kami tahan kredibilitas seller harus wajib memposting foto produk etalase asli soal masih gambar etalase seller tidak sama produk jual atas perhati shoppe ucap banyak terimakasih,1.0
ongkir makin mahal voucher tidak bisa guna jika lewat cod jadi tolong baik lah biar guna shopee senang,1.0
kecewa banget pesan makan pakai shopeefood sengaja pesan bawah biar bisa segera antar malah kena doubleorder beda nya pesan pakai standar sama hemat selalu double mulu kena nya,0.0
aplikasi maksa geser dikit iklan pencet dikit iklann pdhal apk nya rame,0.0
sen gak sampe sampai kurir sedang tugas antar paket rumah anda mana gak sampe sampe sekarang shopee lelet banget kirim nya mendi tik tok shop cepet kecewaaa,1.0
kurir shopee suka lambat kirim sudah sampai pada tanggal tapi barang belum sampai malah bawa rumah nya jadi sama kurir aceh langsa,0.0
jauh alam guna shopee tidak pernah kecewa apalagi shopeepayketer sangan bantu pokok best dech terimakasih shopee suksesterus,0.0
kirim gagal mulu lebih baik beli online tiktok kirim nya paling lambat hari shopee bisa sampe minggu hadeh tiap liat riwayat pasti kirim gagal pler lah gausah make shopee,0.0
user tapi iklan shopee ngenganggu banget pas lagi asyik scroll gak usah maksa iklan nya,0.0
oke mulai baik kirim pesan tahan kirim sangat cepat,1.0
moga makin baik aplikasi,1.0
kerren dah,0.0
buruk udah banyak barang review jujur pihak sembunyi gua tau udah dpt duit bnyk seller nakal bela tuh seller nakal daripada customer akal licik cari user baru promo bnyakin enak dpt luber duit seller live pajak seller tiap brg laku dll customer dpt kecewa parah mikir kustomer dpt duit tuh enak nguli panas enak dibwh malah kecewain udah return brg malah dpt barang parah rijek,0.0
top banget layan,1.0
mantab dah mudah hidup dalam belanja,0.0
gacor shopee mantul gacor makin nyala,1.0
apk gabisa ngajukan kembali brang jelek,0.0
sukses slalu shopee,1.0
lumayan makin naik limit nya paylater nya smoga naik lgi,1.0
kecewa soppe padahal langgan soppe pesan sudah banyak kali tidak pernah antar malah tunda tanpa konfirmasi tanpa omong oleh kurir soppe gak telpon gak chat oleh kurir soppe gak tau info kontak kurir soppe buat lapor soppe gak solusi juga pokok nya kecewa sama soppe bakal pindah lazada tiktok shop,0.0
abis update sen makan sekarang susah dapet driver sampe nungguin jam pun dapet driver padahal dulu langsung dapet,1.0
biasa nya ngga pernah kecewa sama shopee tapi kali bikin kecewa banget udah minggu lebih paket ngga nyampe status pesan lagi proses trus kata nya mana ngga cod lagi mau batalin harus nunggu barang sampe dlu udah buat lapor malah lapor tutup oleh pihak shopee sumpah kecewa banget,0.0
pinjam belum bisa dicgunaakan sangat sangat kecewa lapor guna nya aplikasi busuk shopebusuk,0.0
beberapa kali order dishopee barang sesuai pesan terima kasih shopee,1.0
selalu puas belanja sopi,1.0
belanja shopi oke barang baik kirim cepat,1.0
shoppee makin sini makin parah barang hilang gak ganti sama sekali gak kapok juga kah segitu malas kah karyawan kalian lempar masalah tim tim lain,0.0
bisa chekout kayak gitu,0.0
mau bayar aja nunggu menit lebih masih loading jadi males belanja shopee terlalu banyak fitur gak guna gilir mau bayar malah error nunggu lama akhir tokped saja lebih cepat,0.0
puas banget belanja shopee,1.0
top markotop,1.0
bagus barang murah mudah amanah,1.0
terimakasih shopee,1.0
sya retur toko ribet mnta ampun spx kdung jnt jnt alamt toko jelas shopee pun robot bcara ruwet bnyk toko ilegal,0.0
bagus seru tapi lama lama bayar iklan nya,0.0
kenapa akun perangkat blokir padahal guna baruu enggk gunain promo sama sekali tapi kenapa tiba tiba akun blokir pagi tadi tolong yaa pihak shopee aktifin perangkat seperti mula gakk semua orang punya perangkat lebih satu jadi tolong aktifin perangkat sekarang kecewa ajaaa udah ngajuin formulir aktifin perangkat tapi apa hasil tetep gak aktifin,0.0
aplikasi shopee baik mulai bisnis online iklan transparan ulas langgan akurat kirim terima ternotivasi jelas,1.0
belanja sini memang bantu banget tapi kalau boleh tolong dong shopee fitur cantum kurir terkadang paket gak nyampe padahal udah lewat estimasi kesel jadi kalau mau belanja lagi kita sering banget php,1.0
bagus bantu belanja jadi lebih mudah banyak gratis ongkir,1.0
suka belanja ddi shopee live chat mudah hubung kasih bintang voucher cashback tidak jelas guna nya tlg baik tahan bintang,1.0
amanah barang barang bagus,1.0
shopee sangat cocok buat selain harga relatif murah utk kembali dana juga sangat mudah penting dokumen utk retur lengkap juga dalam tangan masalah kait kendala login juga sangat bantu sekali sekarang sudah bisa login lagi langsung belanja lagi good shopee,1.0
shopi tolong dong subtotal ukur khusus hapus aja beli ember liter kena subtotal ukur khusus mahal amat sih aja kayak bayar ongkir gratis ongkir masa kalah tiktok tokopedia dll make subtotal ukur khusus,1.0
iklan bangsat,0.0
bagus banyak discon tarik gratis ongkir ruturn mudah pokok the best,1.0
belanja mudah murah top,1.0
tidak bisa login pakai nomor udah hari hari jawab selalu sama bilang alas aman tapi tidak cara lain apa coba,0.0
pasti the best sangat mudah banyak barang unik murah oleh lalu layan shopee bebas ongkir pula,1.0
makin hari makin hancur shopee kenapa tidak sesuai skripsi jual apa tidak efek jera kah bagi oknum seperti lapor udah kembali nunggu hari kocak anggap aja sedekah biar pada masuk surga,0.0
sangat bantu perlu,1.0
shopee udah kali kali batalin pesan cara pihak kasihan jual juga rugi gak bisa cod,0.0
moga lebih baik,1.0
sangat bagus manfaat,1.0
jarang gratis ongkir nya,1.0
sih yess kualitas produk sesuai kirim juga sesuai estimasi kurir sudah langgan ramah aplikasi lebih mudah ribet,1.0
puas alam shopee enak seabank kerja sama ama shopee jadi tinggal aja banyak potong gratis ongkir makasih shopee lagi buat shopee cara kembali barang rusak atau nggak sesuai pesan kembali uang sangat cepat telah barang ambil sama kurir tunggu jam uang sudah kembali memang shopee luar biasa cara manja cartamer,1.0
aplikasi nya oke mudah guna belanja online,1.0
antar sangat cepat kurir pun ramah,0.0
proses refund ngabisin waktu sampai ganti minggu muak alas beda jauh sama jawab tim mediasi lelet luar biasa,0.0
aplikasi sering nge bug keluar sendiri baru buka apk nya langsung mental keluar,1.0
benar udah bagus aplikasi cuma kalau boleh tahu kenapa tiap buka aplikasi lain pasti nanti ganti shopee muak banget jujur tapi aplikasi sendiri udah bagus kok,0.0
ambil putus hanya rugi beli tanpa beri bukti jelas,0.0
sangat muas belanja shopee tidak pernah kecewa,0.0
belanja online baik lengkap murah percaya alam bukti nya sendiri gak mau lain olshop,0.0
mantap jiwa sukses selalu shopee,1.0
shopee driver korupsi argo tdk masuk akal pesan gabung ongkir ngotakkkk,0.0
kenapa paket shopee sekarang lama sekali datang jadi males pesan apk,0.0
degan ada shopiepay latter bisa beli barang butuh dadak trimakasih shopee,1.0
huhh shopee mah gituu the best bangethhhh rekomend deh buat guna baru,1.0
blokir aja cepat nama doang cepat tapi kirim lambat tanggerang pekanbaru hari blum nyampe kantor nya klo pake spx mentok hari,0.0
aplikasi belanja,0.0
makin mahal ongkir diskon makin hilang,1.0
beli barang rusak seller mau ngbantu aplikasi malah sulit,0.0
tolong dong shopee paket sayaa tidak kirim gagalin kurir terus tolong tegor biar tidak bikin kecewa konsumen kurir pakek alas beli tidak rumah sedang rumah terus,1.0
soppe skrng pingiriman lama,0.0
tidak semua langgan tetap dapat fasilitas pada,0.0
aplikasi mau kirim foto nilai produk gak bisa tolong baik,1.0
sangat bantu buat butuh,1.0
bagus belanja barang apa gampang,0.0
alhamdulillah baik mura,1.0
overall aplikasi bagus bgt pakai buat belanja tapi kok banyak toko tulis cod tapi pas mau sen menu cod nya gmau sering suruh pakai spaylater mulu pdhal pernah nolak paket cod loh suka bgt belanja pakai aplikasi pdhal terus akhir jadi maka shopepay sama spayllater pas maka spayllater kenapa pas bayar cicil tuh bayar mana hal engga pkai sama sekali sih google play bukan sekali loh,1.0
kenapa transfer dana kawan kok engga bisa tadi kata tunggu sampai suda tunggu malah engga kirim engga jelas banget,1.0
platform kadaluarsa sudah gak guna apalagi shopee express kirim tidak tepat waktu lapor buang waktu pokok aplikasi ribet lapak nakal juga banyak banyak maling pindah semua tiktok shop woi sini bikin jengkel,0.0
use this make happy,1.0
baguss sekali,0.0
shopee emang top,1.0
barang selalu tepat waktu sesuai dgn pesan kuring nya ramah,1.0
salah tempel resi oleh jasa kurir sebab barang seller tukar akibat buyer komplain barang tidak sesuai kita complaint barang seller tukar dana kembali tidak sesuai harga barang,1.0
bagus murah murah download juga jangan raguu,0.0
halo ingin lapor kendala pada kirim pesan belum paket selalu antar langsung sampai alamat rumah namun belakang kurir minta ambil paket sendiri belum masuk wilayah kampung alas atas tidak bisa antar padahal alamat masih sama belum tidak kendala kirim lokasi mohon jelas resmi kait hal serta solusi jelas apakah wilayah sudah tidak masuk,0.0
kenapa upload video buat naik banding pakai xiaomi seller jadi ribet mesti pindah laptop atau dulu ikut garansi hemat jadi bayar garansi extra buat pulang pergi,1.0
sangatt baguss aplikasi,0.0
jadi males pake shopie susah aju spaylater selalu tolak padahal tidak pernah cacat dalam bayar aneh shopie skrng,0.0
aplikasi,0.0
thanks good job fast safety comfortable,1.0
makin buruk aje nih kembang mending hapus lah dripada tapi kea gin,0.0
belanja shopee sangat senang harga jangkau produk nya sesuai pesan,1.0
kirim terlalu lama,0.0
cukup mudah belanja butuh hari hari rumah,1.0
terimakasih min atas dalam keluh suka sama shopee moga terus stabil saran keluh kurir sih moga update nyh usul kan,1.0
sangat cepat pesan sesuai mes,1.0
jos bagus bgt barng murah amanah,1.0
apk bagus belanja tapi akhir akhir slalu lama masalah kirim kak,0.0
kurang lancar,0.0
iklan ngeselin,0.0
belanja shopee pasti banyak puas kecewa sekal wajar,1.0
seruuuu mksh shopee,1.0
lagi beli shope banyak tipu,0.0
bagus banget layan banyak diakonnnnnn,1.0
mau belanja apa saja shopee jadi mudah praktis,0.0
kirim selalu lebih waktu estimasi awal spx jelek,0.0
aplikasi senang bagus,0.0
jauh mudah belanja tks shopee semg smkn jaya byk promo,1.0
ampun makin lelet saja dalam antar paket alamat mes saking lelet sampai estimasi tiba paket terus ubah makin malas jadi belanja applikas,1.0
tingkat lagi,0.0
donlowd shope baja semua serba komplit praktis tanpa ribet bawa barang harga relatif semua serba,0.0
sangat butuh kan buat beli produk,1.0
shope gmn sih gua dapet diskon guna baru tapi waktu pakai batalin alas laku transaksi wajar padahal juga diskon kasih yaaa gmn sih gua tanya toko nya kata nya sistem batal nya gilaa ahhh,1.0
thanks,1.0
tidak bisa mes barang,0.0
stop munculin iklan apk lain ganggu banget kalo iklan doang msih oke langsung masuk apk nya,1.0
sangat manfaat cocok,1.0
suka aplikasi cari apa trimakasih shopee indonesia,0.0
apk ngga guna paket blom kirim pas konfirmasi udah kirim,1.0
tinggal pesan langsung dapat meski tunggu datang segala mudah,0.0
iklan anda ganggu mencet apk apa tiba buka apk shopee sendiri nya bisa baharu iklan sangat sangat sangat ganggu apk nya sendiri bagus sangat puas tapi tidak iklan anda,0.0
tolong baik bug shopee video tiap kali masuk aplikasi shopee langsung masuk video ktika pindah beranda suara shopee video masih bunyi gak mau hilang,0.0
terimakasih shopee ajar jadi mudah,1.0
sekarang shopee layan baik komplain konsumen langsung tindak tegas entah mungkin nasabah seabank jadi lebih sigap mereka overall terimakasih shopee telah tanggap komplain,1.0
kirim barang terlalu lama beda shoppe dulu sekarang barang hampir minggu lebih belum juga nyame sdh dua kali buat lapor call center tetap tidak ubah,0.0
terimakasih atas antar nya jual kurir,1.0
aplikasi shopee sangat bantu manfaat sangat simpel niceee shoppe,1.0
terimakasih telah bantu kami,1.0
aplikasi bagus belanja bagi mager pasar sini semua bisa dapat sekalipun barang sudah cari pasar,0.0
kalo buat iklan aplikasi lain jangan nyebelin lah syibal,0.0
aplikasi sihh okyy tapi paling buruk adalah layan kurir kurangggg bngettt entah knp paket bah tolak tabla alas,0.0
shopee nyata bikin kecewa paket sering bikin stuck kirim,1.0
bisa kurang ongkir keluar pulau jawa gak sih mahal amat jmbut,1.0
sen shopeefood tapi apk nya loading mulu muat sampe menit padahal cuma mau klaim voucher terus loading lagi pas checkout lama banget tiap buka shopeefood alamat gagal muat jadi harus tag lokasi mulu muat muat muat mulu heran udah nunggu lama malah gagal muat coba lagi lelet banget dah benerin dong,0.0
lama beli sini tidak pernah kecewa selalu muas,0.0
gampang pakai jagoo,1.0
mohon kalau pesan batal belum pemberitahuan bukan langsung hilang menu kemas atau menu kirim kalau mes tidak simpan pesan bisa bisa hilang tuh pake spl transaksi spl mohon barang sudah bayar tulis bayar nanti biasa dikotakin warna orange hapus dong supaya tidak samar antara sudah bayar belum bukan sengaja samar kaaaaaan tambah menu qris dong,0.0
sekarang antar pket lambat buat setatus pesan antar alamat diantr malah nunggu besok kurir lambat apalagi spx hemat sukak nya aja nganter,1.0
iklan ganggu banget tiba tiba masuk apknya anjir,1.0
senang sekali blnja sopy,0.0
makin sini makin ancur bisa sih klo waktu masuk shopee jangan tiba diarahin shopee video live ganggu banget,1.0
bagus shopee lancar trus kirim slalu amanah pitur nya bagus,1.0
mudah kan buat belanja apa sini banyak promo banyak diskon jossslah pokok,1.0
sayang sekali aplikasi bagus tidak punya fitur hapus followers blokir akun total cuma bisa blokir chat aja akibat banyak orang jahat ganggu menerror host,0.0
plis kembali chekin koin live,1.0
belanja shophee mudah lengkap harga,1.0
tidak untung,0.0
pokok puas,1.0
far good,1.0
mohon maaf baik shoppee jangan ganggu aplikasi lain buat orang marah aplikasi hapus hpnya rugi shoppee sendiri,0.0
good vbbb,1.0
barang sesuai peaanan selalu,1.0
kirim instan nya sekarang lamaaaa banget pick kurir pesan pagi sampai sore belum dipick,1.0
aplikasi sih bagus promo nya harga tarik tpi sayang jasa kirim sedikit lelet seperti dulu bahkan aja bisa sampai hari beda jasa kirim belah hari sampai meski kirim sama tuju sama,0.0
puas balanja sini,1.0
trimakasih,1.0
lebih cepat amanah banyak diskon poko bessst,1.0
bisa sih ush iklan carper aplikasi lain,0.0
penguna selalu bayar harga instant tapi kenapa terima driver semua rata rata sameday jadi barang banyak tidak pickup harap perhati klu instant kasih driver instant aneh korupsi terlalu,0.0
shoping lebi muda enak barang amana,0.0
suka aplikasi shopee mudah belanja butuh rumah tangga harga murah free ongkir realpic produk nya,1.0
aplikasi belanja online baik,0.0
enak buat blnja kasih slusi buat ram kcil biar nggak eror,1.0
jelek mau beli barang lebih dua aja akun akan blokir,0.0
sayang hadiah barang langgan baru tidak kirim,1.0
good job,1.0
expedisi lelet lot update informasi paket lot sudah hari tidak jelas makin tahun makin jelek layan hanya suruh tunggu sabar sabar sabar dapat voucher ganti gak guna beda paket urgent santai,1.0
saran hapus toko tipu habis beli kaset harga tipu,0.0
tinjau kembali barang lama,0.0
amanah sangat manfaat trimakasih shopee,1.0
adain fiturr nama kurir handphone nya pliss demi akuu,1.0
kirim parah lama gak sesuai palembang semarang minggu bhkan kdng lbh minggu baru sampai paket nya stuck sangat sering trjdi seperti,1.0
belanja tidak perlu keluar rumah tinggal pesan tunggu rumah,1.0
bagus kalau bisa baik lagi aplikasi nya makasih,0.0
shopee blnja onlean mudah bli sukses sllu buat toko shopee,1.0
menyikaa driver aplikasi tolol kerja rodi drivernya,0.0
good shopee,1.0
gak jelas suru cantum nomor udah cantum malah suruh beda nomor kasih lagi beda nomor malah gak bisa apk kocaxx,0.0
terimakasih shoppe telah ikan gratis ongkir selalu hanya bayar bulan bagai vip tolong bantu ingat dagang nakal atau tidak jujur lihat komentar semua beli jangan hanya lihat jumlah bintang sering kali barang kirim tidak sesuai bahkan jika saat beli dilive,0.0
terima kasih shopee sangat bantu saat males belanja keluar,0.0
belanja sangat mudah tanpa ribet shopee the best,0.0
resah saat iklan padahal gua cuma mau nonton film aplikasi melolo atau game biasa iklan muncul maksa gua buat masuk shopee apa coba,0.0
apasih gak keren shopee,0.0
suka tapi sekarang jarang aja voucer gratis ongkirnya,1.0
iki kenapa paylater bulan naik maksud gimana terus kalau harga nggak sesuai seperti awal balikin dong voucher sama koin parah banget lama shopee,1.0
praktis gampang guna,1.0
puas promonya,1.0
pliss henti muncul saat gue lagi fokus baca wattpad yaa bjirr marah bangettt,0.0
belanja perlu jadi mudah tanpak musti panas panas keluar rumah,1.0
thanks shoopee,1.0
slalu tingkat kualitas suka karna ongkirnya murah,1.0
sangat bantu puas,1.0
puas layan shopee makasih,1.0
belanja lebih hemat byk diskon ongkir lbh murah,1.0
gaada ganggu bagus bagus aja,0.0
apk amanah,1.0
lama banget habis paket gak sampe sampe bisa gak sih lebih cepet nganterin nya,1.0
tiap jam siang shopee error aja,0.0
belanja sini tidak sesuai estimasi suka lambat banget kirim barang,1.0
minus kurir selalu kirim lewat estimasi tentu,0.0
sekarg kirim shopee estimasi sangat lama,0.0
aplikasi untung,0.0
aplikasi bagus pilih han baik belanja online bagai guna lama member platinum punya tapi aneh limit spaylater hanya ribu dulu sampai sekarang,0.0
jadi simpel kalo mau beli sesuatu,1.0
bembatalan pesan rumit,0.0
aplikasi marketplace mudah cara penggunaanya,0.0
poko okeh bosqu,0.0
apk sangat kecewa bobrok,0.0
slalu lngann blnja dshopee murah riah bnyak diskon mantap lah,1.0
cpt kirim barang bungkus aman bagus puas bgt,1.0
selalu suka belanja online dishopee buat tidak terlalu suka keluar rumah shoping pilih produk unik buanyak jadi cape panas keluar rumah pilih bayar nya juga buanyak jadi bener ngebantu,1.0
shopee inti nya kita harus teliti jeli dgn produk nya kurir nya ramah bagus puas dgn shopee,1.0
bantu ibu ibu sulit belanja offline,1.0
sukses terus shopee,1.0
kurang aman,0.0
tapi tolong buka lagi shopaylater,0.0
duhhh shopeeee kenapa lagg bgt siii udh gitu lemottt bgttt lot ngelebihin game genshin impact tau gaaa kenapa bisa selancar tokopedia tiktok shop tolong bikin apk nya siapa kenapa bisa lot ini engenering nya siapaa tolong klo upgrade berartiiii suka bug juga udah bagus barang paling lengkap nyarinya gampang cuma iniii lot bgt bener ngelebihin game lot lama org kesel juga alih jadi,0.0
sengaja sya kasih bintang agar bsa direspon ulas aplikasi bagus sangat bagus kurang yaitu tidak bisa hubung kurir tidak kontak pribadi kurir hari tgl april sya mau hubung kurir agar bisa ambil paket sya hub dekat hari sya mau keluar kota satu keluarga stts paket hari kirim rumah tidak orang juga butuh paket akan dtg bawa keluar kota tlg sedia layan hubung kurir,0.0
aplikasi sangat bantu,0.0
puas banget belanja shopee paling worthed sih klo turut produk sesuai catat harus liat komen nya yaa trus kembali dana barang klo tidak sesuai juga cepat tidak tele moga makin banyak bonus voucernya yaa,1.0
bagus sih suka gratis ongkir tiap kli pesan,1.0
banyak banget toko kaga amanah sama toko kaga mau atau berat banget ngembaliin uang langgan najiss gua sama shopee lama lama makin buruk shopee nya,1.0
shopee makin kesini makin gajelas sen barang samday tapi udah hari belum sampai mana cuma ganti vocer doang hapus aja hapus samday nya kalo ngga sekali tutup aplikasi makin lama makin gajelas,0.0
genre nya action bos lawan tka tka villain utama adel ship zorobin dukung kansa bagai wah makasih akan lawan tka adel ship zorobin semangat bro ajar eps lawan tka genre nya action bos lawan tka tka villain utama adel ship zorobin,1.0
sangat guna bantu belnja apa saja shope,0.0
aplikasi kok udah langgan tahun masa sekarang nipu isi shoppepay uang langsung hilang entah buat bayar pintu pintu pintu apa akhirat,0.0
dulu belanja online selalu shopee bagus amanah barang datang sesuai pesan banyak diskon serta sering bebas ongkir,1.0
aplikasi mantap banyak discounnya gampang pilih pilih mau cek out,0.0
enak belanja sini banyak potong harga gak perlu keluar rumah barang sudah depan pintu,1.0
pernah beli dapat hari udah mati ehh proses return nya mudah banget,1.0
aplikasi sangat bantu mudah,0.0
jangan pake chatbot dong hub sellernya chatbot bilang barangya redy nyata barang ngak lebih banyak ngak valid,0.0
iklan sial,0.0
moga bisa terus jaga aman akun pakai shopee byk tipu akun tidak bertgg jwb smg pihak shopee bisa lebih teliti lagi dlm selesai mslh krn akun shopee prnh dihack akun lain pihak shopee tdk percaya malah lbh percaya akun tipu pdhl akun tipu batal semua pesan uang direk akun tipu sama saldo spay harus cek dulu pesan semua daerah hacker daerah riwayat psnn lama,0.0
sudah cukup bagus barang terima sesuai pesan kurir nya baik juga ramah walau gelintir toko belum jaga puas langgan moga shopee tetap nyaman aman lancar amin,1.0
aplikasi tolol,0.0
sangat puas hasil mesan spopee,1.0
the best banyak promo,1.0
cakep bnyk gratis sukses shopee,1.0
moga lbh baik,1.0
kirim lot bisa hari nyampe inimalah minggu minggu minggu kalok cuman pesan dong kyk gin semua tiap mesen kalok kayak gin kapok dah mesen shope sengaja kasi bintang biar kliatan paling atas ulas buat kalian jangan dah mesen lewat shopee lagi mending tiktokshop lebih cepat lebih pasti krimbang shope kirim lot bener bikin jengkel,0.0
belanja senang percaya semua serba,0.0
shope guna bangetttt,1.0
suka belanja shopee banyak promo free ongkir sudah jadi langgan setia shopee,1.0
enak banget baguss,1.0
sophee monyet bikin emosi ngeleg parah padahal baru yallah males bngt,0.0
lapak shopee tetap baik sudah guna tahun aplikasi langgan produk barang jual cara online harganx murah jangkau buat masyarakat spinjam splater lagi tks,1.0
aplikasi sampah kalau manajemen tidak punya telinga hati nurani beli pampers renceng toko cuma kirim renceng bukti video unboxing sangat jelas awal segel utuh tapi manajemen shopee olah buta tuli malah sulit kembali dana penuh tanpa retur konsumen rugi waktu tenaga akibat lalai toko tapi shopee justru bela seller nakal manajemen macam apa kerja cuma sulit korban tipu sistem aman beli bobrok,0.0
bagus sekali aplikasi nya suka sukaaaaa,0.0
aplikasi sangat bgus,0.0
aku aplikasi shopee bagus buat belanja barang butuh tapi kalau bisa jangan banyak iklan website utama pas lagi asik searching website chrome sering tiba tiba mental aplikasi shopee ganggu banget apalagi pas lagi nggak perlu belanja tolong dong baik lagi fitur fitur shopeenya,1.0
sangat baik harga murah murah pas kantong,1.0
kenapa nggak dulu pakai shopee baru sadar nyata pakai shopee mudah,1.0
heran kok aplikasi shope lebih mahal pada aplikasi shope temen lain beli pesan barang sama toko sama juga temen masih baru baru beberapa bulan baru tahun juga lebih tahun pakai shope kenapa kok hanya paling mahal antara semua temen guna shope baik mau kredit shope letter maupun mau beli tunai sial kredit diskont nya hilang bulan nya batas utk bulan,0.0
mudah aman jauh,0.0
kenapa tiap aju paylater spinjam pernah acc kalau nanti acc biasa tambah,0.0
aplikasi scam tidak beli tapi saldo kurang hubung aplikasi gak titik terang lewat telfon malah lempar aplikasi keluh apa tidak terima pasti bukan korban pertama seperti,0.0
pesan sesuai minta,1.0
jujur berat banget pas scroll scroll harap fitur blokir toko terimakasih,1.0
keren sangat bantu buat suka belanja apa saja,0.0
belanja sini puas banget sangat rekomendasi,1.0
banyak barang murah harus selektif inti,0.0
bantu kami belanja tapi tolong mana barang pes jangan lain kirim saja,0.0
sekarang shopee lumayan lebih baik dagang nakal sudah kurang mohon minimal tahan,0.0
enak belanja masih kurang layan kirim,0.0
apa sih minta update terus tgl upadet besok minta update lagi,0.0
min klo bisa pas buka aplikasi shopee jangan langsung video gimana cara buka aplikasi langsung menu utama,1.0
mantap amanah,1.0
apk sangat bagus amanah sangat puas belanja sini,1.0
stop iklan sana sini aplikasi lain udahlah stop buat iklan lagi toh satu indonesia udah tau kok bagus shopee mending uang buat baik sejahtera kerja kecil aja deh daripada habis banyak buat iklan iklan spam,0.0
sangat sangat bantu bahak shopee bisa renovasi rumah terimakasih shopee moga lancar jaya trus,1.0
sangat bantu mudah harga jangkau,1.0
kenapa amer produk alkohol jual sedang produk rokok elektrik blokir atau larang,0.0
enk beli barang inga iklan sesuai barang promosi,1.0
jangan pakai shopee barang jelek ori bnyak tipu shopee buruk moga cepet tutup harga mahal brang sesuai,1.0
alhamdulillah telah punya akun shopee jadi mudah mau beli beli barang barang nggk toko offline harga juga lebih miring pasti nya selalu dapat focer gratis ongkir,1.0
akun batas tidak cantum foto video pesan datang rugi pihak merchant apa memang wajib kalo nya cemplung air atau rusak gmn arti system pesan sesuai kalau pun datang rusak ikhlas kok orang kerja pesan banyak habisin waktu,0.0
kacau nih ekspedisi sicepat halu masa iya lokasi kirim jakarta selatan cirebon nyampe hari sendiri sih udah gitu update kirim gajelas tolong shopee kerja baik kita bayar pake uang bukan pake daun,0.0
good shopee,1.0
apa bgt shoppe sekarang nga bisa cod nanti gimana nga duit digital mesan shoppe sekarang dasar,0.0
shoope sekarang sangat lelet lambat biasa paling jauh paling lama hari kalo sekarang mesan terlalu jauh malah sampe hari belum datang datang status kirim sekarang gak jelas shopee sekarang lelet kirim moga bisa ubah baik,0.0
sangad bagus belanja lebih murah banding tempat lain trimakasih shopee,0.0
mohon jika toko gak jujur shoppe contoh nya pesan nya gak sesuai barang datang mohon dapat sangsi keluar aplikasi shopee biar jera gak bohong konsumen shopee juga harus jaga citra supaya konsumen gak pada kecewa,0.0
layan best fast respon,1.0
pihak shopee gak pihak jasa kirim sama sama tipu,0.0
bisa kah saat buka shopee langsung beranda saja kalau pas buka langsung live bikin pusing lihat udah gitu rameee pula pening kali pala,1.0
banyak sekali tipu tipu buat akun shopee menginbox langgan mengatasnamakan shopee kilk taut ancam akun akan blokir kalo tidak laku pulih walhasil banyak akun langgan kena hack manfaat tipu pinjam shopeepay later tetapi pihak shopee tidak laku tindak apa telah lapor bahkan kes pihak shopee menyebarluaskan data langgan jadi target para tipu,0.0
aplikasi pernah beres tggal sdh diupdate skrg tggl minta update lagi makanya jgn kebykan game juga jgn kebykkan gaya aplikasi bikin lot bikin penuh ram akibat byk masalah kendala semua system bego amat sih,0.0
gimana tidak bisa juga sudah asi alamat benar,0.0
aplikasi sangat guna banyak gratis ongkir potong harga,1.0
apk nya sangat bagus sangat baik dalam layan tapi mnjdi mslh yaitu kirim nya udh beberapa kali paket hilang ngak sampai padahal tidak pernah tolak paket,1.0
sudah mulai ngga masuk akal biaya subtotal ukur khusus sedan toko hijau normal saja tuh pake cargo ongkir nys,1.0
terimakasih adh benah skr kirim lancar aju refund cepat seller amanah,1.0
sekarang kirim shopee lumayan lama selalu lewat tanggal estimasi,0.0
buat apa kasih vocer diskon tiap hari kalo barang beli malah dibatalin sistem terus,1.0
shopee sll batu kendala langgan,1.0
sejahtera kan dulu para kurir ujung tombak baru ngundang artis artis marketingnya,1.0
bisa buat kan video shopee food buat rekomendasi siapa tau pas lagi liat video tau tau nya lagi laper jdi bisa langsung sen,0.0
harga makan sangat mahal kirim sangat lama karena driver harus ambil banyak pesan pesan barang juga kirim sangat lama saran kalian lebih baik kalau mau belanja pilih tiktok grab gojek,0.0
cukup muas belanja buat lebih puas lagi hingga bintang,1.0
tiap ketik produk apa cari keluar selalu iphone udh update chache cookie udh hapus masih aja cari keluar iphone shopee promosi iphone cara tidak langsung kah apa default cari iphone,0.0
pesan hilang pas waktu transit kecewa banget sih padahal pesan tunggu tunggu lho kok bisa nyata hilang lagi pesan yaang stuck udah hari gak gera padahal paket besar lho kecewa banget sih,1.0
makasih banget shopee betah banget,1.0
belum bisa nilai baru pertama beli lalu shoppe,1.0
makin rajin belanja shope naik limit belanja banyak,1.0
makin sukses makin beri manfaat bagi guna,1.0
tidak puas antar nya entah kenapa sudah dua kali kirim nya tunda bahkan harus chat bisa dapat jelas paket sudah bayar tapi terima barang lebih hari apa benar entah kenapa beda lain baru pesan besok nya bisa terima padahal luar kota hmm sih masih guna shopee tapi kenapa layan nya seperti moga depan lebih baik agar tidak tinggal oleh buyyer,0.0
terlalu sering update terus,1.0
kacau batalin pihak padahal udah bayar tiba saldo shoppepay kurang aplikasi kurang ajar,0.0
puas puas puas,1.0
harga baik pada online lain saran lebih selektif toko jual shoope kasi konsumen,0.0
senang belanja shopee amanah percaya mantaaap,1.0
harus sibuk bisa belanja rumah toko banyak amanah tapi bagi penting bisa cod,1.0
aplikasi lama buka kadang buka banyak tidak sudah hari tidak bisa buka jadi mau beli produk susah gimana bisa bisa pindah allshope lain bahkan sudah update juga tetap lama buka bahkan sudah update beberapa kali masih tetap susah masa harus update tiap hari baru saja downloud ulang,0.0
pesan pakai spx tidak sampai sampai status kirim aplikasi barang hanya bolak balik jakarta utara tangerang begitu terus sampai kapan waktu estimasi ubah ubah,1.0
dear shopee tolong yaa kalau mau pake spaylater rincian tambah biaya tangan bunga bank nya taruh faktur jangan belakang gitu biar jelas padat woke biar tidak kaget kaget shopee,0.0
shopee kalian kalau tunda kirim tunda aja jangan bilang beli jadwal ulang,0.0
sangat batu bila cari sesuatu kita butuh,0.0
sekarang lambat banget cara kerja nya masa kirim jakarta udah hari belum sampe juga kata sampai hari udah lebih mun,1.0
real,1.0
senang banyak diskon tiap hari,1.0
tolong aplikasi beri tema gelap supaya orang tidak bisa lihat tema terang bisa baca masuk sulit lihat tema terang,0.0
sekarang shopee kirim nya lama apa lagi kalau pakai hemat lama sekali sampai lewat tgl estimasi nya trus langsung rertur mereka lagi,0.0
shopee memang percaya uang barang jamin aman apa lagi pas mager atau lupa sesuatu shopeelah solusi barang datang cepat satset satset shopee mantap,0.0
kenapa tiba tiba cod udah gak jadi lagi bulan kemarin pesan paket hampir cod barang nyampe bayar semua tapi cod sudah gak bisa lagi kenapa jdi kya gin,0.0
respon sangat cepat,1.0
kenapa aplikasi sopy ngga bisa bukak,0.0
dulu paling suka shopee banding marketplace lain nyari barang mudah favorit flash sale promo tanggal kembar,0.0
good shopy,1.0
makasih shopee karna mudah buat belanja tanpa harus pergi keluar rumah,1.0
baru mulai coba ikut aplikasi,1.0
sudh bagus cuma expedisi spxnya tidak maju mau pakai standar atau hemat cepat krim beda tipis efek kebanyakn lama transit jadi efisiean waktu,0.0
belanja mudah banyak diskon,1.0
tolong benerin bug for close pas tadi mau buka aplikasi shopee malah keluar terus benerin belum bener tolong benerin bug nya makasih,1.0
shoope bagi satu satu tempat beli butuh karna bukti sangat percaya shopee the best,0.0
thanks for everything,1.0
tahan selalu kualitas nyaman layan terimakasih,1.0
apk iklan paling ngeselin buka apk lain tbtb iklan pop nya muncul plis promo apk nya normal normal aja,1.0
shopee makin kesini makin kesana barang udh terima konfirmasi oleh beli tapi saldo masih aja tahan alas tunggu konfirmasi beli jelas sudah konfirmasi categori barang kirim sudah pindah selesai tetep aja msh tahan saldo jual nya mikir coba kasi org jual produk klo sipenjual butuh dana,1.0
jangn iklan mulu pas buka apk lain pasti muncul woi saat orang orang mau buka ganggu bgt iklan nya padahal mencet apa iklaaaan terooos,0.0
blum coba moga cocok,1.0
jauh barang pesan sesuai dgn iklan meski oknum toko jual barang tdk sesuai iklan bagi besar mrk manah utk koin nilai terlalu kecil turut,0.0
bagus terimakasih karna sangat bantu,1.0
puas dgn layan shopee,1.0
belakang sulit belanja selalu gagal sistem alas jual tidak kirim waktu tentu ulang semua toko puluh kali mengapa apa masalah akun atau bagaimana mohon jelas terima kasih,0.0
bintang bicara,0.0
bantu kita susah mana klo belanja keluar harus bawa bocil bayar mudah banyak pilih hanya cicil spinjam klo bisa diturunin jangan besar bunga nya terlalu besar cicil motor juga tapi bunga nya sama kaya dealer bisa sampe sehrga motor moga jadi timbang trmkasih,0.0
kali kecewa banget sama shopee biasa sama pulau jawa kirim tidak sampai minggu pesan kali bukan kali pertama pesan toko sebut biasa hanya butuh waktu hingga hari tapi kali bahkan lebih minggu awal aman tapi kok jadi stuck pusat sortir semarang padahal sudah kota tapi kok stuck masih proses tunggu tunggu nyata masih stuck tanggal mau batal juga tidak bisa,0.0
walaupun kasih bintang tolong pada pihak shopee kalau lapak harus tampil promo benar baik barang maupun harga harga profile lain ketika klik mau beli ubah harga atau harga sama tapi barang lain bikin buang waktu kuota,0.0
sangat senang sekali ada shopee belanja jadi mudah semua butuh bisa beli rumah tanpa harus keluar,0.0
moga paylater spinjam segera buka,1.0
apk guna kirim lelet spx standar spx hemat sama sama guna,1.0
aplikasi bagus,0.0
suka dgn promo gratis ongkir,1.0
kesel lihat iklan shoope masuk aplikasi lain utama masuk wattpad aplikasi besar ngga harus ngiklanin semua aplikasi orsng lain juga udah belanja shoope tiba baca wattpad ngga nyentuh apa apa tiba tiba tebuka shoope maksa banget,0.0
sudah hari masih tidak bisa cod mohon tinjau akun,0.0
sangat puas dgn layan shopee,1.0
delay nya udah tolong lagi jadi males liat liat barang buat bayar apk luar pake shopeepay juga ribet apk gajelas,0.0
sekarang shopee tambah bagus sering beli biar barang murah aja selalu dapat gratis ongkir terimakasih shopee sudah mudah belanja online moga shopee selalu jaya tambah sukses,1.0
sangat bantu dalam bisnis maupun butuh,1.0
minggu gada update paket nyangkut kirim kalimantan bahkan pesan pake kirim spx standar malah sama aja kayak hemat super lelet main ubah estimasi tanpa pemberitahuan hebat banget emang shopee rasa kapok belanja pake jasa kirim shopee kecewa,0.0
praktis,1.0
kah jual shopee tidak tipu bila jadi tipu harus bagay mna bisa kah barang perisa dulu baru bayar,0.0
nomor pernah pakai tapi lupa password lupa password haru kasih otp malah suruh masukin verifikasi password dongo banget udah tau lupa password malah suruh masuk verifikasi password dongoo dongii,0.0
mantap biar bintang tunjuk,0.0
semenjak pakek shoppe jadi lebih mudah buat belanja apalagi orang nya terlaly sibuk sama kerja jadi sempat mau belanja tapi karna aplikasi shoppe jadi perlu ribet lah,0.0
sistem shopee food yng waras dikit kalo makan pake kuah kali suruh nunggu jam gara double order kalo bikin konsep waras dikit,0.0
plis min jujur ganggu bgt sama iklan lagi baca wattpad tiba tiba pindah shopee terus bisa gausah masuk aplikasi lain kenganggu bgt anj rumah pake wifi kalo suruh matiin wifi gamau lah harus batesin iklan ganggu bgt,0.0
apk jelek bangett idih,0.0
sangat mudah guna,1.0
makasih suka baget,1.0
belanja puas tampa ribet tampa keluar rumah belanja siap terima rumah,1.0
kecewa banget ama shopee saat proses pake nya sudah bayar pake dana gopay entah kenapa paket nya belum datang udah paket belum datang padahal alamat lain lain nya semua benar,0.0
akun shope udah lama nggk kepake jarang shoping baru kemarin belanja baju abis belanja akhir knpa akun blokir asa waktu check out aman aja metode bayar juga pake card debit kirim juga gada komplain apa apa akun nggk buka sampai ketika mau belanja lagi akun udah blokir gatau knpa gada jelas pasti knpa akun blokir sedikit ngk terima satu satu akun,0.0
belanja lebih mudah aman terimakasih shopee,1.0
pernah beli proxylane promo beli satu dapat nyata betul xokirom juga twfimkasoh,1.0
sudah ngisi kemarin tapi ngak respon maaf sudah capek nunggu tahun mohon maaf kalok tidak bisa karna sudah capek nungu cara perosedurnya ribet suruh ngulang terus tapi tidak usah kuatir sudah hapus shopee kok gan jadi ngk usah kuatir tidak akan baja aju shopee,0.0
tidak bisa login muat aja,0.0
shopeee lebih hemat persen,1.0
akunn tidak bisa login,0.0
cair tolong cepat potong nyah jangan besar besar lah masa toko,0.0
makasih shopee barang sudah sampai sesuai gambar selamat sampai tempat tuju selamat,1.0
tiap pesan belum datang tapi pemberitahuan nya udh cancel kurir nya juga gada cht pemberitahuan kalo bakal cancel amanah bgt kurir nya aplikasi bgus cumn yng jadi masalah kurir nya suka ngeretur tanpa tahu datang ngantar juga rumh pernah,0.0
apa kurir gajelas smua klo mau antar paket chat biar jemput sendiri niat kerja ush kerja gilir mau komplen apk shoppe malah alas ganggu apk apa makin lama makin agak lain,0.0
aplikasi kaga jelas banyak pirus nya kaga bener makin kacau nih aplikasi,0.0
barang bagus tepat waktu,1.0
makin lama sering belanja shopee makin yakin percaya kalau belanja shopee lebih asik nyaman karna sampai saat belum pernah kecewa jangan ragu belanja online shopee karna sudah bukti lebih langgan shopee,1.0
iklan shope maksa tiap main iklan mau pencet tombol malah masuk aplikasi tolong jangan gitu,0.0
aplikasi sampah karna ruang mediasi isi org tolol krj sana gak sekolah gak ngerti bahan mau retur hanya bisa minta konsumen tunjuk bukti bukti terus terus telah kita kirim bukti sih tolol urus ruang mediasi sok pintar sok hebat putus belah pihak batal retur konsumen,0.0
app sdh lot sekali ngadu respon lambat bgt,0.0
belanja sini banyak diskon gratis ongkir,1.0
sangat muas harga jangkau barang sampai tepat waktu,1.0
tolong baik lagi toko nya banyak suka telat kirim apalagi toko udah lisensi star mall dll apalagi beda pulau paling cepat minggu kadang lebih nah kalo pesan nya kirim kirim bisa nyampe bulan tolong awas lagi soal percuma sekarang banyak potong potong harga tapi sellernya pada lalai semua kan kocak nanti imbas nya pada pindah aplikasi lain terimakasih moga cepet berantas,0.0
bagus lama,0.0
mohon baik aplikasi shoope malah gak bisa belanja lama shoope makin eror aja,0.0
jual nipu amanah malah bela beli jujur malah rugi heran shopee makin sini makin jelek,1.0
ksi bintang dulu soal pesan pket make semua ngestuck dikosambi gerak udh bulan,0.0
mudah belanja usah keluar rmh,0.0
sangat bantu belanja opsi pilih macam macam harga,1.0
makin kesini pihak jasa kirim yaitu spx expres tidak sesuai nama makin hari makin lelet saja estimasi terlalu panjang sering kali banyak alas overload padahal hari biasa barang terlalu lama timbun utama diri sangat lambat,1.0
apk affilietnnya verifikasi data bikin susah enak toko ijo,1.0
shopee makin baik layan,1.0
aplikasi tiap minggu update habisindata aja,0.0
mau ganti akun satu kok susah banget harus verifikasi wajah gagal terus tolong kasih mudah cara lain gak usah verifikasi wajah terus wajah gua kok salah salah terus gimana capek tau harus nyesuain ujung ujung gak bisa payah dasar payah,0.0
anjay sekarang pake biaya admin nya jadi harga naik walaupun sedikit kaum pas buat juga harga uang tapi gapapa banya diskon padahal baru pertama kali tidak pernah pakai shopee pay pas mau pakai suruh masukin pin saja tidak pernah masukin pin tunggu kirim kode otp kaga kirimin gmn sih,1.0
layan tepat cepat,1.0
tolong jangan ngiklan dracin iklan susah skip,0.0
percuma ikut asuransi kirim ujung nya brg rusak tidak ganti putus cara pihak shopee karepmu dewe cok,0.0
bintang bicara,0.0
nggak jelas kesel gue lagi chat sama orang jual biar nggak kesasar malah aneh aneh negatif banget biinntangg satuuu,0.0
sudah percaya lagi shopee baik kembali barang atau uang bikin ribet atur awal bisa baik sekarang jadi buruk,0.0
makin lemott,1.0
selalu shopee murah gratis ongkir lagi akan tetapi kirim tolong cepat ksi barang mau pakai malah gak jadi pakai,1.0
ingin mitra jual speaker karouke tsb ntb,1.0
niat ketik cari barang kok keluar nike kalo aplikasi main direct ads kayak gin males pake sopee,0.0
shopee nya bagus tapi sayang sering gak bisa cod,1.0
shoope makin muas,1.0
udah tau lupa tapi pas mau ganti malah suruh masukin lama anehh sekali shopee,0.0
knpa daftar spaylater selalu tolak padahal guna setia,1.0
enak bangat mudah respon,1.0
knp tdk bisa dapat gratis ongkir,1.0
jujur kecewa sistem shoppe paket nge gantung terus udah hari tiga kata paket sedang kirim lalu kurir malam nya malah balik lagi awal maklum cuman kok kaya gin terus oke alas nya gudang nya membludak tapu kenapa update paket dalam proses antar kurir kalau udah tau membludak plis mending usah update maket sampai bener bener bisa kirim banyak giat lewatin biar bisa sedia kos utk ambil paket jujur kecewa,0.0
smpe kpan eror jelas,0.0
sekarang ragu pakai soal pernah telpon kurir tiba tiba suruh bayar dana padahal beli cod atur pusat kantor nya pun tidak bisa erti hangus uang tapi tidak apa lah daripada lebih banyak kirim uang tolong depan jangan jadi kyk gin gara gara update shopee nya tidak bisa cod jadi barang belum beli cod tiba tiba ubah jadi tidak bisa cod tapi aplikasi sangat bagus harga jangkau,0.0
cukup bantu tanpa perlu keliling pasar toko,1.0
udah pake shopee lama belanja sini gak sekali dua kali tapi sekarang udah kali shopee ngecewain langgan beli bodycare kali ganti tgl estimasi paket beli tanggal maret itu beda jalur baru sampe tgl april pesan paket parfum shopee mall dibrand bukan ecek orng udh tau brand tara sama evangelin sama fresh datang bukan parfum tapi kotak pensil,0.0
tidak bisa masuk,0.0
banyak iklan aplikasi jadi lelet,0.0
bagus sangar puas belanja sini banyak potong harga sangat puas rekomendasi banget sih nih,1.0
jagan ragu lagi buru download sekarang juga,0.0
mannttaapp laahh sangat bantu apalagi pas dapet promo banyak,1.0
seler adalah raja shopee tidak adil dalam ambil putus return barang mati jual tapi tetap jual menang,0.0
knp iklan mana ngeselin kali,0.0
pokok suka deh sama shopee barang nya bagus banyak promo lagi update per tgl makin lama kirim paket lama banget shopee kira kendala apa hadap contoh nih gowa sulsel nah status kirim paket dri tangerang makassar jalur darat kata estimasi hari tapi kenapa hari nyampenya moga jawab dri pihak shopee,1.0
kenapa shopepaylater nya bisa pakai,1.0
trims shopay transaksi mudah,1.0
suka banget bener mantap harga gin,1.0
shopee memang baik selalu bebas ongkir,0.0
tiap buka aplikasi lain selalu aja nyasar shopee tolong shopee iklan nya rangin soal lumayan ganggu makasih,0.0
sering update apk tapi tdk baik dlm kirim apalagi spx hemat paling lama kalah sama jasa kirim lain seperti sicpt halu antarejo eko lbh cpt ngk sampai minggu sdh sampai moga depan baik,0.0
shopee layan sdh jelek,0.0
rekomendasi,0.0
bgs aplikasi,0.0
shopee bikin belanja lebih mudah lebih hemat waktu biaya terima kasih shopee,1.0
jadi transaksi begitu mudah,1.0
free ongkir nya mantap,1.0
sistem cod tiba tidak bisa pakai layan shopee sangat payah tidak bisa menyelasaikan masalah tipu dibiarin jual aplikasi shopee,0.0
bantu mudah perlu,1.0
jadi iklan sangat ganggu udah seperti virus aja,0.0
bantu tengah batas ruang waktu,0.0
siipp mantap pasti muas,1.0
pada umum barang pes sesuai skripsi tampil puas profisionalnya,1.0
tolong pihak shopee pas lagi ngegame tiba tiba shopee buka sendiri aplikasi padahal sedang tidak buka aplikasi jadi tolong baik atau kalo emang sengaja tolong jangan laku lagi sayang padahal bagus aplikasi tapi kalo masih begini jadi ganggu rutinitasku,0.0
udah gedeg bangat ama ekpedisi spx tuh benerin dah paket gua nyangkut hari mulu tiap udh nyampe tempat kirim rumah mulai dah stuck mulu situ sukur dianterin hari tuh udah paling cepat ntah apa masalah kalo sekira kurang karyawan cari lgi kalo memang karyawan kurir bener tegur kek apa kek lucu banget dah paket kirim kota sama sen tgl udh tanggal masih blom nyame paling lucu gua liat status bukti lambat palsu,0.0
aplikasi buat bisa belanja mudah tanpa harus pergi toko baju atau toko lain tinggal chekout barang akan sampai beberapa hari telah tapi bisa anda kurang iklan anda iklan selalu oot game atau aplikasi lain anda jangan paksa orang orang harus mendownload aplikasi anda hak mereka ingin mendownload atau tidak tolong hapus iklan aplikasi anda aplikasi lain ganggu,0.0
suka banget sama shopee tpi sangangnya paylater susah buat ngaktifin pdhl belanja hampir tiap jam,1.0
verifikasi wajah sangat ribet selalu gagal padahal mau pakai aplikasi niat baik,0.0
tolong hapus saja kirim pos jne paket sudah nyampe cabang tapi paket gak kirim sampai hari hari,0.0
tidak bisa batal sana,0.0
sangat bagus cepat juga ramah kurir oke,1.0
aplikasi belanja kayak game ukur sampai makin sering pakai,1.0
pas butuh sya,1.0
hati buat para seller baru aja tim mediasi shopee tanpa video unboxing jelas tapi terima retur menang beli tim mediasi tidak bisa beda mana video unboxing video telah diunboxing repack tim mediasi telepon pas adu argumen minta video unboxing beli retur barang shopee harus video unboxing tsb info suara gak langsung kabur tutup telepon gak telepon lagi,0.0
mantab lebih simple,1.0
beli dishopee gratis ongkir shopee live byak diskon,1.0
lama pake shopee aman aja gak pernah barang tipu kalo beli kalo diskon juga jadi murah banget harga nya jelas lagi cara beli memang mudah udah pake shopee lama,0.0
rilll cok harus cobak nih,0.0
mantap beli shopee harga nya jangkau,1.0
sangat senang aplikasi shopee sangat bantu ber belanja sangat lengkap manfaat sesuai butuh perlu terimakasih moga tetap amanah sukses selalu,1.0
makin sini makin nyaman belanja pakai shopee,1.0
shopee barang bagus harga nya murah mantap,1.0
trmkasih shopee bikin blnja lebih mudah,1.0
tolong dong shopee toko toko nakal segera basmi,0.0
bagus bgtt trus pernah dapet voucher banyak,1.0
bantu banget ada shopee banyak pilih murah mahal banyak vouchernya juga puas banget belanja shopee,1.0
lama belanja shopee blm pernah kecewa pasti kita juga harus jadi beli bijak dalam belanja line pilih toko baik baca deskripsi baca komen juga inti harus tetap hati ikut anjur aplikasi,0.0
aplikasi belanja baik,0.0
trims sngt mmbantu,1.0
sangat muas rekomendasi,0.0
sudah lama pake qplikasi shopi sangat tarik,0.0
mantap buat belanja online,1.0
makasih shopee,1.0
sekarang ngambil koin koin tabung kenapa cuma bisa per hari baikin atau kayak dulu biar cepet nyusahin aja baru kok sulit bukan mudah aneh aneh aja shopee kenapa sih update malah tambah ngelag aplikasi buka aplikasi lain biasa aja buka shopee ngelag udah jelek update malah tambah jelek niat bikin aplikasi,0.0
sangat manfaat belanja online,1.0
bagus harga bagus,1.0
sekarang belanja shopee lama datengnya sampe minggu padahal toko estimasi tiba hari tapi nyata minggu jadi turut turut awal kira pada saat ajah tapi nyata paket nggak sampai sesuai gak tau harus tanya lewat siapa pihak toko sudah kirim sesui waktu sudah tentu jadi bingung harus tanya siapa harap shopee kembali seperti dulu,0.0
aplikasi rage bait suruh nunggu kode otp sampe generasi,0.0
aplikasi nya bagus tapi tolong hapus jne daftar anda jne ulah paket hilang dll lah alamat lengkap lah pokok kalo mau kecewain guna shoppe hapus aja jne mitra kurir bener guna bener deh jasa tsb ngabisin waktu customer cepet hilang jne belum nurunin rating anda,0.0
sistem aneh tiba tiba akun shopeepay blokir padahal tidak masalah apa apa,0.0
thn malah tambah parah aja apk shopy buka apk tampil awal langsung live bukan home atau cari parah parah,0.0
masak beli kabar tau dicancel kata nya stok abis hadeuh,0.0
amanah murah riah,1.0
neng belanja shopee segala macem pengirmanya juga okee grts ongkirnya okey mantap segala mudah mantap hati keranjang orange tidk pernh mengecewk,0.0
pakai shopee banyak sekali untung semua sangat mudah sekali waktu transaksi belanja murah online baik saat sukses selalu shopee moga juga limit naik terus,1.0
jujur tidak puas sama aplikasj karena pesan tunda padahal jarak kurir kirim barang tempat sangat dekat kenapa tanpa kabar tiba tiba tunda asli nyata,0.0
aplikasi shopee sangat penuh syarat dalam hal belanja online tawar barang kualitas murce ongkir jangkau lengkap disiplin tdk rugi konsumen terimakasih banyak sophie sdh bantu kami shoping online terus lah milik integritas spy panjang umur,1.0
bagus sekali,0.0
senang sekali belanja sini,0.0
memang shoope baik aplikasi olshop lain very good,0.0
jangan mau jual shope sistem nya buruk bagai seller jual shope ketika beli kembali barang alas bohong barang rusak nyata telah sampai barang tukar batu ketika sya aju banding malah tolak sama shope selaku seller kecewa jangan pernah jual shope apalagi jika barang jual anda nila besar,0.0
bagus banget apalagi buat kaum mager jadi apa apa serba cod,0.0
tangan komplain sangat buruk samasekali tidak bantu hanya muter muter ngomongnya tidak dengar komplain hanya buru buru akhir kasus tanpa solusi suara tidak jelas berisik semua jelek apk suka error dll,0.0
kenapa kirim surabaya kalimantan selatan lambat sekali tolong bantu,0.0
order via instan notabene jam jam sudah mau hari blm pickup alias alas sedang cari kurir voucher pun laku banyak nya banyak gimmick,0.0
terlalu mantap,0.0
maaf bintang soal muncul mulu iklan apalagi klw buka skrol baca dikit iklan muncul trus klw soal muda belanja bintang tapi bisa tdik ngak usah muncul iklan,0.0
kesan layan baik dpt percaya,1.0
sangat muas dalam layan selalu tepat waktu,1.0
sesuai pesan mantaf,1.0
ngasih bintang shopee affiliate blokir padahalsaya posting video tidak vulgar tapi kenapa malah langsung blokir banding pun tolak sangat kecewa sekali,0.0
semua baik semua,0.0
sangat bagus dapat banyak voucher murah,1.0
bagus sesuai pesan trimakasih kurir,1.0
perlu pemberitahuan akurat lagi,0.0
aplikasi spinjam tidak aman kita mau screenshot detail cicil data berapa kali sisah bayar tidak bisa donk anehh sekali padahal aman konsumen agar mereka juga milik data pinjam gojek kredivo bank saja bisa jadi konsumen rasa aman milik data cicil jika seperti bisa mudah manipulasi oleh aplikasi konsumen tidak milik bukti atau data tentang cicil bahaya nihh aplikasi,0.0
oke baja shoope,1.0
usah start sangat mudah beri sanki kepada guna tanpa kaji matang akun customer mudah kena banned oleh sistem rancang terlalu sensitif nice cuma aplikasi terlalu belagu gak customer bisa apa next terlalu mudah beri point penalti kepada merchant mitra driver kalo salah sepele kena point lama numpuk jadi penalti final akibat dampak customer susah dapat driver krisis driver sfood sia customer beli shopeevip,0.0
shopee sangat asa beda dulu sekarang makin lelet sering alami lambat kirim bahkan gagal kirim toko sangat kecewa layan saat,0.0
nya nggk sopan masa telfon marah marah komplain barang tidak sampai padahal sudah lewat estimasi,0.0
cukup puas belanja shopee,1.0
trimakasih barang sudah sampai,1.0
kurir shopee busuk antar sering kali telat main cancel pihak tanpa tahu custmer,0.0
najis bgt iklan mana mana bukan masalah nya bahkan paket nya pun lama banget tiba nya kadang ngelewatin tanggal estiminasi trus tiap komplain gampang bgt nyuruh sabar nunggu semua bisa nunggu pikir nunggu gampang ngga beberapa orng mepet buru buru plc ngertiin deh kasih kabar deh minimal tekan informasi jasa kirim udh klik beberapa kali tapi kaya nya ngaruh apa apa paket,0.0
belanja mudah cepat serta kirim senantiasa top,1.0
shopee kenapa susah napilkan gambar obat resep seperti salbutamol obat asma,0.0
belanja dishope selalu muas moga selalu amanah,1.0
bgus benar tpi bkin muak iklan shopee lwat maaf maksa bgt iklan izinn,0.0
apk sebenernya bagus cuma minus kirim barang telat mohon perhati lagi kurir kirim paket agar tidak telat telat hari hari oke lah telat hari kirim barang tunda terus,0.0
jujur amanah,1.0
belanja jadi mudah tinggal pilih bayar belakang,0.0
mantap poko,0.0
pertama belanja online selalu pake shopee pernah toko laen bahkan temen pake toko ungu ajak pake shopee dlm kirim selalu cepat sekarang ampun kirim lelet sekali minggu lebih bahkan sampai barang nyampe malah balik kirim,0.0
iklan nya ngeselin banget sumpah dehh jangan iklan mulu plis lagi enak enak baca tiba buka apk pdhl pencet jangan terlalu paksa plis iklan nya benar kalo buat belanja lah cuman iklan nya rangin kalo bisa gaada,0.0
shoope beri layan lebih kami harap baik barang maupun jasa,1.0
sengaja kasih bintang biar atas tolong baca keti min pas mau checkout barang stuck mnt tampil sedang alih mulu dah nyoba nunggu lama bgt masih stuck situ udh gitu kata nomer udh daftar shope pdhl blum samsek kalo bilang masalah jaring gak mungkin soal jaring sudah bagus bgt,0.0
mudah guna fitur juga user friendly,1.0
market place profesional dengar kredible puas belanja shopee terima kasih langgan cukup puas harga tarik banyak diskon kembali dana sangat cepat sekali,1.0
moga lancar terus,1.0
aplikasi nya tidak bisa ter instal padahal sudah persen ruang simpan data nya masih banyak edit papa admin mungkin harus ganti tambah admin reaksi cepet banget mantap pokok top markotop,0.0
syh kecewa layan shopee barang syh smpe skrng blm nympe pdhl barang nyampe kopo tavi smpe skrng blm tanda nyampe cimahi tnggl smpe skrng masih bndung kopo,0.0
mantab banget gan,1.0
developer kenapa kalo pesan suka batal tengah jalan sama toko pesan terus malah akun kena jadi gak pernah cod padahal bukan salah developer lebih cermat lagi lah bikin resah,0.0
barang tampil paling bagus tapi harga murah jangan rertipu kawan,0.0
cepat bagus tepat waktu pokok,1.0
kurir sampah bgt layan udah tau barang fragile tapi malah lempar udah gitu seller toko bisa ajak diskusi minta kembali dana gak bisa dulu suka belanja sini tapi sekarang gak akan pernah lagi bye,0.0
bantu kita penuh butuh meski rumah aja,0.0
tingkat terus layan lebih simple,1.0
kecewa dgn shope stiap beli walaupun cod selalu bayar sudah beberapa kali bayar tanpa cod bayar rekening hari pesan kemeja sudah bayar bukti pesan kurir dtg antar brg kata blm bayar please tolong brg udh cekout hrp cek ulang brgnya udh bayar apa cod krn rekning bkn cod,0.0
harus kurir juga bisa complain buyer rumit kalau masalah cod bukan hanya buyer saja,0.0
telah update sering force close sendiri buffering lama pula kadang,0.0
makin lama aja kirim sini jadi malas belanja shopee laammaaa,0.0
shopee top banget,1.0
shopee rupa salah satu flatform belanja online suka bagai macam fitur tawar harga baik bisa cod lagi asyik moga jaya terus shopee,1.0
simpel lengkap mudah hemat,1.0
mesen barang pake instant jam hari belum kirim juga sama aja kayak gapake instant,0.0
sangat bagus belanja lebih gampang banyak gratis ongkirnya terimakasih shopee,1.0
senang pokok pake shopee belanja lebih aman nyaman lebih murah sukses selalu shopee,1.0
gmn min paket lewat estimasi mas aja proses kira gmau pake brang nya tlg kerjasama nya min ksbaran org beda tmbah paket tunda kirim kali bisa gila,1.0
tiba tiba banget subtotal ukur khusus harga ngga kira mehong hadeuhhh ngga bakal deh beli barang subtotal ukur khusus nya mending beli commerce lain byeeee,1.0
terimakasih shopee lama sudah mudah dalam belanja bagai butuh sehingga sangat bantu moga depa shopee akan lebih baik lagi dalam beri layan kepada semua pelangganya sekali lagi terimakasih,0.0
nyata kualitas layan kirim pakai ekspedisi shopee sendiri yaitu spx express sangat terlalu paksa spx express sering overload sangat lama dalam kirim sudah sangat banyak rasa pesan beli sangat sering hambat kirim lebih baik pihak shopee mau kerja sama kembali bagai ekspedisi lain supaya beli jual jadi punya lebih banyak layan pilih ekspedisi kualitas layan lebih baik shopee,0.0
sangat bantu dalam dunia bisnis,1.0
dulu belanja sudah bisa gratis ongkir reguler hemat sekarang harus sampai gratis ongkir reguler asa berat pilih ekspedisi sangat paksa spx express ekspedisi shopee sendiri kirim sangat lambat tidak baik lapang mending shopee mau buka kembali kerja sama ekspedisi lain agar beli jual punya lebih banyak pilih ekspedisi layan lebih baik tidak terlalu paksa layan spx express,0.0
belanja lebih mudah bisa mana saja kapan saja,0.0
lama dalam alam aman tak pernah kecewa,0.0
sangat puas layan shopee selain hrga jangkau kualitas mewah amanah,1.0
aplikasi nya emang enak kalo mau belanja online tapi kenapa kalo iklan nya spam terus yaa tolong lah jangan spam iklan nya,0.0
shopee sangat bantu tanpa harus repot,0.0
bantu sekali jadi ken jual toko,0.0
inti daripada initi nilai adalah shoppe the best customer oriented fast respon tentu selalu manja langgan harga murah barang kualitas baik success gbu great job,1.0
shope parah udah drivernya siksa argo rusak barang gak ngotak besar sellernya juga kasi banyak kena potong cari duit indonesia tapi tanggung jawab sama sekali,0.0
pesan paket udah minggu lebih belum juga datang kecewa,0.0
senang bnget belanja shopee harga murah diskon tapi kenapa tiap buka aplikasi shopee selalu lot banget padahal ram nya besar,1.0
sukses terus shopee,1.0
kemaren paket cod direturn semua alas tolak beli sedang kurir nggak rumah tolong baik layan ekspedisi,1.0
pengirimann selalu lambat retur kasi konsumen sudah mau nunggu hari tapi retur pihak sopee tolong baik hal seperti,0.0
oke sangat sangat baik sesuai,1.0
produk bagus tagih sesuai terimakasih banyak shopee,1.0
tau knp shopee skrg banyak seller tipu utama sller froozen food sudah beli toko beda semua barang busuk bisa makan komplain terima bahkan sampe dapat ancam karna dia tau alamat kantor lucu bgt privasi beli lindung sama sekali sampe dia berani datang kantor minta uang bayar barang busuk dia kirim karna pihak shopee kembali dana bikin malu sama org kantor,0.0
aplikasiny bagus bngt barangny juga gemes lucu lebih ongkir murah makasih aplikasi,0.0
bagus sekali belanja online lancar cod android toucreen oppo ram gigabit rom gigabit guna namun minta perangkat harus lengkap hingga kecewa jadi harus pengaruh sistem aplikasi lain hingga tidak bisa akses baik seperti gratis ongkir banyak lain,0.0
jangan ganggu pas lagi nonton kpg,0.0
sangattt sngat murah blanja apah saja jga,0.0
bagus banget tapi kok skrng psn lgi,1.0
terlalu sering minta update lot lagi aplikasi update beberapa kali pesan shopee tapi batal sistem gak jelas banget padahal bener ken beli bukan tipu tapi selalu batal sistem canggih nya harus tetap pakai manusia juga analisis tipu atau real belanja jadi gak nyaman banget bener mau beli tapi batal akhir beli marketplace lain,0.0
layan customer service dalam tangan problem kasar kecewa,0.0
kasih bintang satu dulu kenapa tiba tidak bisa pakai cod lagi dulu bisa cod kenapa sekarang tidak bisa bahkan hampir semua toko tidak fitur cod bagaimana bisa belanja,0.0
kenpa aplikasi shpe tidak bosa mundur layar kak,0.0
mudah belanja bagi masyarakat ada pelosok desa jauh toko besar ygberada kota,0.0
suka banget puas selalu depan,1.0
mulai ragu bingung semua sen katung tak lagi tepat waktu tdk seperti kemari kemarin maaf bintang rang nanti nilai ulang,0.0
barang lebih murah murah pada barang pasar,0.0
puas banget blanja sini,1.0
terimakasih sudah banyak bantu,1.0
kurir tidak sopan tidak punya etika,0.0
rekomendasi beli beli barang sini murah sama pul vocer,0.0
aplikasi gak bisa ganti akun pas lagi mau ganti akun bisa tapi pas mau masukin nomor pakai nomor akun lama malah suruh masuk akun lama tolong baik ganggu banget pas mau ganti akun,0.0
wakil bintang yaa,0.0
trimakasih shopee sangat bantu hidup inu,1.0
sistem nya otak jam mlm aja msh ksh order paket apa mereka pada tau jam oprasional nya toko gudang,0.0
mantap banyak voucher gratis ongkir,1.0
suka banget barang kita minta pas cepat tapi masuk sedikit nich tolong cek lagi jika kita pesan dua pasti datang satu yah depan tolong cek lagi yah moga sukses selalu shope,0.0
tepat cepat sesuai pesan tempat,1.0
baguss banget kalo mau beli barang tpi gak ketemu,1.0
benar belanja shopee sangat nyaman dulu selalu blanja shopee tapi akhir jadi mals belanja soal paket sering sampe entah hilang atau tiba kembali seller pasti paket sering terima semenjak pakai spx express tolong dong shopee tau harus komplain mana jujur kalo shopee kasi bintang cuman kirim nya kurang muas ibi udah kali paket kabar,1.0
bagus banget shoppe,1.0
buruk masak batas upload produk cuma padahal data dokumen sudah verifikasi semua,0.0
siiip barang bagus amanah,1.0
cukup puas shopee,1.0
gajelas bgt eksepedisi nya lama bgt kirim,0.0
barang lengkap harga jangkau,1.0
lama bagus,0.0
senang belanja shopee moga makin banyak promo,1.0
wey goblog tolong shopee paylater jngn neror orgtua jngn bikin malu keluarga klo rezeki niat byr pdhl nympe mlh neror orgtua tolong dcny kurang sopan jngn hubung keluarga,1.0
gak tau kurir atau gudang masalah tiap kali pesan barang selalu masalah dalam kirim ciledug tangerang,0.0
jauh sangat puas dgn layan shopee bahkan sangat bantu ketika ingin beli barang ingin,1.0
memang aplikasi bagus tapi ongkir sama harga sesuai kadang bagus kadang luar duga,1.0
mantap joss selalu pakai shopee tiada hari tanpa shopee naik bintang,1.0
kecewa kanapa mau ngaktipin payllatr tolak mulu,0.0
penguna shope lapor kan hap cebur laut waktu menyebrang lepas mas nya tidak bisa lagi pakai shopee pay,0.0
mohon maaf belum mau tanya padahal sudah lunas spaylater kok masih hubung suruh bayar lagi sudah bayar malah kena tipu kata spaylater mau tutup kasih tau cara tapi malah suruh simpan pinjam jadi bayar dobel sekarang gak bisa cod makin mls jadi mau cekout barang,0.0
apk nya rusak gak manusia driver,1.0
moga dagang shopee amanah semua,1.0
selalu langgan shoppe belanja lebih mudah lebih murah,1.0
bagus belanja banyak banyak pilih bagus lebih cepat walaupun lama tapi tetap bagus topi,0.0
bagus belanja dishopee lama pakai shopee tidak pernah kecewa,0.0
kurir shoope food atau instan maling bawa kabur barang order cancel ganti driver baru,0.0
sarana belanja barang barang murah tapi tidak murah,0.0
suka banget sama apk tapi sedikit kecewa pas baru ganti akun akun lama hapus kan otomatis dpt diskon sen barang tetapi tiba tiba batal alas tdk masuk akal,1.0
ongkir mahal kata tetangga gua tmn gua,0.0
baik sangat manfaat,1.0
aplikasi bagus poko oke,0.0
aplikasi belanja online bagus,0.0
promo paylater bantu banyak seller besar pada hijrah shopee karna pajak potingan app lebih masuk akal moga bisa lebih baik lagi,0.0
okay,1.0
kecewa shopee sudah hampir minggu lapor instagram bolak balik tetapi kembali dana belum juga proses parah tiba tiba pihak shopee minta bukti tambah validasi waktu hanya hari untung sempat lihat notifikasi sebut kalau tidak bisa rugi barang sudah kembali tetapi dana kembali malah batal sungguh kecewa pihak shopee,0.0
apakah aplikasi sini benar bantu kalo benar tak kasih bintang infinity yaahh,0.0
saat shopee layan kurang baik mohon baik mulai kirim jangan suka kirim undur aplikasi hitam udah lang lebih jauh saran aja sih baik semua layan anda belum semua sesal,0.0
sangat baik mudah dapat barang kita ingin,1.0
emang sampah aplikasi pikir pasu mereka doang jual margin bikin habis oleh sistem mereka buat para jual harus kompak jangan pakai shopee lagi biar mereka rasa konsekuensi buat mereka biar mikir memang aplikasi pantas bikin bangkrut dulu,0.0
puas belanja shopee,1.0
asik aja,1.0
selalu puas belanja shopee,1.0
bisa jangkau kualitas sehingga tidak ragu tampil,0.0
amanah barang baguss,1.0
puas belanja shopee hrg jangkau,1.0
enak aplikasi nya buat orang mles,0.0
alhamdulillah bisa bantu butuh dadak,1.0
apps sering break berat kadang nyangkut bisa gerakin infinix note,1.0
aplikasi satset drpd belah lah layan juga baik,0.0
tiap buka langsung masuk video dgn suara nyaring mau belanja bukan nonton video,0.0
aplikasi stres kali lagi baca komik iklan shoope mulu kira punya duit kali buat beli mending kurang rangin dah iklan shopeeee risih tau,0.0
aplikasi nya mantap oke suka sekali,0.0
kualitas produk jual original ekspedisi nya juga amanah,1.0
kenapa sekarang shoope lama estimasi kirim nya apa sudah bosan,0.0
paket kapan kembali,1.0
untuk pihak shopee langgan aplikasi banyak sekali tanpa paksa pun mereka akan buka shopee saat butuh tapi nanti jangan buat iklan terlalu banyak buat orang orang justru risih sehingga rating turun ajar marketing jual aplikasi mending,0.0
suka belanja sini cuma sekarang shopee sudah telat dalam kirim,0.0
sumpah shopee nih kenapa iklan nike nya kenceng banget lagi nge review barang jadi harus ngulang lagi krna jadi cari kira cape apa mau nyari barang apa jadi cari nike kalo mau iklan tuh normal dong bikin emosi aja,0.0
terimakasih shopee sukses selalu,1.0
shopee sekarang aneh terlalu lama kirim nya gak rekomendasi lah buat buru buru,0.0
wah aplikasi sangat bagus,0.0
heran shopeepaylatter beku padahl cuman telat hari doang biasa juga pernah telat,0.0
update malah jelek masa gaada tampil produk sama sekalli,0.0
selalu barang baru,1.0
knpa beli shopee sekarang makin buruk dulu shopee jadi langgan paling baik sekarang selain harga jau beda sudah kualitas barang nya kurang baik kadang sala warna pula,1.0
shopee harga nya worth kirim cepat,1.0
sahabat belanja sudah tahun tahun,0.0
sangat bantu aplikasi shopee gampang respon bilz kendala sukses sllu shopee,1.0
belanja shopee sangat muas produk sesuai pesan harga murah,1.0
shopee kalo muncul iklan maksa harus beli terus,0.0
shope makin sini makin aneh barang suka batalin tiba jelas,1.0
kalo gamau ngasi diskon besar besarn gausah ngasih bikin orng harap tiap dapet diskon pasti dibatalin dri pihak shopee,1.0
sangat bantu saat masalah sama kirim lapak,0.0
banyak tipu shoppee masuk wajib para jual barang taruh nama cod cek dulu biar sama sama aman baru bayar begitu,0.0
belanja mudah murah tinggal scroll codan tunggu sampai rumah aman,1.0
kirim selalu tepat waktu,1.0
thanks sangat mudah bantu,1.0
banyak sekali barang barang palsu edar aplikasi,0.0
ongkirnya murah banget aplikasi mudah akses,1.0
aplikasi keren banget apalagi paylater bisa nyicil barang impi dehh,1.0
aplikasi kocak,0.0
biaya admin sekarang besar males jual sini,0.0
hindar jual nakal,0.0
shopee sangat bantu mudah belanja online amanah juga dapat percaya lindung hak hak konsumen juga bertanggungjawab,1.0
respon seller cepat barang juga gak abal puas selalu belanja shopee kirim juga cepat,1.0
bagus murah akun tbtb hilang bisa login akun nya lagi mohon baik lagi,0.0
tiap kirim sekarang kyk nya lukman agak lebih cepat walau pesan jauh,0.0
kerja jadi shopee banyak potong potong nya sampe satu priode gaji,0.0
lopyuu shopee udh nemenin belanja online aman nyaman percaya banyak diskon mudah kan belanja happy,1.0
olshop favorit sih tapi akhir akhir agak lot apk nya,0.0
suka video shopee nya drama pendek gituuu yaa tentang aplikasi bagus pokok the best,0.0
selalu puas belanja lewat shopee,1.0
trimakasih semua pesan online shoopie alhamdulillah lama pesan tdk pernah kecewa,0.0
makin lama makin baik,1.0
tingkat lagi tahan sudah baik,0.0
transaksi cpt,1.0
barang bagus sesuai pesan,1.0
yaaaa pasti penting shopee mah the best selalu,1.0
nyiksa orang,0.0
baru shopee kok bisa cekout kata kmu telah guna promo tolong dong min,1.0
belanja mudah harga sesuai barang banyak pilih nya,1.0
kenapa sekarang semena mena kalo ngasih biaya layan,0.0
tidak plexsible sedia spayleter spinjam toleransi sama sekali telat sekali aja bayar langsung beku fiturnya,0.0
tolong baik kak tidak bisa codl,0.0
terlalu banyak iklan eror,0.0
terima kasih shopee belanja online paling baik panjang masa,1.0
kurir sekarang sangar lama makin update makin berat apk,1.0
baik sangat bantu barang sudah pesan jarang sekali kecewa,0.0
pesan dibatalin mulu sama sistem jelas bgt aplikasi ngasih diskon tapi iklhas,0.0
shopee oke cuma toko promosi kan barang jauh exspetasi merek nya lain jadi agak sebel,0.0
shopee sangat bantu dalam banyak hal terimakasih banyak atas jasa,1.0
jika mlihat masa lalu pngiriman antara hri hri aja tuju jawa kalimantan namun sejak option kurir jnt dll ditiadakn lebih dominasi spx kini kirim smpe hri hri makin order overload hrsnya iring kurir ditingkatkn jika memang mau tetap dihandle spx mesti ditingkatkn hingga bisa layan estimasi kirim normal jika blm bisa estimasi kirim normal brati spx blm sanggup mesti membutuhkn handle jasa kurir lain tlong saran dipertimbangkn,1.0
sekarang app jelas bngt kirim moga karyawan gudang sortir upgrade jgn hny app aja upgrade,1.0
suka hilang nomer baru,1.0
sangat mudah praktis,1.0
good mmprmudah dlm shopng sgla hal,1.0
baja shopee murah hemat vocer bisa bayar tempat poromo terimkasi,0.0
estimasi kirim tidak konsisten bisa ubah suka shoppe aja kirim sudah tunggu minggu tetapi masih panjang juga estimasi tiba tanggal vocher lambat terima kalau tidak tiba tanggal kan masuk akal,0.0
baru pertama belanja kasih voucher terimakasih shopee,1.0
lama lama jasa ekspedisi spx nya gajelas pindah tiktok shop aja,0.0
sampai saat masih bagus pesan sesuai,1.0
aplikasi belanja apa aplikasi buat nnton,0.0
aplikasi anjg mana mana iklan shopee mulu anjg,0.0
edit iklan udah gak begitu sebal cuma masalah aplikasi berat banget suka tiba munculin live cepet panas,1.0
sering belanja tapi limit paylater spinjam ngga pernah nambah kecewa sekali,0.0
maaf rubah bintang nya skrg udh satset kyk soal masa checkout tgl ampe skrg tgl blm nyampe checkout tgl sama blm nyampe,0.0
iklan nya jelas mau skip malah suruh download banyak jual scammer isi jadi hati bagi mau belanja apk,0.0
okeh sie udah lma pakai kadang ranting turun sendiri trus susah ngajuin pinjam,1.0
aplikasi lancar byk promo voucer diskon hrg murah,1.0
aplikasi sangat guna mes barang luar kota tetapi harus lebih teliti lagi kalau mau beli jika tidak akan tipu,0.0
tolong pihak shopee kirim baik udh hari nunggu dateng paket,1.0
bagus bagus bagus mantep banget sangat bantu tetap semangat maju terus gercep shopee,1.0
spx lot,0.0
kurir spx banyak tolol paket udh sampe kurir malah dibalikin lagi transit sama kurir kan tolol,0.0
pesan selalu datang tepat waktu barang pes selalu sesuai,1.0
bgus cuman agak ngleg aja,0.0
baguss bangt pesan pun banyak sesuai walaupun juga sesuai pokok shopee debest,1.0
pertama mengunakan shopie tidak perna kecewa mantap,0.0
aplikasi percaya,0.0
bug masa mau sen shopee menu nya gamuncul bug putig bagi bswah,1.0
kirim lambat luar estimasi kirim makin jelas,1.0
kecewa kali instal apk nih,0.0
alhamdulillah shope indonesia merdeka sukses selalu shopee,1.0
customer service orang tolol suka lempar kasus kirim paket menit not recomended kirim jam jarak,0.0
jauh bagus aja pas lama pasti lgsg lag gabisa pencet smpe checkout barang cuma knp tiap buka apk lain iklan sopi paksa buat masuk pdhl pencet tombol apa ttp dimasukin sopi kita mau beli buka sndiri gausah paksa lewat iklan lagi satu dunia punya apk baik aja pas ngiklanin apk,0.0
bagus cepat aman banya diskon ongkirnya,1.0
sip ongkir murah lebih bagus pada tokopedia,0.0
bagus respon cepat,1.0
aplikasi,0.0
market place rekomendasi aman,0.0
kirim lama,0.0
kirim sangat lambat sudah minggu barang belum kirim padahal bukan barang sudah dalam jalan,0.0
iklan nya ganggu bangett,0.0
pihak shopee masuk bug salah titik lokasi tambah fitur gerak kirim bingung paket gak sampai tanya toko gak nomer telepon gara gara paket gak datang,0.0
shopee semenjak kerja sama sama kirim nya lama bgt kecewa sih sma shopee sekarang soal hrus nunggu minggu kalo mau pesan bukan barang lama klo shopee kek gin bakal banyak pindah seblah sih,0.0
top markotop,1.0
kirim paket sangat lama sekali masa hari baru datang sedang tiktok shop datang nya hari doang,0.0
mudah dalam belanja penuh butuh,0.0
cod bisa aneh baru baruh error plus game udah program masa mau main tiba game error unistall aja makasih,1.0
suka ngebug saat mau lihat pesan layar jadi warna putih semua,0.0
benar bantu bgt ada shopee mudah belanja metode bayar juga lebih mudah hanya saja kurir selalu kecewa kadang tdk konfirmasi tiba paket rumah salah ato disimpen sembarang luar rumah,0.0
pesan shopefood kirim lama banget nyata gabung sampai order kirim instan juga sama leboh jam pesan pagi datang magrib parah kata nya instan ternyatadi gabung pesan nyah pesan deiver bagi cuman ribu padahal tiap belanja ongkir atas ribu,0.0
swya sangat puas,1.0
bagus produk banyak apa cari,0.0
cepat layan nya cumn bisa pakai play leter nya,1.0
nggak sortir lama banget gudang palembang ngapaaiinn sampe hari udah hubung csnya kata estimasi sampe tgl kok gitu kenapaa paket lain sampe waktu estimasi dah tiba harus membangke gudang sortir dulu bolak balik cek tgl masih aja stuck palembang udah bayar buat ubah ekspedisi cepat kok malah lama wanjir lah org paket mau keburu dipakek mah kek gin siapa coba emoosiiiii,0.0
paket sekarang udah hari belum juga gera surabaya maros udah hari masih stuck ngga gera tanggal pesan purbalingga pas tanggal april kirim surabaya maros udah hari ngga gera,1.0
aplikasi jelas aplikasi paling jelek pernah indonesia aplikasi tipu paket kembali ubah statusny padahal paket telah ambil kurir tetapi statusny kembali paket batal jemput kurir harus jadwal ulang emang aplikasi tipu mudah sgera tutup aplikasi tipu rugi konsumen lapor juga percuma tindak smoga allah bikin aplikasi bangkrut agar tidak kena tipu aplikasi amiin,0.0
sumpah kecewa banget shopee kenapa makin kesini makin lama kirim kalo dulu hari sdh sampe kenapa sekarang hari baru sampe pokok nya kecewa,1.0
cari barang mau tapi engga,0.0
suka banget semua pesan sesuai gambar kurir pun semua ramah,0.0
tempat beli produk butuh sesuai kantong,1.0
blajan aman nyaman tapi mahal okir nya,1.0
puas bgt,1.0
benar sangat bantu kala ingin belanja barang tapi sikap kurir tidak ramah buat beri ulas seperti cod beku hari pindah apk lain aja deh,1.0
aplikasi sangat jelek kirim selalu delay tidak sesuai estimasi estimasi kirim selalu ubah rubah tidak sesuai awal,0.0
bnyak diskon,1.0
barang sampai sesuai harap,1.0
sangat bantu semua perlu shopee perlu pasar amanah terus,1.0
sangat rekomendasi bagi ingin belanja tapi tidak ingin keluar rumah barang barang kualitas jamin puas,1.0
belanja makin mudah,1.0
sangat senang gabung dgn shoppe barang nya sesuai pesan,1.0
hanya bisa ucap sukses selalu amanah jaga percaya cosumen,1.0
kirim sering lambat sudah hari masih lokasi sama pernah kali nyasar alamat salah,0.0
hati hati belanja sini kualitas kirim buruk delay lama undur estimasi sampai minggu parah malah nilai lain barang tukar bahaya juga shopee lepas tanggung jawab jawab oleh robot,0.0
kirim sopee makin lambat,1.0
tipu iklan sosmen bunga pinjam nyata hari kali hari kali bulan bunga persen biadab splater juga sama brli barang juta splater bayar kalau totalin jadi jtan bener gila tak percaya hitung sendiri,0.0
kurang bintang nya sampe sekarang tau apa salah nya sampe limit terus beku,0.0
udah mah update mulu iklan maksa harus banget kah apk shopee padahal lagi nonton pencet iklan langsung aplikasi hadeh terus paket tolak kurir respon atau tindak hadap akun kurir malah akun bisa cod aneh dasar shopee kalo mau rame benerin dulu noh sistem apk iklan kirim biar kayak tokped beli senang checkout pun lancar,0.0
amanah baik,1.0
shopee aplikasi jallo kuproy promo iklan nya karuan ganggu bgt ampe buka twitter nonton anime abo boy samehadaku shinokun ampe lagu aplikasi iklan nya ganggu bgt install aplikasi banyak madorotnya,0.0
mantap tapi knp stiap hari blnja limit naik padahal kita usaha konter bos,1.0
aduuh kirim shopee lama banget rencana mau pake express lagi nih soal coba belanja shopee cara sama barang shopee sampenya lebih lamaaaa,0.0
puas layan nya,1.0
tidak bisa download lagi,0.0
moga limit payleter pinjam naik,1.0
tolong pihak shopee akun toko nipu jual barang engga sesuai deskripsi tolong cek lagi apa akun toko sebut jual barang sesuai deskripsi tolong cari legalitas nya akun toko toko engga jelas banned aja akun toko bodong banyak nya bukan banyak lagi tapi banyak atur shopee sekarang sangat sangat sangat sangat buruk,0.0
mantap buat belanja,1.0
yaela udh isi shope tpi eror gaes hbs isi bio data ktp langsung eror sumpah kecewa betul apa lagi beli persen tpi shopay krng yaelah,0.0
cocok bintang satu banyak komplain konsumen abai sebab paket stuck kosambi tanggerang tidak jelas pasti konsumen suruh tunggu terus serta estimasi ubah rubah parah kali shopee,1.0
shopee lebih baik lagi,0.0
prah makin hari admin naik terus,1.0
driver shopee food ikut slot food jarak dekat gila emang bayar cuma ribu tiap dpt order double potong ribu jadi cuma terima ribu beda jauh gojek msh kasih insentif tanpa syarat gila gila sangat kejam hub food jarak dekat kastamer bayar ribu driver terima cuma ribu udah gitu kalau double order cuma terima ribu potong lagi ribu sedang gojek nggak potong driver tetap terima ribu double order insentif ribu shopee grab jajah,0.0
pokok mantap serba oke sangat batu rakyat maju terus jaga kwalitas oke,1.0
mohon maaf sekali agak kecewa shopee akun tidak bisa cod alas bahwa kali mmulngkan brg tnpa buka cod atau sya tolak padhal notif sudah kasi tau bahwa minimal kali cuma kli sudah benedd akun tidak bisa cod pdhl shopee tmpt belanja favorit pada akun belanja lain,0.0
shopee sekarang makin ribet semua produk produk gak bisa cod semua makanya sekarang gak belanja shopee lagi,0.0
shopee kirim mangkin lama saja kalah belanja luar negeri nyesal download shopee,0.0
makin lama makin berat aja nih apk belum lagi tiap login lgsg disuguhin live atau video belum lagi hrs ngclose pop muncul,1.0
aplikasi nya emang bagus banget cuma bayar tolong tambah fitur aplikasi dana saja saran shopee,0.0
usaha kapitalis jasa kirim lambat apalagi customer service nya luar biasa bikin susah orang bayar uang kata layan malah makin bobrok memang susah kalau urus anut kapitalisme serakah,1.0
bagus aplikasi mau retur nya juga satset amanah sukses trus shope,1.0
sangat sangat kecewa mesen paket tapi ngestuck abang kurir sampe gagal kirim terus ulang ulang tapi pernah anter rumah gatau gagal karna apa klo dulu mesen aman aman aja padahal pindah rumah gapernah masalah kurir tapi sampe sekarang paket terus jalan tapi pernah sampe tuju kirim ulang terus gatau sampe kapan akan ulang karna udah lebih hari padahal minimal terima pesan hanya sampe dua hari tapi karna kurir jadi sulit,0.0
beberapa kendala sekarang beberapa paket cukup besar biaya sub total ukur khusus entah kapan mulai tapi dulu kayak nya engga belum lagi awal harga misal pas menu malah atau malah lebih tinggi harga barang aja belum masuk sub total ukur khusus jadi engga enak mau belanja nya malah dah kayak lazada aplikasi udah lama gak tak pake gegara harga nya iklan doang engga real,1.0
sopi sangat buruk kayak binatang,0.0
shopee makin lelet kirim lelet banget mohon tingkat lagi,1.0
smpe bulan lebihh nunggu paket pdhl dekat,1.0
makasih banyakk jadi mudah deh buat cari bahan bahan butuh tanpa harus kesana kesini cari toko makasih banyak shoppe,0.0
aplikasi banyak alas niat kirim gak sich estimasi tgl sampai tgl gagal kirim terang alamat salah kan sangat muak alas,0.0
good luck,1.0
apl shopee sangat kecewa sdah capek ngejar memeber platinum malah target ubah nambah target lagi haduh kecewa banget sma shopee asa main kan ama pihak shopee,0.0
banyak jual scam mending awal tik tok shop aja pada shoppe,0.0
kirim lama pesan paket tunda tunda,0.0
tidak ikut pesan tiba pesan datang,0.0
thq shope makin besar usaha berkat shopee,1.0
shopee tipu mau sen makan shopeefood malah kena scam terang situ harga makan sekian pas klik nyata baru kebel vouchernya aja bukan beli makan sebut najis,1.0
kalo ngiklan bener dong masa gue kagak nyentuh apa apa tiba tiba buka apk shopee gue cuma mau baca wattpad aja susah main game pun susah padahal kagak mencet apa apa tiba tiba keluar iklan tiba tiba langsung alih apk shopee bener dikit kalo ngiklan ganggu waktu orang tau,0.0
kesan banyak promonya,1.0
sumpah kecewa banget sama shopee sekarang belanja buat bahan lomba padahl udah sampai kantor spx daerah tinggal juga sudah dtang spx tinggal tapi tidak sus barang gak kirim kirim malah batal pihak sumpah kecewa banget masih banyak paket sudah sampai tapi tidak kirim,0.0
sedap banget,1.0
puas belanja shopee,1.0
mudah kita dalam belanja plus duit juga ngutang bulan jadi makin sering blnja the bess pokok sukses slalu shopee jan lupa limit naik,1.0
lama layan cepat baik kirim atau klaim,0.0
shopee hebat,0.0
kurir daerah karawang arah suryacipta tidak mau antar paket terang beli jadwal ulang padahal komunikasi saja tidak tolong tindak lanjur kurir tidak tanggung jawab spx paket lain guna jne jnt bisa sampai pelosok sudah paket kembali jual kurir tidak mau kirim beri terang palsu,0.0
sangat mudah sekali,0.0
mksh shope krna slama belanja onlie sllu beri puasa layan bnyak brang gratis,1.0
sekarang kirim nya lama banget bisa sampe hari sen helm tanggal sampe sekarang masih tempat sortir,0.0
udah gax usah nawarin buat aktivitas spaylater klw ujung tolak biar udah coba beberapa juga stop gax usah nawarin lagi maaf masih mampu beli cas gax perlu kredit,0.0
semua brng butuh sedia,0.0
moga depan makin baik,1.0
banyak argo argo nebeng gokil barang cuma ribu biadab,0.0
smenjak ubah aplikasi nama kurir tidak tolong cantum kembali nama kurir nya per belum nya terima kasih,1.0
gak suka sama aplikasi iklan sering muncul ganggu banget,1.0
kirim nyacepat sering dapat harga murmer,1.0
shopee tolong agar baik kcwa cara kirim kurir spx lama dlm proses kirim,0.0
barang sesuai pesan kirim cepat sampai,1.0
sumpah makin lama makin buruk kirim nya seller emas lama pic tunda estimasi kirim ubah ubah gak mau kasih kompensasi lambat kirim wkwk aja klo beli sini tambah kurir respon klo hubung cuman tanya kok kirim tunda terus alesan dia libur klo libur kan harus gantiin malah nyolot kata kalo gak sabar suruh cancel yakali klo bisa cancel mah cancel pindah apl belah aja tepak waktu estimasi nya,0.0
bagus promo coin coinnya,1.0
utk mesan cukup baik respon oleh jual segera siap utk kirim,1.0
good banyak vocher nya,1.0
komplain selalu dibales chat otomatis kek ngeluh sama tembok nggak guna nggak ngebantu sama sekali nggak selesai sama sekali satu lagi iklan shopee ganggu sebal jengkel,0.0
bagai jual benar benar rugi dgn ada biaya tambah makin lama makin banyak selain layan juga sangat buruk chat customer service jawab selalu template tidak selesai masalah paket kirim stuck gudang lama minggu ngga kembang update nya pun selalu sama ulang tapi ngga nyampai nyampai cust kalau gitu mending kasih kita nomer kurir kayak commerc belah biar lebih transparan ngga perlu bantu,0.0
kecewa bijak kembali barang shopee sekarang berat belah seller terus korban kan bagai jual udah rugi juta barang retur enak oleh beli tanpa kasih dulu seller banding jadi mau beli salah pun tetap seller harus mau nerima barang nya retur kalau produk nya bukan custom masalah tapi kalau produk nya custom sudah bisa jual kembali jadi tolong lah buat bijak adil,0.0
benci bgt sumpah sen makan jarak gak tapi lama bgtttt nganter nya bukan salah drivernya kenapa kenapa harus double order makan sampe rumah dingin jngan ambil untung nya mulu apa shopee,0.0
apa kirim aneh banget alamat udah sesuai malah bilang salah gimana sih aneh banget udah niat mau jalan kaki jemput paket beda menit kurir nya udah pulang jawab gimanalah aneh bayangin aja barang butuhin mau ambil jalan kaki tapi tunda kirim lagi besok perihal beda menit doang,0.0
kerja harus ketemu driver shopeefood sorry bgt drivernya selalu galak semua dateng marah marah peduli dgn bijak usaha tmpt kerja,0.0
bagus cuma sekarang lama banget nganter paket nya,1.0
lama belanja shopee gak nyesel,0.0
makin kesini makin lambat kirim nya heran shopee sekarang,1.0
jadi agak lot tidak bisa lindung penuh beli tipu oleh jual,0.0
apa aja deh shopee enak belanja,0.0
sekarang jasa kirim sini lelet bgt udah nunggu minggu lebih belum terima mau inisiatif ambil sendiri gudang malah disaranin tau minta batal alas sudah estimasi padahal estimasi sudah panjang sia sia banget padahal udah sabar banget,1.0
blanja apa pokok lebih mudah,0.0
barang nya lama datang ekspedisi nya lambat,0.0
apk belanja memang mudah segala butuh hampir semua nya cuma gitu diskon produk nya terlalu pelit bahkan ongkir bagi pulau luar sangat jarang gratis ongkir masalah bug ngelag dll jasa kirim apa lagi kargo sangat sangat kecewa sering tunda tunda kirim bahkan tanpa konfirmasi main cancel pihak padahal alamat sangat jelas jika tidak jelas gak mungkin belanja apk belah selalu lancar tuh memang apk sini aja sllu masalah,0.0
mau aju kembali lama banget,0.0
makin ngga jelas belanja shope lama sampe nya padahal paket udeh sampe gudang ngga kirim,0.0
layan shopee buruk masa aju kembali dana barang tolak padahal udah jelas isi paket dalam udah kosong,0.0
aplikasi bagus untum belanja,0.0
alhamdulillah masih setia,1.0
mantap gratis ongkir terus bos,1.0
oke kakak baik,1.0
pertama kali kesal shopee beli paket data lapor sukses saldo hangus tapi tidak kuota internet masuk skrng sudah lebih jam sudah laku adu tapi tidak respon,0.0
sial aplikasi checkout apa apa tiba tiba bayar spaylater besar lebih dua kali lagi gilir aju batal malah nyalahin padahal bukan checkout,0.0
terima kasih shopee promo nya,1.0
semua barang murah riah banyak diskon potong harga juga,1.0
mntap mudah praktis,1.0
april tulis nya estimasi tiba april telah bayar kenapa jadi april hari ngapain coba buang waktu minim kalo stok habis bilang saja daerah sekian sold nyusahin tau niat mau pake malah ngaret minggu udah butuh beli pepet malah kena gin cih benerin vitur udah banyak iklan sistem nya ampas,0.0
kenapa pas buka aplikasi suka keluar sendiri,0.0
belanja shopee buat paket jauh lebih cepat sampai banding aplikasi lain tetapi minus nya bagi produk tidak bisa pakai pilih cod bagai cod sejati sangat resah sistem terima kasih,0.0
kalau satu org kurir telat antar kali tgl maret barang tdk cod tdk sampai pdhl apk dlm proses antar gilir kurir cuma satu kali anter jam gak tanggapin singgung hari dua cuma foto doang lagi langsung anter tau biar kerja hari akhir antar cod mati udah pakai shopee kecewa daniel akun,0.0
suka belanja shope aplikasi sering eror lot,0.0
muas ada shopee belanja apa mudahp,0.0
paylater puluh kali coba gagal gagal lelucon paylater sophee,0.0
sangat muas murah bgt toko amanah,1.0
good aplication,1.0
tau toko hilang,0.0
suka belanja shopee tapi kecewa terkadang barang pesan kecewa tolong blokir suka jual barang palsu,0.0
iklan nya terlalu sensitif terus sering muncul aplikasi lain juga ganggu bgt kayak buka facebook tiba tiba iklan sempak,1.0
promonya bener bener murah selalu ingin belanja terus recomended banget,1.0
iklan apk lain bnyak bet kontolll,0.0
komen dah,0.0
suka belanja shopee karna murah tapi kemaren semenjak ramadhan tiba ongkir jadi muaaahhhaaalll banget pokok pake banget sampe bingung kenapa kok bisa mahal gin sampe bingung mau belanja mana lagi,1.0
banyak diskon banyak gratis ongkos banyak seru lai,1.0
bagus sekali,0.0
barang slalu tepat akurat,1.0
terlalu banyak iklan,0.0
alhamdulillah sangat bantu ulas pun jelas,1.0
aplikasi bagus tapi lebih bagus undang stray kids lagi yuk bisa yuk undang kalo undang bintang kalo bisa kasik bintang pun jadilh mreka klo undang psti minat shope makin makin makin makin makin lebih banyak minn,1.0
jamin awet,1.0
aplikasi sangat bagus kurir ramah cara bayar mudah,0.0
bagus bangett,0.0
paket lama sampai kirim cargo walaupun murah masa kalimantan paket jakarta sampai bulan enggak kirim kirim saat lacak posisi nya sama terus tidak ubah jadi tolong evaluasi lagi jasa kirim nya agar lebih cepat dalam tugas janji paket datang tgl sekarang malah jadi tgl hadeh benah lagi deh,0.0
aplikasi nya bagus banget sukaaa nya aplikasi belanja jadi gampang perlu ribet,0.0
masih mula guna shopee,1.0
bagus taki kolo lagi nonton film aplikasi lain selalu iklan shopee,0.0
paket sudah darat aman,1.0
shopee tidak wenang padahal sudah puluh juta terima untung hasil toko shopee vitaminberkah tapi dgn arogan pihak telah tutup tidak beri uang hasil jual toko,0.0
suka scam kalau gue dapet harga murah tunggu beberapa jam dah batalin buat apa war kalau ujung batalin parah emang shoppe,0.0
aplikasi buat sangat bantu mudah cari barang,0.0
pihak antar becus barang jual bagus sekali antar rusak gimana kerja kok gak becus main banting banting kali yak,0.0
sudah agak mending aju retur barang cukup mudah tapi pihak dagang masih toko fake palsu tolong tindak tegas langgar dagang curang,0.0
paket stuck kosambi mulu ngapa dah nanti ujung ujung juga ilang,0.0
sangat amanah,1.0
sangat puas sekali belanja shopee moga makin banyak diskon,1.0
lumayan bebas kembali gratis ongkir kurir amanah,1.0
mantap tepat waktu,1.0
iklan bit bikin mata sakit,0.0
aplikasi tidak tanggung jawab hadap barang pesan padahal milik tokoh sudah krm barang tapi pas proses antar spx barang buat terang sudah sampe foto bareng tidak nampak lingkung sekitar foto full frame barang saja tidak rekomendasi aplikasi,0.0
mohon minta hapus akun sukses shopee tolong jangan bikin ribet nomor hape daftar shopee sudah tidak sama mau login pun tak bisa pakai akun,0.0
oke bos barang mak yus,1.0
trimakasih shopee pesan sudah sampai cepat kualitas barang bagus harga sesuai kirim cepat ayo belanja shopee banyak sekali barang bagus trimakasih shopee mantul,1.0
login cek out,0.0
notifikasi nya brisik hampir tiap menit,0.0
shopee beri kirim gratis ongkir keren,1.0
belanja shopee sgt senang mksh shopee,1.0
kenapa lapor kasus tipu spinjam gak diurusin,0.0
belum nya bisa baharu aplikasi shopee indonesia oppo tapi kenapa sekarang tidak bisa baharu tolong aplikasi shopee indonesia bisa mensuport android oppo walau pun android versi lama sering kali order produk aplikasi terima kasih,0.0
aplikasi sekarang berat banget lelet skrg mau makan pun error keluar otomatis terus aplikasi,0.0
request mohon buka bayar qris pada bayar shopeefood,0.0
mode cari lebih mudah,0.0
makin hari ongkir nya lebih mahal harga narang,1.0
shoppe sangat bantu joss sesuai pesan cepat,1.0
makin gasuka sama shopee seperti tipu kecewa banget udah bela ngewar tengah malem supaya dapet harga murah udah hasil malah dibatalin semua oleh pihak shopee emas lama gatau deh kayak emang sengaja lama sampai pada hari kirim supaya batal otomatis gimana mau gadibilang tipu barang promo semua batal motif sama promosi tipu,0.0
tiap buka shopee nongol dracin tim shopee benerin lah kalo iklan produk sih gak masalah masa aplikasi belanja kata konoha nongol malah dracin,0.0
mantap oke,1.0
shopee banyak bantu sekali dalam beli bagai butuh bahkan barang susah dapat pun sedia shopee semua jadi lebih mudah ada shopee terima kasih shopee,0.0
kaya csnya muter doang solusi kata mau follow hasil,1.0
alhamdulillah bagus,1.0
banyak diskon barang sesuai pesan,1.0
says update aplikasi supper pakai oppo tidak bisa daftar kenapa admin tolong dikonfimasikan,0.0
belanja shopee emg paling mantep banyak diskon gratis ongkirnya juga top markotop deh pokok luvv shopee,1.0
banyak promo harga jadi lebih murah,1.0
shopee mantappp moga selalu beri layan baik konsumen butuh rumah tangga seperti kami,1.0
aplikasi hanya pikir untung sendiri tidak pernah pikir beli seller maupun kurir driver,0.0
dulu suka banget belanja shopee tapi sekarang mau belanja was was sudah beberapa kali belanja paket tidak sampai nyata hilang emang sih duit ganti tapi bisa enak jidat sendiri hilang paket milik orang lain,1.0
kecewa sih knp paket batalin apk padahal gak chat masuk aku sih gak masalah kasi ibu excited sama paket,0.0
usaha amanah percaya,1.0
pesan sampai tuju tetapi waktu sangat begitu lama mau cepat tapi ongkir mahal begitu nama shopee,1.0
shopee memang pas banget bantu sesuai butuh kita pokok shopee nya keren banget,1.0
kok bisa pesan belum datang tapi sistem shopee otomatis ubah status pesan jadi selesai jual jadi terima uang tapi sampai detik barang gak kirim shopee tanggung jawab buat balikin uang toko juga udah respon,1.0
kren aplikasi nya,0.0
bener bener gak beres alam belanja kali turut turut zonk gara gara kurir hobi php tanya alamat lewat tapi barang gak pernah nyampe rumah padahal sudah kasih patok detail sampe cctv rumah kapok belanja sini mending pindah aplikasi belah lebih harga waktu beli gak usah kasih voucher kalau ujung ujung barang gak kirim,0.0
alam shopee tidak pernah kecewa,0.0
belanja shoppe yes,1.0
puas belanja shoppee karna toko banyak amanah kirim sesuai pesan tdk kecewa,1.0
tolong tingkat lagi aplikasi biar supaya tidak ngelek lagi shopee,0.0
sangat bagus skli unk shope selalu sukses unk shope,1.0
software nya jelek banget hilang uang gara gara vip shopee sudah laku transaksi langgan tapi terus pikir batal langgan lalu tekan tombol batal langgan terus uang lenyap kemudian baca lagi atur nya nyata tidak bisa batal langgan terus tanya kenapaaa tombol batal langgan terus misal emang tidak bisa batal tapi kenapa tidak bisa klaim value atau untung vip sebut seperti gpt,0.0
sangat mudah belanja tanpa harus toko harga nya lebih mahal pada shopee namun sayang splater limid nya dpt nya kecil aja gak naik naik pdhl bayar bagus bisa cek hisroty payment nya huuft,1.0
thank you much,1.0
belanja online sini enak banget,1.0
kirim spx lambat paket sering gagal kurir,1.0
sangat puas hati terimakasih,1.0
sangat bantu belanja aman percaya banyak kan lagi bonus,0.0
shoppe sangat batu sekali belanja mudah cepat,0.0
mantappppp makin maju terus,1.0
kurir betul betul amanah,1.0
makin kesini makin gak jelas apa aja batal trs cape dah,0.0
bagus murah bgt barang beda ama aplikasi belah,0.0
barang nya sesuai bagus,1.0
kirim super duper lambattt harus dateng tgl sampe skrg belum dateng juga rekomendasi belanja sopig mending tutup aja kalo gabisa kerja tuh orang,0.0
semenjak shoppee belanja sangat mudah moga selalu amanah,1.0
shopee cepat respon,1.0
sopy tempat beli bela baik,0.0
sangat bantu belanja apa mudah dapat,0.0
sesuai selalu,1.0
semua baik,0.0
jelek banget males ama layan belakang kemarin sen boneka barbie sana tapi cacat pabrik bagi kepala trus sore kembali barang jual rese bilang nipulah gak sopan lah terus kata dia ngerugiin dia hati hati guys jangan beli sini barang memang murah mending beli aplikasi biru tapi layan bagus tuju gak guys segera blokir app jahat banget gak punya asa sen kura brazil mati,0.0
benar bagus sesuai gambar trim shopee indonesia sukses selalu,1.0
aplikasi bagus belanja online seluruh indonesia,0.0
aplikasi shopee sangat lengkap barang sesuai harap kasih bintang kepada aplikasi shopee,0.0
aplikasi lumayan baik,0.0
sangat tarik aplikasi,0.0
lumayan kcuman sara masih toko tipu jadi agak ketat lagi,0.0
shopee skrng kirim nya pada lama banyak stuck kurir sudah tugas kan ngirim tapi tidak ambil,0.0
mantab sekali,0.0
code pengirman cepat pas ces lama alas cuaca buru dll harus pake otak udah bayar utamkan bandi code payah buruk,0.0
aplikasi manfaat moga sukses,1.0
bnyk perlu tingkat,1.0
poko nyah mantap lah buat shopee nyah soal nyah shopee bisa cod bayar tempat makasih shopee,0.0
fitnah titip link bisa nya fitnah titip link beri sanksi padahal sama sekali tidak laku lagi hpnya aja masih dipake live mau checkout gimana coba saat aju banding pun langsung main tolak aja tapi shopee sendiri tidak bisa tampil bukti mana salah konyol banget,0.0
maaf uninstall kurir tidak ramah daerah tangerang jln gaga pasir,0.0
harga murah banyak vocer gratis ongkir trimaksih shopee,1.0
sesuai ekpektasi,1.0
bagus bangett,0.0
sangat bantu sangat mudah moga depan makin lebih baik,1.0
bagus top super sesuai trmksih shoee,1.0
sllu banyak diskon,1.0
tolong toko apk enak ganti barang orang tanpa tuju hanya kejar waktu kirim padahal kan kalau barang habis tinggal cancel kalau tidak respon beli urus barang habis tidak hubung beli,0.0
pokok shopee baik indonesia harga murah banyak diskon ongkir gratis pokok top,1.0
shopee adalah jalan ninja mageran keluar bnyak diskon nya the best best best pokok rekomen bgt,1.0
kenapa makin hari shopee makin lelet respon toko lah kirim lah makin mundur lah beda sama dulu ngape shopee lgi galau apa gimana diputusin ayo daaah beli golda duduk depan indomaret kite,1.0
aplikasi bagus tapi sistem aplikasi kurang bagus ongkos mitra driver kecil sps banyak jual beli atribut dalam mitra kerja kaya main bola banyak pelangaran pojok drivwr atu mitra yuks dri sini maju sama pindah lain meski apk bagus tpi logika sistsm buat mitra kurang adil tekan kubu mitra atau drivernya,0.0
sangat bantu banyak diskon dll,1.0
maaf paket udah minggu gak anter hilang entah mana tolong baik lagi kak,0.0
layan oke,1.0
belanja shpope lama lama mua gara kurir spx kerja kurir spx gak niat ngirim barag sial beberapa kurir tidak antar paket malah bilang beli tolak paket datang enggak hubung lewat wharsap siala kurir spx area tegal barat khusus,0.0
pegiriman cepat amanah sesuai ingin harga sedikit lebih jangkau,1.0
bagus tapi kalo mesen apa lama bgt beda sama belah hari sampe kalo kurir gatau alamat emang gabisa kan cantum situ mesen lama tapi balikin mulu jual terang tolak pesan,0.0
mengapa akhir akhir paket kirim salah lah terus resi tera nama tapi barang dalam tidak sesuai pesan maksud gimana males banget jika harus retur retur sibuk gak mau buang buang waktu hanya retur retur barang,0.0
bagus semua layan cuma toko saja kadang tdk sesuai order kirim barang beda cuma stok dagang laku saja lupa puas konsumen tdk sesuai skripsi foto promo nya,1.0
sering baja sopee jnt kargo paling cepat paket sampai terimah kasih sopee gak perlu capek capek baja cukup tunggu rumah barang sampai,1.0
belanja shoppee bagus banget barang nya cepet sampai cuman sering tinggal voucerr teruss,1.0
jdi males belanja klo kurir kaga beres minggu kagak nyampe,0.0
akun tidak bisa hapus permanen,0.0
turut shopee baik laris terus shoppe shopee butuh,1.0
makasih buat sopy senang kirim baguss,1.0
kirim nya lama sekali kalo bisa kirim nya cepat,0.0
belanja shopee saat sangat puas turut kualitas bagus harga nya sahabat antar pulak lagi sampai rumah bayar tempat,1.0
barang kirim sesuai gambar bahan bagus kwalitas bagus jahit bahus kirim cepat pokok rekomendied,0.0
makin sukses shopee makin banya vouchernya,1.0
bagus bagus cuman kalau sisa dapat jaring lot skali,0.0
waktu pertama kali buat akun liat harga murah tapi pas paket nya dtg malah tipu,1.0
bagus sangat bantu mudah kita dlm belanja online juga shopee banyak promo nya pokok mantul bgt dah kreeennn bintang pasti gue kasih bintang,1.0
oke akusuka,1.0
bintang lima suka bangett sama aplikasi,0.0
kecewa banget spaylater beku padahal selalu bayar tepat waktu sudah lapor pihak juga jawab nya cuma gitu aja usaha gak bonefit banget,1.0
spx bobrok,0.0
mudah cara beli serta harga jangkau,1.0
shopy makin sini makin tidak amanah terkdang tidak sesui brabg kirim lama tunggu dtang brang tambah kecewa beda model kirim kdang beda warna kirim kewa sekali,0.0
pesan datang sesuai real ori kondisi bagus tidak karat,0.0
dah puuaas layan shopee tapi kalau musim hujan kok lambat kenapa,0.0
toko jual banyak benar pada tdk benar kayak belah,0.0
email ilang situ hubung nomor tlp saat login pake nomor tlpn suruh verif email kocak kocak kalo kek gin gmn cara pesan paket blog,0.0
lelet antara banyak drama paket bolak balik cape liat baca traking paket,0.0
barang tawar banyak mulai murah sampai mahal banyak macam ongkirnya oke,1.0
aplikasi bagus tapi sayang iklan nya sangat ganggu luar aplikasi penuh tombol fake bahkan ketika tombol nya tidak fake lalu tekan tepat tetap saja akan langsung masuk shopee jadi tolong batas iklan nya benar ganggu buat tidak nyaman apalagi iklan nya mana terkadang pun tiba masuk shopee padahal iklan nya belum tampil bahkan kalau sudah keluar iklan shopee pasti bakal tetap masuk lagi banyak kali,0.0
aplikasi lebih baik lain,0.0
aplikasi sangat bantu,0.0
shopee memang percaya belanja shopee murah nyaman barang datang selalu tepat waktu sesuai pesan,1.0
mas saja gak bisa lihat semua transaksi shopee gin kok minta tambah bintang baik dulu,0.0
iklan ganggu banget kalo cuman lewat doang sih gapapa tapi masa lagi buka aplikasi lain trus tiba tiba masuk sendiri shopee padahal pencet iklan sama sekali maksa banget sihh,0.0
moga makin percaya makin berkwalitas,1.0
turut aplikasi shopee tuh udah bagus mau beli makan pulsa butuh lain cukup komplit bikin kecewa cuma toko jual shopee masih aja toko jual amanah kadang suka aja dapet toko kita beli apa kirim apa atau kadang brg rusak kirim blom lagi klo beli bnyak kadang item kirim klo pun kita nilai bintang toko tapi rugi kita udah keluarin uang tapi brg rusak sesuai klo pun mau retur kadang bisa kadang engga,0.0
puas nyaman,1.0
sangat percaya sekali belanja shopee,0.0
talu lambat respon komplain,1.0
kenapa sekarang kirim shopee lambat tidak upgred aplikasi seperti paket tidak jalan gitu,0.0
suka belanja sini real,1.0
lama order alhamdulillah kurir amanah toko nya juga amanah,1.0
barang pes selalu lambat datang,0.0
walaupun puas cara seluruh tapi dar saran aja para jual agar promosi barang sesuai jual jangan jual macam macam merk tapi promosi jual profil cuma merk baik,1.0
pihak shopee mohon asi ingat pada pihak spx hemat kalo ngantar paket jagan suka suka orang sesuai tgl berapa sampe nya etimasi paket sampe tgl tgl bulan sekarang suda tgl bulan sementara paket masik medan suda sore masik medan kapan sampe paket nya tanjung balai buat kesal kenapa estimasi ubah cara pihak awal estimasi tgl bulan paket sampe malah ubah pihak sampe tgl bulan,0.0
aplikasi sangat komplit bagus sekali,0.0
bagus sekali juga bisa beli main anak anak barang barang promo lagi mantap sekali jadi tagih deh,0.0
sukses selalu mantap,1.0
mudah segala butuh harga lebih murah pasar,1.0
gak jelas mau login aja sulit tolol,0.0
belanja shopee aman percaya gantung pilih masing masing juga sering ngasih vocer potong harga makasih emang top aplikasi shopee,1.0
alhamdulillah berkat shopee semua kebetuhan serba lebih banyak diskon potong harga makasih shopee,1.0
selalu amanah shopee,1.0
kualitas shopee memang jamin,1.0
wahh puas banget beli apa shopee sesuai banyak voucernya lagi,1.0
semua uda bagus fitur atau apa tapi tolong tambah fitur chat kurir kirim barang,0.0
klu dapat promo barang nya gak pernah kirim harga barang barang masih mahal,1.0
selalu puas,1.0
pesan stuck gudang jadi barang sama bikin rugi orang aja alas penuh tapi pesan lain sudah bisa antar mau bikin org kapok pke spx,0.0
sangat bagus guna,1.0
oke,1.0
kerja buruk barang stuck kembali dana aja harus nunggu jam dua kali hubungin suruh nunggu jam jatuh jam kecewa harus apus apk kaya gin mah,0.0
thanks our loyalty,1.0
belanja tambah enak lengkap makasih shopee,1.0
hanya shopee belanja aman,0.0
ganggu bet anying iklan nya lagi baca manga nongol mulu,0.0
desain bagus angin nya cukup kencang sesuai ukur,1.0
kecewa voucher vip potong ongkirnya cuma padahal dulu kalo kayak gin tidak beda voucher biasa rugi,0.0
terimakasih shopee telah banyak baru fitur dalam segi layan telah banyak tingkat moga makin lebih banyak fitur aman juga tingkat,1.0
shopee baik banyak promo diskon,1.0
sangat puas layan shopee super cepat kilat sekali sesuai butuh kita harap,1.0
banyak amat iklan nya,1.0
makasih shopee,1.0
shopee video bisa ngak brutal gitu ngak sih mau sendiri ngak tau orang lagi apa juga nyaring suara,0.0
trimakasih,1.0
bagus sangat bantu ada aplikasi shoppe,0.0
shopee aplikasi belanja online bagus turut poko recomend banget,0.0
aplikasi penganggu iklan dimna,0.0
shopee memang baik banyak promo bantu pas lagi bokek sukses selalu shopee indonesia,1.0
suka banget sayang barang banyak palsu,1.0
jelas kirim udah barang bawa serang gilir tanya baru tuh kirim balik senen udah nyampe senen bukan kirim malah telantarin jelas malah nyuruh retur barang dri tgl sampai hari cuma dalam proses antar lah hari ngapain,0.0
senang guna aplikasi shopee apa gantung kita nilai pilih produk kita cari toko tentu shopee,0.0
udah berapa kali sen paket tpi ngga pernah sampe rumah tpi status selalu gagal kirim ngga orng dll padahal rumah terus juga iklan shopee sangat ganggu ngga ngapa ngapain mencet juga ngga tiba tiba pindah sendiri,1.0
iklan tolol banget maksa buat download padahal udah punya app nya kek orang narsis banget cari perhati banget benci banget paksa keluar aplikasi,1.0
kalu saja shopee lite fitur shopee video pasti belanja lebih mudah lebih ramai aplikasi ringan mudah akses ram nya rendah,0.0
belanja butuh jadi mudah terimakasih shopee,1.0
tolong kasih aman jamin buat mau return barang rusak ribet banget sumpah cari tutorial buat kembali barang ketemu sesuai baru bingung jadi tolong baik mudah,1.0
lama belanja shopee cukup muas,0.0
ecomerce marketing nya rakus banget tiap kali browsing selalu redirect sini sadar woii cuma buat guna kalian risin kurang,1.0
publish cara guna lebih luas,1.0
pihak shopee mohon pasu kurir dalam pesan akan kirim soal ribet bet kalo harus nunggu kurir sampe jadi males belanja juga tambah iklan nyebelin amat dah,0.0
belanja mudah banyak pilih produk,1.0
aplikasi maksa lagi anteng baca wattpad klik apa apa masuk shopee ajggg org mah promosi pake apa kek jangan iklan maksa,0.0
aplikasi buruk bagai buyer saat retur tidak acc hanya penting untung sendiri,0.0
platform belanja online mudah jual beli jaga kwalitas layan shopee makin kilau,1.0
kirim nya lot masak sidoarjo tuban hari,0.0
rezeki bangettt terimakasih shope,1.0
shopee guna banget bagi,1.0
sangat puas terima kasih,1.0
non cod hari barang masih kemas gimana pihak shopee mau brp lama lagi malah bayar duluan makin lama gilir call center kek bolak balik kasih nanya nama user padahal uda jawab paling parah lagi belanja sarang lampu maret april hari pun belum sampek luar biasa kalian jasa kirim ultimatum gada opsi cuman sabar doang,0.0
makin buruk saja kerja rekrut pihak shopee jasa kirim spx expres jasa kirim sama denga aplikasi kenerjanya sangat kecewa bagi mau order atau mesan juga belanja aplikasi harus sabar siap waktu habis tunggu pesan jasa kirim shope spx expres tidak kompeten layan custamer servis tidak kompeten selalu tidak solusi sekarang akun saya sulit oleh pihak shopee hati kalau mau adu pihak,0.0
hey para admin shope klian gak bsa kerja skelas aplikasi besar gin pekerjain orang gak kualitas akun uda sering bkin pesan palsu banyak ktipu trmasuk sya gak tindak aku msih bsa jual masih aman aja pecat para kerja shope nya pling kerja cuma dteng kantor ngobrol ngopi santai jngan para atasanya emang gak bisa kerja makanya bawahanya pada bgitu kerja kecewa sma aplikasi shope lngsung uninstal aja deh,1.0
jauh aplikasi belanja sangat bantu hanya shopee,0.0
belanja apa pst lewat shopee bantu bgtt,0.0
kenapa sekarang kalo login harus selfie dulu tidak seperti belum jadi makin ribet,0.0
mudah cari butuh,0.0
terimakasih sudah bantu,1.0
shopee sangat bantu sesuai harap terima kasih shopee,1.0
banyak jual tidak jujur pesan tidak sesuai,0.0
aplikasi ngeleg parah,0.0
harga harga jangkau,1.0
puas bngt,1.0
apa nih masa beli kuota nomer telah beli sukses chek beli nomer tuju beda bukan nomer aneh banget saat minta bantu sama sekali tak bantu jalan keluar,0.0
sangat puas belanja shopee kirim cepat sering dapat voucher gratis ongkir walau pun beda provinsi,1.0
gila emang shope sekarang jual shope saldo jual udah minggu lebih gamasuk masuk padahal semua udah konfirmasi parah saldo telan sama shope gimana mau kembang kalau pihak shope tikus suka makan duit jual,0.0
benar bagus sih cuma tiap kali masuk aplikasi lgsg masuk video live jadi agak berat sinyal hrs bagus,0.0
selalu belanja sini moga banyak promo lain harga murah,1.0
kualitas kirim sangat lama jelek,0.0
sangat manfaat belanja online,1.0
kembali expedisi expedisi spx sangat lama waktu kirim,0.0
aplikasi belanja online sedia bagai fitur mudah konsumen belanja,0.0
kira kira shopee masa iklan main apa tiba tiba shopee nya bug tiba tiba masuk shopee susah pula buat balik,1.0
jauh shopee masih,0.0
layan shoppefood tidak adil hadap beli juga merchant tolong ikan fitur tambah merchant supaya dapat ganti kurir banyak kasus kurir tidak respon merchant tidak bisa ganti kurir bijak shoppe tidak bisa ganti kurir,0.0
tolong ekspedisi nya baik masa udha nunggu lama barang nya malah retur tolong baik sudah kali alami kondisi jadi tolong perhati terimakasih,1.0
antar shopee cargo sampang nunggu lama ambil sendiri gudang sampang karyawannya planga plongo kayak orang stanting,0.0
puas banget belanja shopee bantu banget butuh keluarga,1.0
benar nya kerja apa tiap buka tiket selesai masalah balas selalu lama sekali daripada tahan orang kerja kurang tepat mending rumah saja atau ganti sistem robot lebih responsif benar benar kecewa buang waktu guna,0.0
kenapa guna lama lebih mahal pada guna baru,1.0
mantap bos,1.0
banyak iklan nya ganggu banget,1.0
tidak bisa buka,0.0
admin jangan susah jual potong gila kasi jual kecil,0.0
shope tempat shopping paling percaya datang nya cepat tepat kurir ramah sopan,0.0
sudah lama pakai shopee jadi andal belanja online tapi saat sudah beberapa kali kirim barang terlalu lama stuck luar estimasi waktu juga kembali barang alas tidak dapat hubung nyata tidak informasi apa kirim juga saat kena biaya tambah jadi makin turun minat belanja dishopee lagi update kirim masih over time estimasi,0.0
sering ikut flashsale tapi barang selalu tidak kirim tidak pinalti shopee pihak toko batal karna takut rugi ikut flashsale,0.0
shopee buat belanja lebih mudah,1.0
belanja shopee banyak gratis ongkir belanja makin senang,1.0
maaf edit lagi sangat kecewa fitur spinjam nya tidak guna plafon tapi aju tidak pernah acc,0.0
makin bagus sip edan keun lur mantap makin jadi baik lanjut makin kesini makin edan kreen bro,1.0
selalu sesuai,1.0
sangat buruk kembali dana lama tau orang lgi butuh apa,0.0
minta kode aja lama aplikasi lot,0.0
sekarang pilih jasa kirim paket sudah tidak adapun pilih hanya shopee express saja pihak kirim malas minta ampun sekarang duga penyalahgunaan kerja sengaja tunda nunda proses kirim lebih dua kali dua hari turut turut kualitas buruk tapi biaya makin mahal dzolim,0.0
lama belanja shpee semua sangat muas sesuai gaambar,0.0
cocok buat ibu rumah tangga dang mending,1.0
belanja dishopee selain harga murah ongkirnya juga murah barang bagus pokok banget sukses sll,1.0
sangat puas layan,1.0
tolong bantu kenapa saat buka shopeepay tidak bisa tapi saat lihat live atau barang semua bisaa ken bayar tagih takut limit bantuin,0.0
guna spaylater sudah tahun lebih telat beberapa hari saja langsung tangguh pun telat saja sudah berapa bulan masih tangguh belum bisa buka,0.0
cukup puas pakai shopee,1.0
shopee skrng makin hari makin males kita belanja cod baru paket udhaa tutup cod nya padahal ngk pernah return paket sama sekali bisa bisa nya cod tutup batas pakai cod sudah cukup,1.0
jangan lah muncul iklan iklan film buat org emosi udh gitu lama pulak iklan,0.0
mantap terimakasih shoppe,1.0
aplikasi sangat bantu butuh hari,0.0
shopee vouher deals cuma seperti jebak batman buat langgan keluar biaya extra lagi padahal niat mau beli makan aja malah jadi extra biaya bikin repot payah kecewa orang lapar mau beli makan bukan malah sodorin tampil voucher bukan untung malah buntung biaya extra lagi,0.0
puas tepat telat bayar mash bisa belanja lag makasih,1.0
syukaaa bangettt barang murah riah,1.0
semenjak spx instan sameday gabung pesan barang jadi lama status cari driver padahal banyak driver nganggur pinggir jalan jgn terlalu rakus ambil untung layan malah makin bagus,0.0
pesan barang tgl maret sampai hari tgl april bom sampai seller bekas tinggal bekas ora sampai barusan cek update kirim terang sudah sampai malang jawa timur minta tolong baik lagi spx nya,0.0
kok aneh shopee barang kirim gresik tuju tuban sudah sampe tuban balik lagi gresik terus balik lagi kota tuban,0.0
semua jdi mudah,0.0
moga discountnya terus kita bisa belanja,1.0
padahal gak masalah blanja bulan bisa mencapay puluh juta kenapa sekarang bisa cod,0.0
bisa beli barang random,0.0
mantap toko amanah,1.0
harap buat online shop shopee jangan lagi dah pakai jasa expedisi jne kacau balau lebih baik pakai jasa jelas aja masih banyak lebih bagus ketimbang jne soal expedisi jne ngak jelas apalagi lagi oknum kurir,0.0
shopee foodnya knp malah nambah krg voucher dll kecewa berat,0.0
kirim nya lama semenjak gaada terus paket gua ilang akhir batal padahal diskon besar,0.0
mantap harga mini barang mantul,1.0
shopee apk bagus sekali sangat bantu hari tolong dong jgn maksa iklan diapk lain contoh lgi buka apk lain trs tiba iklan shopee buka sendiri pdhl ngga pencet sangat menganggu tolong benah shopee over all apk sangat bagus sekali,0.0
sen kali kecewa bisa batal pesan sudah kirim tapi lama sampai,0.0
aplikasi sangat bagus sangat bantu bisnis seperti,0.0
the best aplikasi,0.0
aplikasi sangat bantu penuh segala butuh admin cepat tanggap selalu usaha puas publik lebih suka lagi pihak shope juga beri ingat kalau transaksi barang anggap sudah bahaya rusak,0.0
ongkir nya mantap mahal banyak gratis nya,1.0
barang lama datang lama banget gudang bekas,0.0
sangat bantu tidak pernah telat dalam kirim pesan trims shopee,0.0
sangat muas hanya sekarang sipinjam lagi bisa tarik uang,0.0
sangat puss belanja sesuai pesan free ongkir tidak sesuai harga posting,1.0
tgl bulan tahun dapat potong ongkir tapi tetap mahal skrg ongkir shopee mahal yah,0.0
tari koin sangat mudah sekali sangat cocok buat gaptek,1.0
baru kali kecewa sama shope udah kli pesan tunda,0.0
barang beli sesuai pesan mantap mah,1.0
sini masih banyak tipu alih profesi jadi dagang hasil barang kirim sering tidak sesuai iklan hanya jadi alat tipu harus shopee bisa nyaring dulu mana dagang jujur atau mana tipu alih profesi,0.0
mohon baik peta lokasi dalam apk nya suka nyasar mana mana,0.0
buruk selesai masalah tidak logis,0.0
sulit bngt shopee plytrx bikin ktp bnr udh semua bnr hnyar gnti sama akun bisa juga,0.0
parah klaim barang ilang lama banget proses nya sudah bikin lapor suruh nunggu udah nunggu gak jelas bikin lapor lagi suruh nunggu lagi masih juga gak jelas gak follow kacau ribet,0.0
puas blanja shopee,1.0
trimkasih shopee sakses slalu smakin mudah dalam transaksi,1.0
layan sangat buruk sekian lama tunggu masalah tidak selesai sangat kecewa layan nya,0.0
selalu puas belanja shopee aman nyaman komplain mudah cepat tanggap,1.0
nyaman belanja shopee buru tinggalin lain barang jual bgs bgs gak cocok balik,0.0
shopee sungguh terlalu tanpa pemberitahuan belum nya semua akun affiliate kena blok,0.0
bagaimana pun orang belanja pingin murah kirim cepat baik spx hemat hapus saja biar lihat apakah masih tarik belanja jgn buat layan hanya buat langgan kesal seperti update kirim tidak gera sampai hari estimasi kirim jakarta medan sampai hari,0.0
udah coba kali log tetep ngga bisa telah update malah error,0.0
tiap pesan sesuai etalase,1.0
good job shopee management,1.0
spx makin blkg pengirimanya tidak kirim tangan atau cod hari langsing kembali makin mls belanja app,1.0
kalau turut aplikasi kasih oke oke saja banyak butuh penuh belanja sini,0.0
gratis ongkir mahal sekarang padahal capai minimal belanja,1.0
lelet nya nge lelet banget,1.0
kirim sering undur sampe lewat estimasi,1.0
simple tidak ribet tapi harus pinter teliti belanja shoppe,0.0
kasih bintang hingga thn pasti sngt bersukur kena belanja sini enk manfaat buat kluarga shopee emang keren bisa percaya,1.0
kumat lagi jangan kalo buka apk langsung video semua orang suka nonton video,0.0
sangat puas layan moga depan makin bagus layan,1.0
shopee nya sih oke tapi jadi soal akhir akhir expedisi atau kurir sangat lambat bisa capai sampai bulan paket baru nyampai kalau pas butuh cepat belanja ditiktok aja soal kurir jnt jamin cepat waktu shopee masih kerja sama jnt senang belanja shopee sekarang kadang mikir dulu,1.0
min plies lah gak usah pakai spx sumpah nyakitin lama banget sampenya,0.0
after update udah gak lag hanya saja tolong tambah fitur hubung driver antar saat beli barang bukan hanya makan saja,0.0
shopee sekarang lot bgt kak kenpa kak,0.0
amanah gratis ongkir gak ribet kalau gak sesuai paket bisa kembali tanpa ribet,1.0
buka shopee langsung muncul halaman live mau cari barang harus klik menu home pindah halaman loading nya wow bisa gak bikin default halaman home aja gak semua suka live,1.0
cukup bagus pakai shopee cukup puas apa dapat poin juga gratis ongkir cuma sayang kan antar barang sama kurir nya lama bikin kurang nyaman,1.0
aplikasi manfaat tingkat terus kembang,1.0
apk mantab sekali mau alih shopee,0.0
minta tinjau ulang aju spinjam spaylater udsh punya tunggak masih ajah beku dasar tengik,0.0
kirim lama bgt,0.0
oyen memang top tidak seperti hijau belah nunggu pesan datang kek nunggu jodoh lama,0.0
sayang lanjut video tidak saat nonton,0.0
udah lama pake shopee selalu aman paket selalu datang tepat waktu tapi beberapa kali selalu ngecewain paket selalu ngestuck paket hilang bahkan pakai jasa kirim reguler biar cepat sampe bayar mahal ongkir tapi tetap saja paket selalu ngestuck nggak ubah status kirim barang selalu lewat batas estimasi kirim,1.0
tolong pihak shopee jadi kendala sudah checkout guna shopee pay kadang pesan tiba tiba batal sudah jadi padahal barang penting tunggu mohon baik nya,1.0
kadang kadang reklame tdk sesuai terima contoh gergaji lipat dlm contoh potonya panjang besar terima ukur paling kecil contoh dua jam tangan poto bawah nya merek madein kami terima bawah polos alias palsu contoh baju kami pesan xxl datang kecil saja mks toko tdk jujur mks,1.0
sangat puas pesan shopee,1.0
bantu temu produk,1.0
kurir spx sekarang pada niat awal awal aja gercep sekarang lelet pol,0.0
jasa kulir sangat parah sampai pending kli barang pesan terima hingga minggu lama,0.0
lama pake shopee tidak kendala satu pun rasa jadi kasih bintang tidak masalah apa,0.0
peking rapi kurir ramah tapi kirim terlalu lama bhkn jika tumpuk smpai bln lebih baru paket dpt,1.0
aplikasi bagus belanja juga murah,0.0
uapik cepet akurat,1.0
pokok nya aplikasi rokomen,0.0
aplikasi belanja online,0.0
tolong evaluasi lagi perihal kirim spx instan samday nya shopee hilang sistem budak modern kepada drivernya contoh sistem spx instan sekarang bisa lebih barang harga tarif argo hanya bayar harga barang berat barang spx instan gabung sering tidak masuk akal gabung instan bisa maksimal cancel kena point atau suspen putus kerja sama oleh kjn semenjak kelola pihak kjn sistem nya makin seperti budak,1.0
tidak suka jamu awet muda abadi nan jaya wanirejo hapus tidak mau jamu awet muda hapus tidak mau beli jamu awet muda hapus tidak mau shoppe indonesia tidak mau jamu awet muda shoppe indonesia jamu awet muda buat pabrik wani waras gagal,0.0
kirim nya lama banget sumpah apalagi spx paket udah stuck tanggal sampe sekarang tanggal masih nge stuck mulu aju kembali dana bisa mana udah tranfer lagi mending belanja tiktok shop kirim nya pake jnt gada kendala sama sekali malah cepet kaya spx saran sih shopee mending pake jnt jne jangan pake spx soal guna,0.0
aplikasi shopee mudah kita dalam belanja,0.0
sangat batu bagi orang suka belanja tapi ngak mau ribet,0.0
good,1.0
belanja shopeee sangat murah dibsnding lain mantaappp,0.0
harga sllu banyak diskon,1.0
terimakasih shopee sangat mudah belanja mau nanya kenapa kalau mau lihat video shopee selalu gagal coba lagi,0.0
nunggu emas hari ujung ujung batal percuma voucher tapi laku official store mall rugi berapa cuma ganti voucher buat apa scam doang haha,0.0
sangat mudah cari barang ingin cukup rebah rumah sudah tinggal beli,1.0
terkadang harga lebih mahal banding toko online lain,1.0
kesel gue kurir kaga dikabarin telpon aja kaga tiba barang pesan langgan gue dikembaliin jual pdhl gue gada minta balikin kocak kocak gajelas bisa kerja gasih,0.0
guna shopee sejak lama tapi selalu dapat case sama kurir lama pickup sampe pesan batal kali kali,0.0
smoga shopee tambah sukses terus dukung ksh bintang,1.0
gara gara tidak video unboxing blokir padahal tidak niat batal order,0.0
apk bagus amanah tapi coba mohon update jasa kirim masa paket sudah hari tidak update atau gerak tolong bantu dong kan barang butuh,1.0
manfaat,1.0
baguss murah kenapa shopee tiba tiba gak bisa cod,1.0
sangat buruk sekali,0.0
tidak bisa selesai masalah tidak refund beli token listrik bayar hasil tapi pas kode nya masukin gagal terus tolong kerjasamanya beli pakai duit uang bukan ngutang,0.0
hanya pro beli nggak pro jual,0.0
akibat toko rambat apk pesan lain datang lain lepas suruh kembali smntra kembali juga pkai dana sama potong uang kita tadi mereka gak ingin rugi tapi mreka ingin buat kecewa,0.0
belanja shopee sekarang banyak kendala kirim lama kadang paket sudah dua kali batal shope makin payah sekarang shope banyak pelang malah jadi macet layan lot,0.0
sepatu sangat muas bagus,1.0
puas tapi sayang pay later tolak terus,1.0
tingkat terus layan fasilitas kualitas,1.0
demi allah ganggu bgtttttt buka aplikasi lain gak mencet iklan tiba muncul tolong lah jangan ganggu gin,0.0
sangat amanah toko nya barang nya darat aman sesuai harga kurir ramah sopan,1.0
good sangat bagus sukses terus buat shopee moga jaya,1.0
tidak rekomen aplikasi jahat,0.0
sudah update malah tambah eror tiap buka aplikasi malah buka video shoppe tambah jelek aplikasi aplikasi belanja kah atau aplikasi nonton video klo bukan lagi pesan barang malas banget install aplikasi kayak taiii,0.0
woy shopee stop lah kerja sama spx lelet banget masa jakarta bekas minggu gajelas lagi tanggal bulan barang anggurin saja plis stop kerja sama expedisi spx sampah,0.0
tolong kenapa perangkat blokir masih butuh akses shope terimakasih,1.0
sangat bantu utk saat kita tdk punya banyak waktu utk belanja toko,1.0
harga baik,1.0
tiba aja bisa klaim koin shopeelive bilang aktifitas curiga akun maksud gimana min,1.0
terkadang kurir paket slow respon bjirr,1.0
bagus sekali aplikasi sangat bantu sekali,0.0
respon cepat barang sesuai gambar,1.0
guna shopee cuma sekarang shopee mahal mahal makanya kasi bintang mending pindah tokopedia aja masak harga barang ongkos kirim shopee sekarang gak tarik dulu,1.0
grab kalau toko tutup dia bakal masuk shopee toko tutup buka terus censel kena pinalti suspen eemg drever harus maling gitu toko ngambil barang tanpa ijin anda sekolah sih,0.0
belanja online enggak jelas baru aja kali beli habis akun batas tak bisa bisa mes lagi kurir nya enggak jelas banyak bohong nya dichat enggak balas amin aja telvon enggak angkat tiba batal kan cod ngomong kek antar besok chat enggak bls telvon enggak angkat paksa gua hapus aplikasi shopee,0.0
aplikasi sangat bantu bagi jauh kota meski ongkir tambah atas sepakat sangat tidak apa apa pada kami harus kota beli barang ken lebih murah coba shopee vip,0.0
shopee sangat manfaat lanjut,1.0
moga konsisten murah murah selektif buat lapak terima kasih sudah jadi bagi hidup,1.0
narek saldo,1.0
mantap oke kirim cepat,1.0
aplikasi nya bagus,0.0
mantap aplikasi mudah buat belanja dgn bnyk diskon the best,1.0
nyinyir,0.0
banyakin voucher diskon biar makin rame hehe jangan terus naik regulasi harga min biar smakin banyak belanja,1.0
kirim pake spx lama sen tas tgl spx non cod blm dateng sampe tgl april sen barang barang sen tgl terima tgl non cod anteraja barang sen tgl spx cod barang sen tgl cod karna butuh tgl gudang mau bayar cod ambil barang tapi nyata mencar barang besok pagi kurir dateng cod toko belah dgn sen tgl terima tgl sebenernya berapa lama sih kirim pake spx,1.0
barang sesuai kita beli,1.0
layan shopee sangat bagus kirim barang selalu lancar moga makin bagus depan,1.0
aplikasi sangat bantu proses gampang mudah,0.0
belanja online cepat murah kualitas,1.0
aplikasih shopee sangat bantu kita buat belanja onlen sangat baik,1.0
baru kali retur barang sulit dana tahan estimasi lewat tanya gak bisa nyelesain masalah apa apa,0.0
puas belanja sini,1.0
sangat sangat bantu sekali,0.0
belanja mudah pilih banyak fitur kembali dana mudah bila barang tidak sesuai atau salah ketik waktu belanja batal kembali juga mudah,0.0
sangat bantu banget bisa belanja butuh ank,1.0
baru main shope pas buat akun baru ngga bisa checkout ngga tau karna apa tidak bisa ngunakan promo ikan oleh shopee,1.0
sangat puas senang terima kasih,1.0
selamat gabung,1.0
benahin lagi dong sistem kredit motor nya,0.0
sial udah kali kurir salah alamat terus kasih kabar,0.0
shopee makin sih makin buruk dahal kirim selalu lambat selalu kirim gagal akan kirim ulang tpi tidak konfirmasi kendala apa buat kirim gagal lama apliksi update teruss tpi sama sekala tidak ubah tepat malah makin buruk buruk,0.0
alhmdulilah slalu puas pnting hrs amanah aja smua toko nya,1.0
this app good but not sure because indeed free shipping shopee,1.0
oke coy diskon,1.0
banyak tawar tarik,0.0
bagus tapi sekarang kalau mau cek out biaya layan,0.0
hey shopee sekarang enggak becus mau untung saja gilir konsumen rugi banyak toko anda tidak amanah tapi kalian diam saja banyak konsumen rugi yakin shopee enggak bakal tahan lama nya adu konsumen tapi tidak anda dengar,0.0
alhamdulillah ada aplikasi kita mudah untung blanja butuh apa selalu cepat buat kirim kurir kurir ramah ramah trimakasih shopee,1.0
iya sama warna nya tapi tolong iklan wattpad kondisi dong masa baru masuk langsung muncul aja iklan,1.0
mudah cepat aman kualitas dalam garansi layan hadap konsumen shoppe layan jual online baik utama mutu layan puas langgan,1.0
bagus banget apk bisa buat beli barang gak keluar rumah,1.0
promonya kok aneh kalau jeli orang bisa boncos gilak,0.0
klau buat promo bener msak promo total item batalin smua,1.0
baik sekali sumpah baik deh,0.0
produk seler mangal bang kurir jooss,1.0
sistem shopee spx standar tidak dapat bantu baik tangan kendala barang pesan tidak sampai beli,0.0
pokok lama shopee blanja jadi enak murah lagi cocok jual,0.0
subtotal ukur khusus lebih mahal pada ongkir mohon bijaksana kurang subtotal ukur khusus,1.0
sangat puas produk shopee,1.0
sangat bantu sekali beli barang butuhkn semua shopee mksih shopee,0.0
sangat guna mes sesuatu guna,1.0
kenapa gak bisa lihat produk jual tera tulis sedang unduh fitur,1.0
terimakasih shopee belanja mudah cari barang kita ingin,1.0
pernah download buat pake voucher belanja pertama gak bisa dpake entah knp,1.0
sangat puas begitu muas,1.0
masa belanja malah batal cara otomatis laku aktifitas tidak wajar beli pake uang bukan hutang,0.0
kenapa alm vidi aldiano sponsor,1.0
aplikasi multi fungsi bisa pinjam uang juga,0.0
shope sekarang lot banget sat set loading nya lama banget keburu habis barang,0.0
sangat puas belanja shoopee,1.0
split screen atau floating masih kurang optimal sedang full screen hanya tengah,0.0
pelayana kirim barang nya makin kesini makin lama bner,1.0
layan tidak bisa selesai masalah,0.0
tolong block seller nakal coba tipu tipu beli dgn cara kirim barang tdk sesuai foto deskripsi apa lagi sdh chat belum,0.0
aplikasi edan padahal ngelakuin apa apa loh pas mau beli kok tiba tiba akun batas salah apa woyy,0.0
makin kesini makin ngaco buat jual mana jual hasil minus ngerampok seller kalau gin mah hubung makin susah jawab mesin,1.0
baju piama pesan sudah luncur baik buka elok sekali saten pakai adem tapi celana pinggang nya kecil sekali walau tarik tetsp kecil crlana pinggang utk ukur snsk kelas kecewa sekali,0.0
maaf bukan maksud lain tapi bisa tolong nggak shopee nya baik lagi soal sering buka sendiri padahal nggak waktu buka shopee ngeganggu banget hari bisa berapa kali buka sendiri apalagi kalau buka aplikasi lain penting malah tiba tiba buka shopee jadi malah ganggu tolong kasih bintang aplikasi sangat guna biar bisa baca juga sih jadi tolong,0.0
makin parah aplikasi korup buat seler mau pun mitra driver tidak manusiawi gue sendiri ngeluh ngerasaain karna gue driver argo banyak gabung gak ngotak sedang castamer bayar paket sama tapi masuk driver gak ngotak gabung gila manejemen kudu banyak baik aplikasi blm tambah nya ngambil putus pihak doang tumbal selalu driver barang rusak barang tidak terima seler tutup semua serba driver banyak baik jangan banyak meres tenaga orang,0.0
sering heyker ikut jika beli lalu shoppe online,1.0
shopee selalu bantu saat kendala baik dalam pesan paket maupun proses kirim,1.0
sayang belum mode gelap ingat barang dalam status antar titik tuju,0.0
bagus moga shopee bisa terus jaga percaya bintang jadi lima deh makasih shopee,1.0
lama guna shopee kurang lebih tahun alhamdulillah barang pesan selalu sesuai kurir cukup amanah juga jadi developer shopee harus lebih tingkat lagi yaa,0.0
nya shopee apa kita butuh tinggal klik selesai,0.0
suka sama aplikasi,0.0
shope food tolong dong kalau udah psang alamat utama kalau pas shope food jagan otomatis ubah,1.0
oke shopee,1.0
moga amanah,1.0
aplikasi online store favorit cuma csnya memang banyak bot butt love much for many discount cashback,0.0
lumayan bantu buat beli barang gaada kota,0.0
mudah guna gratis ongkir aman segi biaya klaim barang,1.0
paket retur krna salah warna tanggal sampai tgl shopee hanya bilang mohon tunggu tanpa maju kembang kasus tiap chat agen hanya bilang tggu proses jam udh agen bilang gitu pesan ush beli shoppe brg besar repot kalo salah tidak bisa push ekspedisi buat segera jemput atau push beli buat ganti lis harga brg salah,0.0
akun saskia akun gabisa cod cuma karna nerima paket,1.0
langsung kasih bintang sekaligus rekomendasi juga temen temen bahwa aplikasi sangat senang mau belanja apa shopee sekarang garansi harga baik gratis voucer ribu kalau pesan kita telat sampai salam sukses selalu,0.0
aplikasi sangat bagus baik,0.0
shoope sekarang lebih bagus banyak manfaat ada shoope sangat bantu dapat barang sulit pasar beli kurang cocok sangat mudah utk return trm ksh shoope,0.0
aplikasi bagus banyak dapet diskon,1.0
ulang kali dapat diskon produk muas,1.0
cukup puas layan shopee,1.0
best banget aplikasi nya lebih murah lebih hemat nyesel banget baru download shopee sekarang,1.0
kenapa aplikasi shoppe selalu saja keluar keluar sendiri cara tiba tiba kalau mau login aplikasi nya,0.0
barang bagus sesuai pesan,1.0
aaya sich yes,1.0
shopee sudah gila gila sedikit orang pesan malah nggak kasih padahal udah tulis alamat terus kasih nomor kasih kasih nama terus gak kasih mau pesan sepatu,1.0
ntah knpa lah shopy skrng makin kesini makin lah ampun padahal awak langgan shoppy lama dri dia muncul pertama sampai skrng toko percaya belanja online dri akun lama sampai akun akun lah tpi ntah knpa kok skrng lambat kirim apalagi klaw sudh tanggerang pasti lama lagi kirim tau knpa mngkn kendala atau apa tpi selalu situ macet tolong baik lagi agar lebih baik biar makin enak belanja moga terus jaya sukses amin,1.0
aplikasi bagus,0.0
admin shopee tolong jangan sembunyi nilai bagai konsumen sudah kali kali pesan barang lewat aplikasi shopee salah apa jika nilai kasih bintang memang bayar barang pakai daun tinggal metik pohon kan pesan barang stiker sudah jelas note pesan bukan lewat chat jual kata jual oke tapi nyata barang terima salah stiker minta jelas kok jual ngeles melulu kata barang kirim sudah sesuai,0.0
sangat puas barang sesuai pesan sampai cepat waktu,1.0
kirim lama customer servis chat gak respon,1.0
puas guna shopee belanja,1.0
beri bintang dulu soal nya iklan maff,0.0
tidak dapat login aplikasi shope,0.0
suka banyak promonya gak ribet,0.0
lot kirim udeh mirip keong aja,0.0
apk nya ngejamin bangett pokok mahh baguss,0.0
kirim lambat ganti tanggal kirim mulu stak tempat biliran iklan gencar jangan bilang atau email shopee lagi harus upgrade,0.0
kenapa shope tdk bisa masuk min selalu muncul muat ulang sudah pencet tapi masih begitu,0.0
mohon baik bug buat buat aplikasi ketika etik kolom cari seringkali telah etik sesuatu kemudian kita tap icon cari atau tekan enter keluar malah iphone kolom cari,0.0
lama baik cuma dagang nya sering gak baik kadang apa jual tdk sesuai apa promosi,1.0
langanan shopee vip sama berlanganan sama aja beda,0.0
cari apa harga sahabat ongkir dapat potong thx shopee ulas tahun langgan shopee sangat puas ada aplikasi shopee sangat bantu daerah luar pulau jawa tetap setia shopee apalagi sekarang program diskon ongkir langgan sangat bantu usaha kecil luar jawa,1.0
udah banyak bantu uang makasih,1.0
aplikasi dajjal kita custamer sen instan kenapa gabung lebih paket kita instan bukan samday woyy kirim jadi lambat kita bayar fulll anda mangkas ongkos driverrr gilaa buat laen klw mau cekout pilih pengirimany gosend grab express jangan pilih instan,0.0
moga terus sukses,1.0
aplikasi jelek lola banyak bug nya masa kirim pesan seller loading terus gak jelas,0.0
aju kembali barang pecah padahal sudah pesan proteksi aman barang mudah pecah namun saat terima barang sudah pecah mungkin salah ekspedisi lalu lapor unggah foto bukti tetapi tidak bisa cantum halaman lapor sudah tunggu lama kecewa sudah ulang kali jadi awal diam saja ikhlas akan tetapi lama lama sudah tidak toleransi hal sebut maaf terimakasih,0.0
ada shopee harap tdk kena tipu sering tipu lewat lain,0.0
tidak rasa kecewa seh lama pakai shoppe mudah semua transaksi swbagai beli,0.0
always welcome and high priority,1.0
aplikasi goblogg sangat rakusss kita pilih kirim instan hafusnya paket paket malah gabung lebih paket kaya samdayy kita driver rugi kirim lambat argo driver maling buat lain klw pengirimn jangan pake instan mending pake gosend grab express,0.0
terimakasih shopee,1.0
shopeefood suka ngilang vocher nya tiba pdhal promonya trus aneh error aplikasi atau emang dibates,0.0
shopee memang top,1.0
suruh masukin telp sama masukin kode tpi kode nya gak kirim oleh pihak shopee gimana chek out nya,0.0
sangat bantu dalam beli barang sekira susah cari toko,0.0
layan payah lelet,0.0
aman amanah cepat,1.0
mantap belanja shopee terus murah nyantai rumah tinggal sampai rumah free ongkir,1.0
apl jelas beli suruh nungguin kurir gak jelas kapan datang kira beli gak kerja laen selain nungguin kurir kenapa gak kasih nomor telepon kurir kocak,0.0
pilih produk banyak mudah akses kualitas produk baik,1.0
bangetmtapi masih lapak bodong tipu,0.0
sangat muas produk kualitas harga kompetitif proses mudah sederhana terimakasih shope semua bantu proses,1.0
banyak bngt iklan shopee aplikasi mana cape bngt sama iklan shopee padahal udh download masih aja banyak iklan mana iklan nya maksa bngt udh keluar juga masuk lagi masuk lagi aplikasi shopee,0.0
aplikasi bagus online shoping serba,0.0
apk lot parah upgrade clear juga sama aja,0.0
good aplication,1.0
aplikasi bagus rekomendasi mau beli barang online,0.0
sayang tidak bisa cod batas,0.0
alhamdulillah dah lama langgan biar pun barang pesan kadang saja cocok pakai ttp aja pernah kapok,0.0
bagus sesuai pesan,1.0
kirim lot,0.0
bantu banget belanja harga murah murah lagi best,1.0
baru sekarang pesan shoppe minggu barang belum sampai lokasi lacak cuman mondar mandir aja padahal lihat lacak udah wilayah lihat lagi lacak udah jauh lagi,0.0
spx hemat nyusahin orang butuh hari padahal paket udah dihub dekat rumah ketika mau ambil sendiri sulit besok baru sampe aneh jelek banget spx nyusahin orang lain butuh hari bukan tambah kembang malah makin jelek,0.0
sering gratis ongkir,1.0
mantap semua barang,0.0
bagus muas belanja shopee cuma kadang kecewa toko tdk amanah,1.0
sangat baik bantu tanks shopee moga depan lebih baik,1.0
cukup bintang bicara,0.0
not bad klu bisa pada saat buka aplikasi janganlangsung video tidak semua orang suka video biar user tentu mau nonton video atau tidak,0.0
sampai dgn saat salah satu toko online rekomendasi,0.0
gampang erti bisa lacak paket kita,1.0
aplikasi sangat bagus,0.0
limit extra kok gak acc padahal bayar ndak pernah telat mohon bantu admin shopee indonesia,0.0
sangat puas,1.0
senang banget dgn shopee,1.0
puas pesan sini,1.0
kirim tepat waktu barang sesuai,1.0
banyak barang butuh semua shopee cuma bikin khawatir seller tidak tanggung jawab kasihan orang awam asal beli,0.0
kirim lama shoppe sekarang masa jakarta timur pesan tgl sekarang belum sampe juga,0.0
tempat belanja online percaya,0.0
lebih tingkat lagi layan,0.0
aplikasi belanja online baik turut kembali dana nya cepat semua masalah kasih solusi cepat lovee bagt shopee,0.0
trimakasih sudah sampai sudah lama konsumsi haat ali sejak sakit asam lambung lama bln alhamdulillah sembuh,0.0
sangat bantu utama sibuk kerja,1.0
shopee bisa diam gak spam mana mana ngga bisa klik keluar lagi bikin gadged eror sekali lagi jangan spam enak,0.0
kalo bisa kirim gapake bintang aplikasi makan hak orang creator slalu share link shopee bahkan tanpa creator kecil pun shopee gabisa besar iniloh tpi gadiperhatiin sma sekali uang komisi hilang makan sistem hampir pdhl nyari komisi perak bahkan perak pihak shopee gakasih solusi akan hal perihal sistem,0.0
bnyk manfaat,1.0
sangat bantu bagai macam jenis sedia oleh shoope indonesia,1.0
spaylater sampai saat bom bisa aktif padahal sering belanja dishoppe,1.0
knp sekarang shopee buat isi pulsa bayar pakai paylater pakai qris,1.0
parah sih platinum udah gaada promo apa kaget lagi shopee food tadi tbtb pas mau sen harga naik gajelas potong promo nya pun abal abal rasa olah promo gaada,0.0
pesan jemput kurir spx sudah lapor shopee ubah ulang kali begitu shopee hanya janji doang mau benah kurir utama spx jadi trauma belanja,1.0
engga banget sama kurir spx kecewa sih udah nunggu barang malah retur sama kurir nya wkw niat atau engga kerja emang deh jnt the best banget udh tepat waktu engga pernah ngulur waktu kalau nganterin paket nya kalo mau beli dishoppe jadi trust issue deh dianterin wkwkwk udah nunggu mau pakai retur sama sikurir wkk,1.0
suka aplikasi mudah beli barang,0.0
banyak tipu shopee,0.0
apk sangat manfaat tapi suka tidak gratis oskir voucher discount jarang,1.0
layan shopee far good,1.0
sekarang kurir spx lot super lot banget gak kaya dulu paling cepat sekarang paket datang sudah lewat estimasi baru datang sekarang males beli online shopee,0.0
jelas orang minta balik duit nya susah amat dua kali nya batal tolak sangat kecawa pada pihak shopee kata nya bebas kembali tapi apa tidak guna nya juga kalo tolak terus,0.0
top bgt,1.0
barang datang belum estimasi barang sesuai gambar kwalitas produk baik,1.0
atur kirim lama banget sen via instan,1.0
cocok banget males buat keluar rumah khusus nya orang nolep apalagi cocok buat anak motor semua part banyak jual semua hampir amanah,1.0
kirim lama banget udah minggu lebih status paket kurir dalam jalan tuju lokasi anda,1.0
tolong kurang iklan,0.0
sekarang kurir spx lelet lebih kuya lelet gak kaya dulu paling cepat sen udah lewat estimasi paket baru datang sekarang kalau gak butuh amat males beli online shopee,1.0
sangat buruk shoope expres gak komitmen estimasi tambah sendri gak konfirmasi langgan mending shoope gak usah pake iram aja mending pake lain jneatau jnt sma ninja aja kecewa banget,0.0
far good jauh semua oke oke saja lanjut tingkat terus layan nya,1.0
tipu,0.0
huhhh tiba tiba banget mau malah dpet notif ingat pdhal promo blum pake,1.0
kirim cepat harga sesuai kantong qualitas bagus,1.0
sangat kecewa layan shopee sekarang kecewa juga sama spx bakal pakai lagi,0.0
selalu tepat waktu,1.0
alhamdulillah selalu puas blj shopee,1.0
keren sekali,0.0
terimakasih shopee mudah dlm kembali dana jika barang tdk sesuai,1.0
banyak tanya banyak iklan haram,0.0
shoopee sangat bantu sekali buat nelanja sesuai kebuutuhan,1.0
udah susah guna akun baru jika ingin chek out muncul notif soal discount pake segala macam gtu,1.0
kirim cepat barang tdk cacat,0.0
aplikasi sudah mudah namun bijak dalam belanja bagi konsumen paylater ngak bisa aktif padahal ngak pernah macet,0.0
syuka sama shopee tapi kadang gak faham voucher voucher nya gaptek atau lola kaya sehat sehat semua all ohya saran lebih teliti toko toko kurang amanah kenapa kalau live terus voucher tiba tiba babak batal kan sungguh kaget sekaligus kecewa kenapa suka begitu,1.0
rekomendasi,0.0
sangat bantu aplikasi,0.0
makasih banyak aplikasi shopee karna aplikasi sangat manfaat bagi bisa beli butuh rumah tampa harus keluar jadi pelu ngojek lagi paras panas sekarang tidak tunggu rumah aja,0.0
apa bisa anda beli sini cara sangat mudah aman,0.0
baguss bangett,0.0
sangat kecewa belanja sini udah minggu barang belum juga sampe padahal udah bayar lapor nya hanya balas pesan otomatis tanya kurir gaada respon,0.0
shopee kenapa tiap mau update poto barang beli gak bisa terus sering baca jadi salah mohon coba lagi nanti kenapa sekarang begini tiap mau update tolong baik,0.0
suka bngt sama aplikasi,0.0
jelek shopee pesan instan tgl sampe tgl belum juga kirim buat apa instan kalo pesan tahan oleh pihak shopee chat jual jual jawab pihak shopee tahan pesan jelas banget apa guna aplikasi buat belanja tapi tahan pesan instan kalo mau tahan pesan reguler tahan jangan instan tahan gajebo,0.0
bayar via masuk batal sistem tapi refund duit ribet banget hati hati guys,0.0
sangat puas layan shopee tdk pernah kecewa dgan kirim produk,1.0
slalu puas belanja shopee,1.0
selalu puas belanja shopee,1.0
ganggu banget klo ngasih iklan,1.0
spx lot ngirimnya beda jauh sama jnt mana proses paket lama banget lagi,0.0
sangat bantu dalam belanja harga kompetitif,1.0
bagusss tpi tolong deh klo barang bnyak rate jelek sudah jelas barang palsu blokir aja akunnyaa biar makin bnyak tipu,0.0
aplikasi sering update terus jadi suka nglagg,1.0
alhamdulillah ada apps shopee apa butuh selalu mantap pokok top markotop banget,1.0
selalu belanja shopee tetapi baru kali dapat pesan kurang jumlah item coba kembali dana tetapi pihak shopee batal hasil uang gak bisa kembali minta konfirmasi ulang nyata tolak telpon csnya status sedang proses ujung ujung tolak tlpn jual gak direspon,0.0
makasih developer shoppe sering ngasih diskon alhamdulillah bisa kebel impi terima kasih shoppe,1.0
tempat belanja masih amanah keren sampe saat pernah pakai juga kmrn aju aju komplain tentang barang rusak untung proteksi rusa benar saja barang baru minggu pakai sudah rusak alias mati sendiri btw beli kipas portabel lalu aju klaim protect langsung balas bisa ganti uang sesuai harga barang nya sangat puas respon cepat shoppee terimakasih,1.0
gimana sih pihak shoppe ngebatalin paket org sembarang info akun pas cek tulis batal paket hilang dbuat kurir mana harga ribu war shoppe malah hilang gitu aja info padahal paket udh transit lokasi,0.0
puas belanja shopee,1.0
kenapa tdk bisa download sinyal bagus simpan masih aman tapi gabisa download cuma kedownload sampe terus muter muer terus gabisa lanjut udah coba refresh restart juga,1.0
online market percaya amanah,1.0
tangan keluh shopee sangat buruk mereka hanya formalitas pajang saja ketika konsumen benar benar rugi mereka akan tutup keluh lempar salah pada konsumen tanpa lihat bukti mes mic wireless tapi mic kirim jual dalam ada rusak ketika kembali mereka hanya beri kirim mandiri ketika kirim nyata alamat jual palsu nomor tidak bisa hubung ketika lapor shopee mereka tutup mata,0.0
layan lambat solusi tidak muas tidak tegur sangsi hadap kurir,0.0
pesan pernah tepat waktu,1.0
terimakasih shopee sudah banyak bantu tidak perlu lagi kita keluar beli butuh anak sukses sllu,1.0
apk sangat guna,1.0
susah nya kalu beli barang engga bisa cod kirim banyak engga sesuai ukur pesan tolong pihak kait pesan kirim sesuai pesan,1.0
udah lama pake apk makin kesini makin bagus sih tapi tolong dong mau log masa harus scan lama hape lama udah unistall udah veriv lewat telpon tapi masih harus scan bikin repot,0.0
aplikasi ancur,0.0
sakit sih ekspedisi harus bisa cepet dateng malah jdi lama entah kndala atau emang lama ajaa tapi kecewa sih knp bisa gin ngga kembang sama update distu aja ngga gera,0.0
biar bintang bicara,0.0
oke pokok,1.0
suka bngt sma apk belanja syang lengkap total semua spertpack,0.0
lama lancar gak masalah,0.0
puas banget belanja aplikasi shopee indonesia,1.0
selalu amanah,1.0
belanja mudah ekonomis praktis dtambah ada cash back gratis ongkir,1.0
mantap ori barangmya and sesuai realpict,1.0
puas banget pakek shopee,1.0
lumayan baik tapi jasa kirim shopee express sangat sangat lama kalau dulu hari sudah sampai sekarang paling cepat sampai minggu,0.0
biaya admin jual shopee makin gila potong kira kami jual mau untung bukan cuma nyari duit buat biayain aplikasi doang,0.0
tolong shopee driver kurir antar barang biasa hubung beli pasti rumah atau tidak jadi tidak perlu bulak balik lagi paket sesuai tanggal estimasi makasih,1.0
shopee emang debes banget aplikasi jual beli paling mantap makasih shopee,1.0
aplikasi nya membantuuu banget bisaa belanja tanpa keluar rumah tapi nya harus nunggu hari lah nama nya juga online jadi wajar aja ongkir nya murah juga kalo dekat biasa nya dapat sini juga banyaak barang mau beli kalo mau pesan makan bisa datang hari juga paling menit sampai terus banyak game bisa main jugaa pokok nya masih banyak lagi shoppe jadi langsung aja download,1.0
oke sih,1.0
mantap lah semua barang,0.0
ada shopee sangat bantu dlm kami belanja terimakasih sudah mudah kami transaksi dgn aman,1.0
mau reset pasword lupa tapi proses malah suruh login pakai pasword kan ambigu padahal nomer masih aktif tapi gak bisa login,0.0
good,1.0
shoppe tuh blnja simple bnyk brng kualitas sukses slalu buat shoppe bintang slalu depan,1.0
belum mohon maaf kepada pihak aplikasi kenapa tiap update shopee pay plus selalu gagal verivikasi padahal data udah valit loo kan lucu kenapa sulit terima kasih komplain mohon maaf jika salah kata,0.0
terimakasih shopee belanja mudah banyak pilih puas shopee indonesia,1.0
muas sekali sangat bagus jadwal,0.0
aplikasi shopee sagat bantu,0.0
dear shopee tolong pantau kerja para staff jangan sampe rugi orng lain kemudian hari cukup aja rugi atas kerja kalian dmn kemarin top brizzi lewat shoppe sekitar jam terus belum msk smpe detik gua udah coba chat awalny suruh nunggu jam nunggu terus chat lagi kemudian suruh nunggu itungan menit bhkn arahin alfamart indomaret buat cek lakuin tapi hasil nihil rugi wkt mna hrs ngejar wktu,1.0
aplikasi nya bagus banyak barang bisa beli,0.0
aplikasi berat memori masih banyak tapi buka shopee lelet minta ampun sering load lama cape,0.0
dana jual tgl sampe skrng masuk janji skrng undur lagi hari gimana shope mending pake toko pedis cepet cair nye,0.0
poko nya jangan ragu belanja toko buat toko nya sukses selalu,0.0
natap pol,0.0
pernah order shopee sdh bayar tetapi jual tidak kirim barang shoope langsung kembali dana shopee pay,1.0
belanja lalu shopee harga murah mudah aman,1.0
tolong shopee kalau bisa shopee food jgn dobel order deh makan jadi dingin nih terus kalau mau salahin antar makan juga pasti entar bapak bilang pihak shopee gimana sih bikin jengkel aja tolong baik jgn lagi dobel order,0.0
kirim spx lambat pesan reguler pun lambat,0.0
sangat manfaat bisa beli barang butuh tanpa harus muter cari barang nya,0.0
makin hari makin buruk,1.0
layan makin buruk beberapa barang tidak kirim paksa bayar rupa jenis jahat baru,0.0
puass poko nya pake shopie mantafff ngecewain,0.0
aplikasi sangat bantu,0.0
pecat saja kurir malas jelas jelas alamat akan nyasar aktif ikut serta tetap saja paket nyampe,0.0
alam belanja shopee sangat muas karna apa pesan jarang mecewakan shopee mantaaaap,0.0
mantap belanja seru poko mantap jos pokoke,0.0
edit ulas aplikasi shopee karna barang batal oleh pihak shopee padahal sudah nanti datang barang jika kita lebih dua kali batal barang bisa shopee nonaktif cod nya bener bikin kesal,0.0
aplikasi sangat bantu,0.0
bagus amanah,1.0
bagus bisa lebih murah biasa suka kalo promo gratis ongkir voocernya,1.0
maksih shopee senang blanja shopee puas smoga ngak kendala lain lancar jaya,1.0
shoppe skr punya polah baru trutama spx nyaa tanggal estimasi udh dtentuin tanggal sekian gatau nya malah mundur hri paling kocak aneh punya diri brati dnk,0.0
gimana shopefood udah dapet driver mana nunggunya lama banget,1.0
untuk shopee indonesia adalah salah satu langgan aplikasi anda pesan barang hanya daerah kota kabupaten tempat tinggal kirim salah satu kota camat bagi kabupaten kenapa harus oper dulu dishub beda provinsi malah harus hari sampai sudah hari barang muter aja dishub makanya kasih bintang,0.0
alhamdulilah sangat bantu,1.0
tiba tepat waktu produk sesuai dgn promo tipu kemas bagus layan prima,1.0
bisa jgn muncul apk lain mencet apa tiba masuk shopee ganggu bgtt lagi scroll trs msk shopee lama uninstall juga pernah muak sma shopee kalaupun iklan apk lain juga ttp pada belanja shopee trs juga shopee kenapa lama makin ngelag sih padahal udah update trs tolong jangan segitunya kalau iklan ngebuka shopee kok tiba muncul shopee mana kalau iklan lama bgt buat tombol skip nya,0.0
mudah dalam belanja lebih murah mudah cari produk barang mau beli terima moga makin sukses,1.0
sangat bantu pokok nya terus tingkat kerja nya lebih baik lagi mudah kita transaksi makasih shopee,1.0
busuk aplikasi mending usah kerja sama ekpedisi spx mending jnt atau jne udh lambat paket bawa muter padahal satu kota sama toko nya buat suka estimasi padahal dulu belanja shopee mending aplikasi belah aja dah klo belanja siapa tau cocok pada sini pakai ekpedisi jelas,0.0
lama bgt,0.0
terlalu cepat datang nya,0.0
gak bisa install buruk bengetsih kira bagus tarnyata sacam jelek,0.0
aplikasi sangat bantu usaha,0.0
mantap jadi partner bisnis swlama terimakasih shopee keep good work guys,1.0
moga sukses terus,1.0
kirim barang sangat lama tidak kompensasi atas lambat tema dark mode tidak bisa tidak,0.0
poppy store tolong tindak lanjut pesan ukur brapa kirim ukur brapa,1.0
bagus buat belanja online tuk kluarga jdi lebih mudah murah riah,1.0
udh langgan cmn saran aja cantumin nomor driver biar klo komplen gampang,1.0
murah murahh baguss aplikasi nyaaa,0.0
neng belanja shopee barang sesuai harga,1.0
layan baik harga saing kembali mudah tspi sayang flash sale cuma bohong saja mending tidak usah saja ganti tengah harga atau lain,0.0
shopee skarang kirim jdi lama banget jdi lebih suka belanja apk sbelah padahal sma sma free ongkir,1.0
moga shoppe para jual tetap amanah sukses shoppe,1.0
terlalu susah hapus,0.0
shopefood sering pindah alamat sendiri beberapa pesan jadi kirim alamat salah tidak muas,0.0
kenapa yah ngajuin spinjam hari chat dulu baru proses kalo tidak chat nungguh hari tdk bakal proses,1.0
sangat bantu cari butuh hari moga lancar berkah,1.0
jangkit racun shopee ken belanja lagi lagi lagi apk shopee sangat bantu instal kelen kelen belanjaaaa siiiiiiissst bro semongko,0.0
sesuai dgn ingin mantap,1.0
lama pakai jasa shopee semua lancar tiada kendala moga kita semua tambah sukses,1.0
makin kita belanja dishopee makin murah diskon diskon juga masuk akal,1.0
kirim makin kesini makin lambat bangetttttttttt sering banget barang rusak padahal udah lama bgt pakai shope skarang males banget,1.0
mudah kita dlm belanja hemat uang waktu tenaga,1.0
selalu beli shopee mau beli apa selalu shopee,0.0
mantap serba simpel,1.0
puas belanja shopee tidak pernah kecewa,0.0
bagus sekali pokok nyesal,0.0
kecewa,0.0
gimana sih limit paylater nya belanja tiba naik juta pas beli limit masih juta gilir mau lunasin harga hpnya hari april tiba turun limit jadi padahal uang nya mau pake perlu,1.0
lambat gerak kembali barang pake shopee medan medan aja bisa pula hari baru sampai udah dana tahan lama sama seller mau beli lagi pun susah jadi,0.0
semenjak aplikasi shopee belanja gak perlu repot lagi,0.0
cari apa keluar nike,0.0
shoppe sangat manfaat semua org moga sukses selalu,1.0
bagus sih shopee nya cuma beberapa hal nggak suka lagi flash sale gede gede stok masih banyak pas bayar tiba tiba nggak bisa atau waktu mau klaim koin ribu telah nonton vid gabisa aja alas,1.0
puas belanja guna aplikasi shopee lbih mudah jangkau aman,1.0
belanja online mudah simple,1.0
bagus mudah simple,1.0
shopee cari perlu obat sampai skin care pakai dalam sampai bahan kain puas belanja shoppe shoppe,1.0
payah kirim selalu telat sampe hari saling lempar tidak tangan sama sekali sangat sangat rugi kecewa,0.0
alhamdulillah pake shopee lancar dalm sen banrg selalu sesuai sen,1.0
woy shope mau jual apa promosi vidio anj live and vidio ganggu coba adakan fitur nya aga bisa nonaktif fitur live and vidio nya,1.0
sangat puas belanja sini,1.0
lebih banyak diskon promo min,1.0
puas performa shopee,1.0
bantu sekali,0.0
mohon kurir kalau dicancel gak usah marah costumer mohon depan utk shopee bina edukasi kepada kurir jaga etika,0.0
aplikasi bagus,0.0
gak suka iklan muncul terus pas gua baca wattpad stop part masa iklan shopee,1.0
order beli prokduk baik praktis percaya murah,1.0
fitur cod mati gara paket stuk rungkut terus bareng sama paket satu nya return sama kurir tanpa konfirmasi beli alas beli tolak paket bukan saja belum nya juga gitu paket stuk salah satu daerah akhir nya gagal kirim salah beli padahal tidak beres expedisi kurir nya shopee sendiri sistem kerja shopee tidak profesional tolong audit kerja bagi kirim nya bukan langsung salah beli,0.0
sudah jadi langgan tetap shopee butuh belanja online shopee baik jamin kualitas produk original shopee mall bisa kredit apalagi shopee pay later nya keren banget dapat limit besar bisa pakai belanja kredit terima kasih shopee,1.0
sangat tarik harga,1.0
emng bgus bgt deh shopee mudah belanja butuh nex updet nya kurang dikit,0.0
lacak posisi paket tidak akurat orang orang bedabeda tunggu terus paket tidak peduli paket kapan datang penting datang coba tingkat kualitas gpsnya karna orang orang selalu tunggu biar tenang kalo tau lokasi paket mana lain sudah bagus namun gps nya kurang akurat mana posisi kurir saat tidak jalan stuck tempat saja orang tunggu paket tidak tenang,0.0
cinta buat indonesia trimakasih,1.0
puas belanja shopee banyak discon vouchernya,1.0
trimakasih atas layan baja tepat waktu cuma bagi sesuai dividio tidak semua makasih dah jujur sesuai dividio sukses sll,1.0
moga depan shopee bisa gunain fitur tampil dark mode guna banget soal sering scrolling pas malam moga bisa segera realisasi team shopee asumsi banyak user buka aplikasi malam hari,1.0
selalu belanja online shoope soal harga sangat jangkau kualitas sangat bagus,1.0
sangat buruk mau retur barang sulit cuhh,0.0
duh min bagaimana kita mau belanja kalau klik alamat balik menu awal klik metode bayar balik menu awal muncul iklan lagi iklan lagi parah dah kalau mau update sistem uji coba dulu tim jangan langsung terap konsumen,0.0
hampir semua pesan sesuai deskripsi tipu tipu harap verifikasi belum toko gabung antisipasi tipu,0.0
mudah dlm guna bnyk pilih barang bayar,1.0
kenapa sekarang tidak bisa cod kenapa sekarang tidak bisa bayar tempat tolong banyak jual tipu barang palsu datang barang palsu datang barang palsu datang barang palsu tipu barang palsu harga mahal,0.0
benar suka bgt cek out shopee tapi ekspedisi jelas sortir lama masa udah kali sortir satu kota pindah pindah,0.0
sekarang banyak sekali admin harus bayar kirim juga lambat sekali sudah hampir hari paket stuck satu tempat padahal sudah daftar jadi member vip tapi malah makin jelek aja sistem shopee,0.0
ganggu banget tiap masuk apk langsung shope vidio,1.0
parah sih pakai same day seller sudah kirim cepat tapi paket malah henti kurir lalai sampai besok dibiarin aja paket fermentasi kali refund aju malah batal pihak sama shopee jadi maksud konsumen harus nerima salah kurir sistem jual layan tapi kalau gagal suruh nunggu rugi malah beli bener bener nggak jelas bobrokkk kerja becus shoppe malah beli harus tanggung semua,0.0
mantap bos,1.0
kenapa sekarang shopee kalau kita beli elektronik datang selalu lambat seperti sekarang pesan tanggal sampai hari barang henti henti akhir tidak kirim padahal estimasi datang paling lama tanggal tapi sampe sekarang barang masih kirim juga waktu bulan lalu juga gitu sen kulkas barang sampe lebih minggu padahal status sudah henti akhir bojong gede tapi kurir nya belum kirim kalau kita sen barang kecil cepet,0.0
good job shopee,1.0
tidak sabar kena tipu solusi malah tetep suruh bayar,0.0
sekarang tambah lot,0.0
kenapa abis lebaran kirim shoopee lambat banget nggak usah pake slogan garansi tepat waktu lah,1.0
guna banget hari hari,1.0
sllu puas dgn program shopee tdk pernh kecewa dgn shopee terimakasih shopee moga awet makin maju sukses terus buat shopee,1.0
estimasi jelas ubah mau nya sendiri paket udah beli tgl sampe tgl blm dateng padahal kata cuma butuh hari paket nya hari tahan sortir doang masa iya brand besar shopee butuh hari sortir paket tuh order tolong dong kerjasama nya bayar ongkir juga loh,1.0
puas bagus banyak diskon,1.0
bobrok kirim lelet,0.0
suka aplikasi,0.0
sampah banyak bug baru masuk langsung sope live,1.0
gak ribet gampai cumn paylater nya ken aktifin gak acc,0.0
aplikasi busuk,0.0
makin gajelas spx kirim bisa hari lebih pdhal masih provinsi pdhal uda dateng tinggal kirim status uda kirim tpi kirim nyampe bisa hari kocak emng mnding sblah cepet pngirimannya hhh,1.0
lama banget dateng paket nya,1.0
sangat mudah guna,1.0
aplikasi sangat luar biasa sangat bantu custumer baik belanja maupun pinjam instant terus karya maju terus,1.0
aplikasi mudah kan cari barang susah daerah,0.0
aplikasi sangat tidak rekomendasi bagi user milik ram kecil pakai ram shopee sangat amat tidak efisien banding commerce lain serasa seperti asal asal dalam laku manajemen tidak peduli nyaman user hanya penting akses cepat namun buat perangkat panas,0.0
ecomerce baik pernah coba mudah pantau kirim chat admin mudah respon saran aja jual lapak shoppe lebih ketat lagi kalau kirim ssh tidak sesuai pesan atau foto beda barang kirim paling males kalau hrs kembali barang paling mudah kasih bintang walaupun pernah kecewa bbrp kali dgn jual baru kesel banget barang rusak atau pecah tolong shoppe lebih ketat maaf maaf banget,0.0
nang sangat burukk,0.0
dah bayar spaylater spinjam bilang belum tolong cek sistem lama malz pakai shopee,0.0
ekspedisi paling nggak jelas paket nyasar rute bukan baik malah didiemin tangerang cuma bisa minta maaf tanpa tindak jangan punya sendiri terus kualitas kirim dianaktirikan alamat pandeglang kirim tangerang kocak,0.0
spx bagai jasa kirim atau hanya sekadar tracking paket saja sangat kecewa kirim lambat kadang stuck tempat tentu buruk kerja,0.0
aplikasi baik utk belanja online,0.0
makasih shopee diamond gratis nya free fire,1.0
semua fitur,0.0
sekarang ribet,0.0
kirim nya lama udah hari gudang deket rumah masih aja blum smpe alhasil ambil sendiri gudang nya asal dtng tanya gudang knp gak anter lama anter nya jawab nya pihak hub kurir nya gak masa harus ambil sendiri gudang stiap sen paket tolong baik aja keluh,0.0
sekarang shopee lama kirim minggu buru nyampek paket lebih baik kita tokopedia hari udah nyampek paket,1.0
sulit dana kembali tidak kembali,0.0
cuma apk loading parah,0.0
sekarang shopee kirim lambat kadang pesan suka batal sendiri nda tau apa alas nya,0.0
aplikasi shopee sangat bagus,0.0
kirim lama bahkan nyampek minggu,0.0
masuk terus shopee jika download game google,1.0
mantap sangat puas blaja ahopee,1.0
padahal guna udah banyak tapi iklan juga kalah banyak hampir semua aplikasi lho makin gila adminnya kira kira bagai beli jual rasa rugi dulu masalah terus lama lama orang pada pindah shopee,0.0
banyak promo dishopee,1.0
apa login telah uninstall gegara buat uji pas login suruh nyantumin handphone kok malah gak bisa,0.0
shopee the best mmbuat senang pesasanan selalu datng lebih cepat estimasi mkash shoope sdh mmberikan plyanan baik moga kdepannya lebih tingkat lagi mksh,1.0
gamoang murah barang kecewa,0.0
rating shopee jelek kurir spx bapuk semua barang udah hari kirim akhir tapi nunggu estimasi kirim akhir baru kirim bener sial,0.0
banyakin discount nya lagi,0.0
ongkirnya gratis rus gak kaya toko belah bikin check out rus,1.0
sangat puas belanja shopee,1.0
shoppe gua gak bisa gerak kenapa,0.0
oke josss,1.0
hapus aja kirim sicepat sicepat halu kirim lelet lewat tanggal terima kadang juga paket nya hilang sudah kali gak datang datang ngestak kirim padahal sudah sampai kirim terahir mending dulu masih jnt,0.0
belanja shopee semua gampang cari mudah banyak pilih tapi harus pinter pilih harga baik kirim cepat maaf kadang kasih nilai barang barang beli banyak terimakasih sukses selalu,1.0
shopee makin oke makin mudah belanja shopee suka shopee makin banyak produk produk baru makin mudah cari butuh hari hari,1.0
aplikasi bagus banyak diskon gratis ongkir tapi kirim kurir spx slalu masalah makin kesini makin bobrok paket hilang rusak tiba tiba direturn gak jelas males nganter kurir off dulu belanja sini mending aktif lagi jnt sudah gak kuat sama kurir spx,1.0
mantap moga sukses banyak rezeki,1.0
hadir shopee telah bantu saat kondisi sedang butuh terimakasih shopee atas support nya moga selalu beri percaya sepenuh,1.0
shoope bagus tapi banyak iklan iklan muncul game sangat ganggu iklan nyesel banget susahbd stop meski sudah detik nyebelin,0.0
tempat belanja online sangat jamin aman nya,0.0
buruk kurir tidak antar kita gak bisa cod lagi,0.0
iklan nya rangin ganggu banget tiap buka aplikasi aja iklan nongol,0.0
sangat bantu nyaru barang susah cari kalau mudah enak oflane aja,0.0
sudah bulan kirim spx sangat lambat kirim barang bisa sampe hari lebih belum sampe kasi vocer ribu tapi syarat kita harus belanja minimal ribu baru bisa guna betul jebak aplikasi tambah parah parah,0.0
moga sukses selalu buat rekan rekan kerja shopee pusat cabang kota nganjuk,1.0
respon lambat,1.0
aplikasi sangat rugi semua,0.0
kadang masih mahal barang jelas baru pakek udah letus,1.0
parah sih kirim barang buyer luar jawa aja udah hari lebih hampir hari sampe sampe kirim spx anda emang lelet banget payah,0.0
shopee sangat bagus moga jaya terus,1.0
harga murah nsumiati,1.0
ongkir mahal papua belum murah,1.0
awas tipu pihak shopee agar cair spinjam,0.0
sangat tidak pus,0.0
bintang masih belum ubah sudah sering belanja cuma kemaren kecewa karna pesan batal oleh shopee masih tunggu pesan akhir akan batal lagi atau tidak,0.0
paling banyak bonus koin voucher gratis mantap tap tap,1.0
lot banget apk nya padahal buat buka apk belah lancar saja,0.0
aplikasi shopee sangat bantu penuh butuh pokok produk sedia super lengkap murah,0.0
kecewa,0.0
mudah akses,1.0
kenapa sekarang laku bayar shopee selalu tunda kayak biasa sekali klik bayar langsung hasil apa yaa sudah shopee,0.0
sangat senang belanja sini banyak diskon,1.0
sangat puas skli blnja shopee trimaksih buat shopee bisa blanja sepuasny tanpa haruss kluar rumah,1.0
bisa belanja cara online tidak perlu keluar rumah,1.0
neng banget pake shopie tapi kaget dpt notif akun shopie kena langgan atu blokir tapi mudah gak kena soal nya limit nya udh gede trs enak belanja shopie moga aja gak kena,1.0
mudah cepet sampr,1.0
antar spx nya lambat sekali sudah komplain sana sini tapi tetap tidak update emang gak jelas banget,0.0
bayar pakai cod gak bisa,1.0
sangat mudah dalam belanja moga shopee jaya selalu,1.0
bagus tah lagi beli jau jau,0.0
belanja murah riah,1.0
telah sering belanja bayar rish sini coba beli barang pakai bonus coba beli item semua pakai bonus murah hari item kembali semua item sekarang masih kemas lama hari masa bonus abal abal kecewa iming iming bonus mending gak usa pakai bonus promo promo tapi jangan tipu tipu rakyat sudah kenyang tipu atau jika terus ulang akan cari cara agar bisa tuntut tipu shopee banyak untung,0.0
baru pertama coba belanja shopee udah buat kecewa sama pihak expedisi shopee expres pernah dtg tmpat cod dgn alas tempat tuju tutup padahal udh hari nunggu barang nya krna mau pake udah lah nyerah mnding pindah aplikasi lain,0.0
kurang muas layan akun beku tanpa sebab kredit kor lumayan makin kesini makin erorrrrrrr,1.0
shope sungguh kecewa kirim sangat buruk buang aja spx standar awal beli sekitar hari sudah beli waktu ubah jadi minggu,0.0
apa mungkin aja sekrng belanja dishopie nggak bisa cod lagi pake ongkir maupun engga kenapa dgn shopee stelah lebaran kok gitu jadi nggk jelas males kali smga baik krn aplikasi bantu sekali,0.0
mau aju lagi spinjamnya ntar gagal srh lagi aju tgl sekian trus awal isi skr tak biar aja aju capek isi srh trus brapa thn ampe bintang aja pernah kasih pinjm srh trus kalau bnr kasih jangan bintamg kalau bintang gmn mau bintang bintang aja cocok,0.0
sering ngebug lagi search shopeefood tiba tiba balik home lagi search live balik home makin diupdate malah banyak bug,1.0
nice,1.0
hebat,0.0
pas buka langsung video bikin nyaman udh close video msh bunyi,1.0
kirim lambat banget minggu lebih paket tidak datang datang,0.0
udh mulai ribet afeliet ajah dikit dikit batas tolong dong akun afeliet beku mohon agar aktip kembali gimana mau nyari cuan afeliet ajah malah beku susah lagi aju banding malah tolak makin ribet shopee,0.0
aju pinjam selalu gagal sangat sangat tidak bantu,0.0
jagan ngirim paket beraharga lewat shopee gak pertangungjawabanya,1.0
iklan mana nyebelin,0.0
makin lama makin beraattt dah gtu byk tipu dri shopee sndiri blg dpt potong atas lambat trnyata sblm trlambat estimasi rubah dlu biar trlambat dri spx srg brg dtg kurang kdang mlah ilang dri jual gitu brg srg sesuai pes hadeeh,0.0
firaun kedok aplikasi,0.0
makin kesini banyak saing tiktok dll bukan tambah voucher promo malah makin engga lalu ongkir hanya potong kecargo payahh developer nya,1.0
sekarang shopee food kirim hemat cuman potong belum ikan fiturnya lagi plis,0.0
aplikasi sangat bantu dalam belanja online,0.0
gak mau order lewat toko oren lagi udah order paket gak pernah nyampe rumah sekarang aplikasi toko oren sangat burukkkkk bangett,0.0
aplikasi iklan mana mana selalu muncul kirim sangat lambat spx sangat lambat,0.0
sangat bantu sekali apk shopee buat kita orang kurang waktu belanja luar,0.0
bagus jauh,0.0
time sesuai gambar antar tepat harga sesuai kantong mau beli lagi,1.0
benci banget sama spx lama banget paket muter muter gilir tanya hasil gak pasti muter muter juga,1.0
udah dua kali progres hitung level milik mundur lagi telah selesai pesan akhir awal sisa satu pesan lagi sudah naik platinum telah selesai pesan akhir langsung mundur lagi pesan lagi padahal masih tengah periode hitung udah dua kali seperti sekarang taun kemaren tanya pusat bantu tidak jawab sama sekali,0.0
spaylater non aktif padahal pinjeman apa apa pas mau ambil voucher malah bisa klik gilir udah keluar dasbor baru bisa wort udah taun kata suruh nunggu biar spaylater buka kembali alhasil sampai sekarang bisa apk wort,1.0
sekarang shopee sudah abai konsumen kirim sekarang lama bisa nunggu dia minggu pindah aplikasi lain aja kecewa sekarang kadang kadang kita beli obat datang nya lama padahal mau obat nya butuh cepat,0.0
soal mesan sih bagus banyak promo banyak pocer diskon juga tapi jadi masala tiap mau pesan barang ekpedis xps macam tau layan buruk masa paket udah mau minggu belum sampe pdhal pakek reguler ngga beres udah kapok mending expedisi,0.0
bagus tebal jahit rapi suka,0.0
saran buat aplikasi shopee tidak mudah framedrop kelas bawah,0.0
good seller,1.0
shopee emang gratis ongkir tapi sayang nya biaya subtotal ukur khusus beban jual,1.0
suka sekali murah pokok nya sukses deh buat shoppe,1.0
kurir spx shopee layan nya sangat buruk mentang mentang gratis ongkir tapi kan fitur tapi mereka sering cancel order sendiri bahkan lama kirim mau nya mereka sehingga lebih waktu estimasi,0.0
bagus oke,1.0
baik sangat sangat puas,1.0
shopee bisa belanja apa saja mau gratis ongkir lagi,0.0
sangat bantu kaum mager shopee good good,1.0
ribet skrg tambah ribet kya dlu lagi aja harus verifikasi umur pake shopeepay gilir udh aktifasi ttp gbs suruh verifikasi umur lwt shopeepay apa coba umur udh verifikasi ktp ttp sulit,0.0
shope fitur chat aja kirim kirim aplikasi bobrok,0.0
balikin fitur ubah username,1.0
jujurly gua kecewa masa gua sen barang kurir salah bawa barang alamat salah padahal alamat sdh tulis paket masih aja alamat salah terus telpon pake nomor salah kek apa sih padahal semua alamat nomor udah gua pasang betul bukti alamat paket masa nggak baca sihh,0.0
gak bisa buka tagih spayleter,0.0
puas trpercaya,1.0
cepet bagus,1.0
aplikasi bagus fitur nya lengkap produk sesuai tetapi tolong nya kecilin lagi soal nya hampir gak kuat download aplikasi nya,0.0
sangttt penting buat sya,1.0
ganggu banget sih shopee lagi buka notif apk ttp tiba muncul lgsg lempar shopee pdhal belum ngga nyentuh iklan apa ngga buka shopee latar belakang pun ngga bahkan lagi baca diem ngga nyentuh layar pun tiba pindah shopee sumpah ganggu banget,0.0
orang sen barang pake instan biar cepet malah sistem jelas lambat update nyari kurir baru lagi gedeg banget sama shopee sekarang csnya juga guna kita ngadu malah janji janji doang mau follow jakir sial,0.0
memang muda banyak pilih belanja online shoppe kesel toko online curang jual produk gak sesuai foto video biar rajalela shoppe mohon pihak soppe kasih tindak tegas buat toko jual barang pas datang gak sesuai ulas jual toko sebut kasih sangsi blacklist atau lindung muda buat konsumen supaya mereka gak mau jual barang gak sesuai promosi kritik juga pernah jadi korban beli gorden kamar gak sesuai,1.0
baru kali paket ngga nyampe nyampe awal estimasi tanggal bulan april datang tiba tiba jadi bas terus laporin cepat jadi tanggal sekarang udah tanggal malah ganti lagi tanggal padahal duluan pesan barang belum checkout barang lain malah barang lain udah hampir sampai,0.0
terimakasih udh bnyak bantu usaha kami,1.0
aplikasi belanja sangat bagus,0.0
aplikasi jelek,0.0
turut akurasi data dalam tiap tangan kendala dalam hal beli bagus inti tiap beli mungkin besar tidak mungkin buat salah jual mungkin besar buat salah siasat beli malas retur barang moga depan shopee mampu hilang kan kesan masyarakat luas bahwa jika belanja online beli barang sering sekali tidak sesuai ingin bukan bisnis semata tapi wakil tuhan muka bumi,0.0
banyak maling kurir miris banget,0.0
kurir shopee tambah jelas kirim paket pagi sampe,1.0
very good,1.0
shopee lopyuuu bangett,0.0
min tolong benerin bug map nya soal jadi tau pesan sudah sampai mana tau nya estimasi tiba nya walapun bug kecil sih tapi baik min,0.0
sebenernya bagus aplikasi cuman iklan mana apalagi iklan tiba masuk aplikasi tanpa klik,0.0
iklan terlalu banyak terlalu ngeselin benci banget kalo iklan shope terus diarahin playstore,0.0
benar olshop bagus sih cuma tolong kalo nerima kurir janga asal nerima aja harus seleksi bener amanah soal udah kali keluarga barang gak sampai padahal barang udah cash pertama sen jam tangan jam tangan nya malah pake sama kurir tapi untung uang udah balik sama pihak shopee terus dua sen tablet harga juta pemberitahuan udah kirim padahal barang enggak sampai sama beli,1.0
sangat puas bantu,1.0
belanja sini kurir masalah terus tidak pihak lanjut dua belah pihak bikin muak,0.0
terimakasih sopi,1.0
sangat suka puas,1.0
aplikasi sangat bantu dalam hidup hari hari,0.0
hapus aja mending kata mah fitur live video nyebelin banget tiap buka shopee yng muncul pertama video mulu bikin ngeleg aja,1.0
sangat batu buat belanja,1.0
min tolong dong kalo bisa kasih update biar bisa hapus riwayat pesan gitu biar riwayat jadi lebih rapi,1.0
seperti lah,0.0
bagus banget tapi kdang bisa cod padahal pernah retur barang ayo dong shoppe butuh bgt nihh cod nya padahal pernah retur barang,1.0
tidak bisa update selalu keluar,0.0
bgs kita bisa belanja perlu tanpa keluar tapi kadang banyak tipu,1.0
serius shopee express tidak kompeten jakarta surabaya hari belum sampai tidak tindak atau pemberitahuan lebih lanjut perlu bulan kah baru sampai kalimantan kalimantan perlu kali transit lagi boro sampai transit jakarta surabaya aja minggu belum sampai,0.0
shopee sekarang udah lot banget padahal jaring stabil,1.0
apk mantap tak tipu tipu moga tetap jaga aman,0.0
bintang bicara buat shopee keren mantap sampe habis kata kata buat shopee,1.0
mantap fast respon,1.0
baik mudah orang belanja tanpa harus keluar rumah manfaat sekali apl,0.0
sayang nya kalau kita batal cod lebih kali kita yidak bisalagi cod tunggu hari,0.0
bagussss banget,1.0
moga manfaat,1.0
paket selalu ngaret gak pernah tepat waktu info kurir juga gak chat selalu jawab cepat cepat besok blm juga kirim,1.0
apk nya bagus tapi benci tiap buka apk utama apk tiap muncul iklan langsung masuk dalam apk shopee padahal gak pencet bikin orang badmood aja apk benciii,0.0
good shoppe kualitas nya sangat bagus,1.0
kenapa sih lagi enak baca wattpad malah otomatis shope udh puluh kli begitu terusss lagi enak baca tiba tiba shope ngeselin tau baca jadi enak gara iklan shopee,0.0
sangat suka sekali shope barang selalu sesuai selalu tepat waktu,1.0
banyak gratis ongkir shopee suka,1.0
kenapa gabisa daftar shoppe skrng punya pasti kendala gmail,1.0
alhamdulillah suka aplikasi moga manfaat terus aplikasi nya,1.0
sangat puas cocok belanja online,1.0
kalau kampung merasakebantu progam loyalitas atau gratis contoh ongkos gratis harga jangkau mudah mudah kasih hadiah atau motor antar jemput anak sekolah moga sopee jaya,1.0
makin kesini makin bagus banyak fitur nya,1.0
kalau ngk ongkirnya murah males banget pakai app shopee tiap buka aplikasi nongol video mana udh ngk jelas isi bukan promosi produk malah isi random bikin jdi ribet org buka shopee buat belanja bukan nonton short ngk jelas benah lagi,0.0
update nilai shopee sekarang jelek banget mau retur susaah paket sudah gak opsi gratis padahal biasa sekarang kena biaya opsi aja cuma kirim mandiri gak pilih lain biaya penangannannya naik terus bahkan seller pun pada muak sama shopee iklan mana mana ganggu berat jadi nge lag tiap kali scroll diarahin shope,0.0
jangan iklan terus gua marah gara gara,0.0
sengaja ksh bintang aplikasi nya memang buruk kirim buruk amat sangat kecewa pesan barang lebih waktu estimasi kirim gak tepat waktu apk sampah,0.0
banyak fitur jadi lot,0.0
shopee tidak adil atur tidak adil,0.0
barang selalu sesuai,1.0
sangat bagus mudah guna,1.0
sesal akan batas akun toko shope sendiri baru pertama kali kena seperti upload macam vape tidak tahu sama sekali tidak toleransi sangat kecewa tidak ingin pakai shope,0.0
sebenernya sih apk nya aja kayak apk online shope kayak biasa cuma iklan itulohhhh ganggu puolll tiap baca trus buka data mau komen scroll pasti langsung shopee gak sekali dua kali pliss tolong segera baik udah muak soal,0.0
sangat puas soal akun gacor terus suksek buat shope,1.0
terus tingkat kualitas aplikasi berantas barang palsu biar cuma barang asli shopee seperti online shop luar negeri banyak lagi jenis fashion shopee seperti aplikasi ijo belah banyak lagi gratis ongkir belanja lewat mitra seperti alfamart indomaret,0.0
masalah salah transfer sudah selesai nya juga beneran reffund terima kasih shopee,0.0
why voucher gratis ongkir masih banyak loh tapi kok gak bisa pakai,1.0
mantap shopee makin percaya sukses kita semua,1.0
oke sangat bantu sekali aplikasi,0.0
ekspedisi spx jelek,0.0
marketplace buruk berat ponsel,0.0
shopee indonesia sangat untung bagi minat moga shopee slalu jadi panutan semua mar shopee buat gampang dalam belanja,1.0
berat banget aplikasi belanja ngalahin game,1.0
kirim cepat harga lebih murah,1.0
bagus sih apk cuma kecewa aja hasil kembali dana barang hilang driver proses lama tapi malah ganti voucher padahal voucher mah udah langgan vip,1.0
banyak promo,1.0
aplikasi serba bisa good banget pokok,1.0
napa akun baru harus pake baru napa bijak nya harus harus pakai baru tolong baru akun bom nya bisa hapus tanpa harus habis duit akun lama sebut karna akun banyak bisa hilang atau ambil orang lain tolong admin owner shoope timbang lebih lanjut tolong alas timbang orang kendala seperti misal akun hilang atau ambil orang masa harus pake baru,0.0
awal sata liat dirincian bayar biaya layan begitu saldo isi biaya layan jadi maksud gimana,1.0
puas smuanya,1.0
sangat bantu mudah belanja tanpa keluar rumah tanks shopee,1.0
minimal optimaze aplikasi nya wok biar ngelag,0.0
ora cair,0.0
dulu sllu blnjanya toko belah karna ongkir terlalu mahal pindah sini takut barang tak sesuay tpi nyata shopee bener real kirim barang sllu sesuay jdi senang blnja sini ada shopee jdi mudah belanja moga toko nya sllu amanah biar tambah kha trimakasih shopee moga tambah sukses,1.0
banyak gratis ongkir,1.0
belanja dishopee murah riah layan mudah akses banyak diskon terima kasih,1.0
sangat batu harga jangkau,1.0
oke baik tap,1.0
gak pernah kecewa shopee barang nya selalu real nyampe gapernah kasi rusak juga love shopee,0.0
shopee kasih lah fitur nomor kurir jadi kurir wajib isi biar kami bisa hubung kurir masa paket kirim trs batal gitu terus udah kali kami bosan tunggu,0.0
moga bisa lebih baik promonya lebih tingkat lagi biar makin tarik bel,1.0
salah banyak kirim bukan shopee nyaa jadi tolong baik kurir yaa,0.0
spx expedisi nya gimana min pesan tgl maret saat april tidak sampai henti gudang jatinegara tgl april,0.0
aplikasi bobrok kirim instan kurir bawa lebih barang customer bayar duit,0.0
shopee emang bagus tapi kita harus hati ketika beli barang karna pernah alami beli barang harga mahal kurir enggak ngantar rumah pas sampai buka beh rusak makanya kasih bintang,1.0
bagus tapi kadang cod bisa pakai baru lagi shopee,1.0
estimasi kirim makin lambat pesan reguler ongkirnya mahal tapi estimasi sampai hari,1.0
jauh alhamdulillah shopeepay atau spinjamny sngat mmbantu dsaat kami butuh dana dadakn atau pun blnja dada sukses terus shopee moga depan limit naik mks,1.0
ribet,0.0
belnja jadi mudah hargnya terjngkau lagi,0.0
suka belanja shope murah byk discon apalagi kalau shope vip pokok mantaap,0.0
puas belanja shopee gratis ongkir nya banyak voucher juga pokok best top,1.0
lah buat belanja,1.0
bener shopee barang udah hari gak nyampe pdhl seller msh kota mesti ganti marketplace asli malas belanja dishopee,0.0
dapat promo harga sangat murah,1.0
bagus sangat bantu orang tinggal jauh kota ingin belanja,0.0
slama kendala blanja shopee klo sesuai retur depa tolong tinjau lagi seller jual barang sesuai foto video produk,1.0
akun batas hambat segala chat file dokumen tidak bisa kirim gagal terus,0.0
agak lambat datang,0.0
terima kasih layan terus tingkat moga selalu amanah,1.0
aplikasi bagus belanja,0.0
aplikasi bagus,0.0
pesan shopee food baru milih milih makan masih tab menu resto kenapa tiba tiba langsung order sendiri juga belum lihat titik alamat juga tau tau langsung order gitu aja apakah memang begitu sekarang aneh langgan baru milih makan tiba tiba langsung pesan sendiri order sendiri alhasil alamat titik meleset tidak akurat biasa ngepasin alamat titik antar akhir belum klik buat pesan,0.0
alam pertama belanja cukup puas,1.0
napa jadi benci banget sama nie shoope gara iklan jelas semua vendor ngiklanin nie shoope usah iklan nin kayal gitu idah jadi martchan besar saat kayak pegang manusia konoha sini udah apk situ gara terus teror iklan shope hapus seklian apk mending belanja tiktok shoop saja,0.0
mantap puas,1.0
sangat batu sekali bagi,0.0
terimakasih barang sesuai,1.0
sudah jauh guna shopee tapi blakangan sudah mulai kendala entah toko atau pihak jasa kirim barang suda batal cara pihak rusak pedahal opsipengiriman pilih shopee,0.0
lagi senang sophie belanja onlleun apalagi lengkap gratis ongkir lagi bikin kesel jika sudah lokasi suka lama sekarang sophie ubah kirim cepat gratis ongkir waktu awal donlot sophie masuk susah kirim hari,0.0
kayak kurang kurir pesan numpuk lokasi sortir padahal masing pesan order dalam waktu beda sampe minggu stuck sana saran aja banyak kurir atau tambah lokasi gudang supaya overload,0.0
mohon pihak shopee tingkat kembali data customer nya barusan kena tipu mengatasnamakan shopee,0.0
oke bget semenjak shopee selalu belanja rumah,1.0
shopee skr kirim buruk sekali lama banget,0.0
ngelag mulu gasuka,0.0
moga lihat bisa kembali seperti sediakala trimakasih jual shopee bang kurir,1.0
pokok shopee the best buat masyarakat pelosok ndk mau beban ongkir love you much shopee,0.0
semua lancar saja mau serta uang boleh,0.0
kirim tepat wktu selalu beri info sblm barang kirim satu hal buat sekian order baru kirim tdk sesuai merk barang sama order merknya sama begitu kirim jenis bentuk merknya beda mohon pihak shopee beri tegur apabila hal jadi lagi dgn orang lain terimakasih,1.0
mantap berkah selalu,1.0
aplikasi shope sangat lot,0.0
fitur refund makin parah aju kembali barang sudah laku tapi kurir tidak jemput barang sampai waktu tentu alhasil duit hangus makan toko tidak amanah makelar repro padahal dulu kembali barang jika toko tidak balas pasti dana refund tapi skrng sudah tidak tidak akan bayar sisa tagih shopee pay jika tidak selesai masalah,0.0
belanja buat buku sekolah anak harga lebih murah,1.0
moga gratis ongkir trus tanpa vocer,1.0
kecewa bgt sma shopee udah brp kli pesan batal padahal dirmh trus status pesan posisi kebayoran baru sdgkan kebayoran lama tdk kurir kirim rmh notifnya tdk ditmpt kurir males mau duit lebih doang,0.0
sangat bantu dalam belanja apa cari semua,0.0
mau pesan barang guna sendiri selalu batal oleh pihak shopee aplikasi aneh,0.0
sangat bagus aplikasi,0.0
aplikasi buruk,0.0
cepeten siput dri pada expedisi anda,0.0
aplikasi lot,0.0
oke lancar jawa,1.0
hidup makin mudah token mati jam malem shoope gak usah nyari outlet,0.0
aplikasi shopee sangat bagus sesuai apa kita ingin terima kasih shopee moga tambah sukses,1.0
kirim lama karyawannya kurang ramah mungkin gaji ngak naik naik tapi projeknya tambah terus tuntut loyalitas tapi ngak insntif lembur parah emang shoppe sama karyawannya budak,0.0
kok makin lama makin gila biaya layan lain lain,0.0
kenapa aplikasi nya gak timbul layar utama,0.0
terimakasih shopee seller serta abang kurir nya selalu setia belanja dishopeee,1.0
barang selalu sesuai pesan,1.0
belanja shopee buat tagih krn proses cod pun sangat simple gak pakai ribet langsung belanja dech,1.0
sangat puas dgn aplikasi shopee mudah jga cara kembali barang jika tdak sesuai,1.0
layan nya sangat baikk respon nya sangattt cepettttt produk jual toko toko juga bagus banyak banget juga promo nyaaaaa pokok debesttt,1.0
app bagus buat belanja tetapi tidak bagus buat shopee food meski bnyk voucher tetapi susah dapat driver buat apa,1.0
tolong perbaikin sistem shopee food nya,0.0
hanya shopee mudah cepat,0.0
engga pernah ngecewakan pesan selalu sesuai pesan,1.0
layan nya cepat kalau retur uang cepat kembali,0.0
kirim lama baik kerja sama bagai ekspedisi lebih cepat lebih baik ongkir nambah pada gratis ongkir tapi lama tunggu pagi sampe malam paket kirim besok hari busuk busuk,0.0
jauh tidak kecewa cukup puas apalagi kalau promo top,0.0
tolong kepada guna shopee food spx instan titik antar perhati benar kami kurir driver shopee sering alami masalah pada titik antar titik tidak sesuai atau loncat bisa sampai upah kami tidak berapa tambah masalah titik loncat kami jadi rugi bensin capek harus muter muter,0.0
shopee memang percaya jual sampe beli sangat baik shoee makasih,1.0
poko keren,0.0
apknya sih oke tapi ekspedisi lho lot entah spx entaraja akhir sering jadi masalah paket henti gak update pokok ulang terus aneh nih kok ulang terus gak ken ubah gitu bebal mulai lirik ungu lumayan oke sdh coba berxx order nggak masalah ekspedisi masalah masih eksedisi apk proses lama walau pagi sudah sampai hub daerah alamat tuju paket sortir sampai besok kirim sore hari lama spx kurang oke,0.0
maaf banget mahh benar tuh suka belanja shopee top pulsa paket game sini cuman satu paling gak suka shopee iklan allah astagfirullah cuman mau baca novel tenang aja susah selalu aja lari iklan mana iklan langsung lari apk nya itutu yebelin banget sumpah tolong lah shopee kalian sudah baik segi apa cuman iklan kalian aja ngganggu banget tolong mahhh,1.0
aplikasi paling bagus,0.0
baik sngat bantu sekali,0.0
pakai voucher harga jadi lbh murah smoga voucher promo terus lanjut,1.0
aplikator kejam jangan pake shopee sen instant tapi bisa hari hari nyampe karna ongkos terima driver tidak sesuai hasil nya cancel aplikator nyari unyung terlalu besar toko driver,0.0
mantab lah makanya bintang bicara,0.0
akhir update pesan shopee selalu saja lambat datang nya juga lambat paham mungkin akibat lelet jasa kirim nya tapi tolong baik lagi sistem nya supaya langgan tidak kapok,0.0
kadang kirim lambat,1.0
kenapa akun shopee gak bisa check out mohon bantu terimakasih,1.0
sekarang mau belanja apa saja shope gampang barang nya juga murah bisa cod,0.0
suka motif tipe ayudia model dagu mudah nyaman sekali buat hari hari apalagi guna bulan puasa jadibisa gonta ganti guna taraweh juga harga ongkir nya jamin lebih murah banding belanja aplilasi laen sejak kenal beli onlinesaya selalu percaya pada shoppe terimakasih shoope sudah punya semua perlu kami kami butuh kan lama inin tinggal klik langsung dikirm timggal tunggu kurir datang smg kedpn,1.0
aplikasi nya bagus shopping,0.0
benar nya aplikasi shope udah bagus kadang kirim cepat bisa dapat vucher belanja dikon bener bener worth kalau gin benar bisa kasih bintang lima tapi nyatannya jujur iklan shope benar benar ganggu misal lagi buka aplikasi apa gitu lagi main tiba tiba iklas shope nyebelin banget sumpah kaya tombol buat ngilanginnya palahn paksa buat sentuh iklan terus langsung aplikasi shope whatwhattan bener,0.0
banyak gratis ongkir diskon jamin candu,1.0
kalo boleh saran keranjang kasih fitur cari biar ribet scroll barang tolong baik bug aplikasi,0.0
udah lama sering belanja shopee kecewa selalu kirim palsu padahal sama sekali tidak pesan cekout barang tsb tolong dong aman nya,0.0
sangat bagus sangat bantu butuh belanja aplikasi benar benar bagus sekali,0.0
amanah barang berkwalitas bagus sesuai pesan,1.0
knp tida bisa cod sih tapi gimana pun bagus sih,0.0
kirim lama terus minta refund lama juga aplikasi apa sangat lelet tidak cocok buat belanja sini,0.0
gak tau kenapa skrng shopee makin gak jelas pesan blm datang sama sekali padahal udah lewat estimasi minggu bahkan udah sering gonta ganti estimasi tetap blm kirim juga tulis sedang tunggu kurir terus gak sama sekali pesan sampai,0.0
neng kali apa kta sen semua sesuai bnr ril terimakasih,1.0
jadi lah aplikasi belanja online lebih baik lagi tingkat kan sistem,0.0
lama lancar,0.0
kurir shopee express tidak mutu masa paket tugas hari lalu tidak kunjung ambil juga mending opsi kirim selain shopee express kalau seperti,0.0
lama males banget belanja shopee kurir nya terlalu ngambil untung bukan nya pelit tapi udh sering ngelebihin harga paket kadang sampai padahal klo harga nya suka lempengin jadi tpi tetep dia lebihin jadi masalah nya klo pesan paket cuma jadi kan lumayan klo dalam hari paket dilebihin harga nya sama kurir,1.0
alhamdulillah sangat bantu,1.0
manfaat banget bisa belanja rumah seller sellernyanya juga amanah udah bisa bayar pakai pay later lagi,1.0
apknya aneh kadang paket sampe udah tunggu lama pas cek terima tolak paket pernah retur barang uang kembali,1.0
oren ngotak dong kalo bikin tentu masa iya sekarang minimal gratis ongkir gocap mau cepet kaya apa gimana maksa banget anj masa iya apa belanja harus udah admin gede banget balikin gak gratis ongkir min penguna udah banyak jangan sampai orang pindah baja tok tok terimakasih moga dengar suara ajar,1.0
tambahin tombol blokir toko soal toko menganggu,0.0
moga depa shope lebih mantap sukses selalu,1.0
sangat puas layan bagus,1.0
bagus bisa hemat lagi,0.0
respon lambat tanggap masalah sprti aju kembali krna paket kosong,0.0
shopee baik sekali,0.0
tuk shopee kasih makasih shopee mantap maju trus sukses sll,1.0
makin hari kerja makin turun barang hilang tidak antar tidak pemberitahuan tba ket sudah retur sudah tidak bisa cod bad,0.0
sangat puas affiliate shopee,1.0
puas belanja shopee harga murah serta amanah kalau barang gak sesuai kembali sangat mudah,1.0
ssya puas shopi kurang puas jual nakal dalam aplikasi nya aja semua nya sih tapih bagi nakal,0.0
belakang buat kesal kirim shopee bisa nggak pilih jasa pengirimanya jangan spx tiap pesan barang antar selalu rusak pecah selalu masalah sumpah nggak bagus sampenya tangan padahal aju kembali butuh waktu lama lain lagi harus antar jasa kirim nggak jemput tempat padahal pes butuh ken cepat guna malah rusak kesall kali betull nggak cuman sekali selalu barang rusak kan belanja kesni,0.0
apliksi bagus muda gunakn moga bermafat untu semua klo dagang yag curang mita tolong kepada shopee apliksinya beloker saja agar beli tida kecwa bukan salah apliksinya tapi jual kadang yag curang klo apliksinya bagus,0.0
heh kalo udah download minimal iklan nya hapus kalo main sesuatu kalo iklan mesti masuk aplikasi nya buat frustasi tau kesel jing,0.0
barang kirim sangat recommended sekali tidak kecewa link shoping nomor tidak bisa ungkap kata kata belanja rasa manfaat bonus serta discount,0.0
shopee sekarang kirim nya ngaret bgtt kenapa kalo dulu hari gtu udah sampe sekarang bahkan melebihin estimasi tolong dong shopee balik seperti dulu lagi,0.0
harga saing layan cepat,1.0
shopee tempat belanja asyik seru moga sukses selalu,1.0
lama barang kirim sesuai pesan hanya sekali minta dua kirim cuma satu pdhl sdh bayartf barang,0.0
tepat waktu sesuai harap,1.0
jauh lama belanja lalu aplikasi shopee rasa sangat puas terimah kasih shopee,0.0
terimakasih shopee pay dapet potong harga,1.0
mantap jiwa,1.0
lengkap sekali baju celana pasti slalu apk ini,1.0
senang aplikasi belanja jadi lebih mudah,0.0
baik bantu sekali,0.0
good awas liat review toko dulu,1.0
kirim sesuai waktu telah diten tuk,1.0
pesan selalu sesuai pesan,1.0
aplikasi nya bisa buat belanja bantu tapi hama juga tengah tengah nya ngekspor alight motion tiba tiba iklan shopee apalagi pencet skip nya susah banget hama emang tolong pihak shopee hilang iklan iklan tidak jelas seperti jelas tadi,0.0
tolong dong iklan jgn maksa banget udh pake shopee lama banget tapi kok iklan makin resah maksa masuk biar klik,0.0
sangat buruk kirim lama stuck lama lapor pun tidak jawab aplikasi sampah,0.0
kurir paket spx nya lama dalam kirim paket alamat sering nyampe rumah besok juga datang malam malam ganggu jam istirahat buat shopeefood nya juga mahal ongkir sama biaya lain pernah juga order prioritas malah datang telat,0.0
gatau suka,0.0
bahaya kli toko sopi barang batal sama sopi tpi uang ngk balik pdhl bayar sopipay,0.0
fitur verifikasi lamban dalam proses,0.0
estimasi kirim pesan tanggal kira sampai tanggal cepat sekali,0.0
tahun mulai pindah toko ijo belah walaupun agak mahal dikit semenjak kirim monopoli sendiri spx bikin kirim lambat banget parah dah,0.0
paket selalu nyangkut mana heran gada tindak penting kantong aman komplen dipikirin komplenan kaya gin bales bot,0.0
apa ajg mau beta malah keshope,0.0
sangat oke,1.0
ada shoppe sangat bantu sekali,0.0
banyak promonya kirim sesuai lokasi standar aja bisa stengah hari sampai kadang juga sampai sminggu klau antar pulau kereen,1.0
brterimakasih pada apliksi shopi sangat batu kami,0.0
sekarang kalau belanja shope lamaa banget datengnya mana suka tunda lagi kirim nggak sesuai tanggal tentu sedikit kecewa sih,0.0
telp sendiri pake orang mau claim gabisa mau ngirim feedback gabisa hadehhh,0.0
aplikator tidak manusiawi utama buat seller atau driver mitra nya pesan instan gabung ongkos hanya bayar barang saja sisa numpang gratis buat seller juga rugi barang sudah packing tetapi tidak kirim karena driver sudah lanjur bawa barang akhir barang tunda kita juga bagai seller rugi sistem bobrok vendor sekarang,0.0
puas bangettt belanja shopee,1.0
bagus sih tapi kendala tidak senang seperti barang lama sampai tuju,0.0
minimal bisa hapus nilai barang shopee kocak masa cuman bisa baru aja hapus nilai aja gak bisa,0.0
knp sya tdk bisa aplikasi,0.0
bagus tingkat kan lagi orian barang produk jual keluarakan seller nakal shoppy karna rugi konsumen,0.0
bagus cukup puas belanja shopee,1.0
mantep sangat bantu semua butuh,0.0
suka shope selain harga jangkau kualitas juga bagus pasti sesuai barang pesan,1.0
dapat belanja onlime harga jangkau bisa nyicil gratis ongkir semua butuh hari sini,1.0
bagus sihh banya diskon juga tapi saran nih yaa plss tolong bgttt shopee tolong cantum nomor kurir lagi nganter paket rumah bukan apaa apa tapi buat ngabarin kurir klo misal kita lagi rumah jadi sia sia kurir dateng rumah malah kita gada rumah tolong bgttt yaa cepat kurir nganter paket kita pas status nya udh pesan dalam proses antar rumah anda jujur izin shopee paling lambat online shop lain klo soal antar,1.0
gila parah sistem,0.0
aplikasi kurir banyak gak propesional selalu batal pihak sen orang utama spx,0.0
tempat belanja nyaman,0.0
lambat soal lapor,0.0
sangat muas baik pesan paket maupun layan kurir,1.0
cepat kembaliin cod gueee sia join shope vip tpi rasa kaya vip vip nya pas awal join doang bnyk diskon promo belum bln join uda kembali normal harga sayang banget join lngsng bln,1.0
barang pes sesuai ingin jas jos pokoke,1.0
jadi bilung mau kasih bintang brp lagi bgus aplikasi cuman kadang kirim belit dikit tapi lah sopiya lebih baik istimasi sop bagus tenan aplikai,0.0
bsa percaya bnget mski bbrpa toko krg bijak bsa seleksi lgi dpn,0.0
makasih tepat waktu,1.0
sangat mudah guna bagai transaksi jual beli barang cara online,1.0
banyk jual tipu,0.0
aplikasi sangat bagus sekali suka beli paket lalu aplikasi,0.0
sukses selalu kalau bisa spinjamnya tambah tahun atau thn kek biar konsumen tambah bunga kecil sedikit terlalu besar proses spinjamnya gak ribet gak kaya pinjam belah,0.0
murah kirim cepat perlu panas langsung sampai,1.0
shope soal retur pernah adil dulu shope fir aun pelihara beli fake order jual jadi korban,0.0
bantu sekali mudah bagi bidang otomotif,0.0
baik semua,0.0
cepat sesuai pesan kurir nya ramah,1.0
shoppefood susah dapet driver ledik lah,1.0
biar bintang bicara terima kasih,0.0
sering ngasih voucher biar dapat hrg murah terus heheee,1.0
kurir shopee skrng rata rata malas sdh tera penguriman sering kirim barang jam malam tidak konfirmasi aplikasi barang sebut brkt jam pagi kirim jam tanpa konfirmasi,0.0
oke,1.0
sangat puas belanja shopee platform paling baik turut nilai terima kasih,1.0
puas layan shopee,1.0
antar lama lebih bagus beli tik tok,0.0
apa pesan udh hari maen batal kan ajh klo expedisi mau nyari alamat jangam dpake nmr tlpon kan pake expedisi males gmna mao nyampe pesan aplikasi lain nyampe ajh udah lama pake aplikasi sangat tidak muas spaylater sudah lunas malah beku lambat pun tidak pernah buat apa download kalau stiap aktifitas beku,0.0
sangat batu ada aplikasi,0.0
kenapa akun sudah tidak bisa pesan barang,0.0
cari apa aja shopee,0.0
aplikasi paling rekomended bgt sih semua bisa aplikasi belanja pinjam lain fitur lengkap banget,0.0
suka banget deh aplikasi nya bisa banyak hal bisa belanja semua perlu bisa kirim uang pokok top,1.0
platform oke sahabat,1.0
parah sopi cod non aktipkan gara sana ituh juga blm nyampe rumah baru toko ancam kalou sesuai ambil akun laporin nonaktipkan cod susah jaman manusia pemeeintah salah bain bener salahin,0.0
sangat muas barang asli,1.0
tambah sini makin lambat berat aplikasi kirim juga lambat mungkin toko lambat gak tahu siapa salah masalah lain oke lah bagus,0.0
sanagt puas shopee,1.0
shopee ind mudah cari brng butuh harga murah kirim cpt sukses utk shopee indonesia,1.0
sangat puas dgn pesan pesan,1.0
buset udah ngeluarin uang lebih buat pilih layan instant supaya paket cepat nyampe tapi paket tetap lama datang rugi dahhhh hadehhhh,0.0
semenjak monopoli expedisi kirim spx gak pernah belanja shopee,1.0
aplikasi mantap banget aplikasi lain top markotop lah pokok,0.0
lumayan kurang gede dikit,0.0
kenapa sekarang kalau pesan shoope food sangat susah dapat drivernya terkadang sudah kita batal tiba tiba driver sedang ambil makan resto,1.0
makin kesini makin kacau kirim lambat sering lewat estimasi kadang kecewa banget estimasi bukan cepat malah panjang sudah rasa tidak nyaman beda toko online belah,0.0
masukin lama akun baru gabisa beli baru terus bikin baru gabisa lagi karna kata provider nya recycle nya minta bantu sampe ganti ganti kali masih aja gaada bisa,1.0
beri diskon besar tidak hanya tanggal kembar,0.0
senang banget belanja shopee,1.0
tidak pernah kecewa belanja shopee,0.0
sangat bagus akan tetapi kadang buat tekang waktu nonton vidio live,1.0
barang cukup sesuai harap kurir seller cepat,1.0
aplikasi shopee mudah dalam belanja apa saja belanja akan lebih aman percaya barang apa sangat mudah dapat cara sistemcod,0.0
the best walaupun pelosok indonesia shopee mampu layan hehe,0.0
lagi lagi naik biaya ikut program gratis ongkir abis ntar nyusul lagi program promo extra naik juga,1.0
tidak suka aplikasi shopee,0.0
min mau tanyakn order thosiba official store pesan kirim kampung pake alamat adik pesan trima oleh adik tgl buat ulas beri bintang malam nya adik telpon orang mengatakn pihak shopee kata ulas langgar apa benar ulas langgar langgar nya mana kalau boleh tau order brng shopee udah sering baru kali kata ulas langgar,0.0
shophie dlm layan mudah dlm kembali dana banyak diskon shopee,1.0
biaya admin uda masuk akal buat gantung dlu telah babat abis beli jual lbh baik fair aja buat atur,1.0
moga berkah,1.0
udah beli level sini iya besti,1.0
hrga murah praktis barang rekomen,1.0
paket sering tunda padahal paket udh tangan kurir kadang sampe kali tunda kirim sama kurir nya tunda nya bukan krna udh sore atau udh malam kdg masih siang bolong paket nya aja gajadi kirim tunda besok padahl pernh sistem cod aplgi susah bayar dll tolong baik,0.0
parah shopeee sudah laku transaksi sudah kirim tapi tiba tiba paket kembali seller karna indikasi curang padahal hanya pakai vocer juga kasih shopee bukan laku curang klo seperti ngapain ngasih vocer klo ujung nya bisa pakai pesan batal sangat kecewa shopee percuma jdi langgan vip klo layan sampah seperti,0.0
tiap bulan admin naik ujung seller cekek mati loh kenapa sih shope gak mikir seller jual bisa laku apa admin tiap bulan naik order sepi,0.0
udah kali mesen tpi gah pernah dateng udh jls alamat nya mala salah kirim mulu,0.0
cara seluruh apk sangat bantu banyak orang bisa beli hampir apa tanpa harus kesana kemari namun mohon shopee bisa ketat atur para dagang khusus suku cadang kendara atau juga elektronik wajib beri judul atau pada deskripsi bahwa produk original atau oem atau odm atau aftermarket atau agar calon beli tidak bingung dalam pilih tentu,0.0
aplikasi belanja recomended bagus jamin aman mohon maaf ganti ulas voucher banyak tidak bisa pakai bisa pakai checkout beli tetapi tidak lama batal oleh sistem sendiri tidak bisa buat belanja diskon lagi apa dapat voucher aneh,0.0
mantap bisa belanja rumah lengkap apa saja,0.0
udah lama belanja dishopee,0.0
cukup menganggu yaa apalagi bagi iklan nya lagi baca wattpad tiba keluar aplikasi lalu masuk apk shopee pdhl mencet apa udh sering banget tiap menit sekali sangat sangat ganggu ada iklan shoppe,0.0
nyaman jual beli oke cuma sebel telah upgrade apk nya akun tiba hilang,1.0
bagus sih buat belanja tapi kek lambat banget kirim paket rumah terus bom sampai rumah tapi terang tolak beli kesel banget terus malah dibalikin jual udahlah gamau download shopee lagi kesel,1.0
aplikasi belanja online murah tapi cepat sampai barang nya,0.0
aplikasi shopee affiliate telah beri alam takjub mana dapat komisi tiap produk syukur alhamdulillah bisa tambah uang bulan terimakasih shopee,1.0
kemaren beberpa kali kena kendala mes barang tidak kunjung kirim sudah melporkan hal tapi tidak hasil,0.0
plis lah dibenerin cari apa keluar malah nike muluuu kesall,0.0
bagus tahan terus kualitas nya min jangan ubah kualitas nya mantap,1.0
makin bagus,1.0
commerce shoope banyak notifikasi janji untung nyata politik supaya belanja pon belanja hanya potong sedikit kami selaku konsumen butuh kualitas baik sesuai harga banyak inpo edar pesan tidak sesuai dgn produk pes tolong ketat robot shoope,0.0
overall aplikasi bagus bgt pakai buat belanja tapi kok banyak toko tulis cod tapi pas mau sen menu cod nya gmau sering suruh pakai spaylater mulu tolong bgt pihak shopee baik pdhal pernah nolak paket cod loh jadi tolong mohon baik suka bgt belanja pakai aplikasi pdhal tlong bantu,1.0
bagus namun perlu baik,1.0
barangx sesuai dgn pesan banyak voucerx terima kasih,1.0
shopee tolong dong baik lagi shopepay nya uang tanggal ketel gak kembali kalian janji mau balikin paling lambat tanggal april skrng udh lewat uang blm kembali,0.0
barang datang nya sesuai gambar kalau jadi rusa kita bisa kembali barang tanpa kendala,0.0
apl bagus cepat tepat tapi kurang kerja hantar msg atas nama shoope tolong koordinasi,1.0
baik shoope layan bgus apa lagi kalau barang nda sesuai bisa kembali,0.0
iklan mana bikin risih aja mending pake tiktok shop,1.0
dah lah tempat belanja tanpa drama,0.0
selalu belanja sini selalu puas beli shopee thanks shopee,1.0
barang sesuai,1.0
barang kualitas toko amanah harga murah moga sukses selalu lama nya,1.0
admin gak ngotak besar banget biaya admin kirim juga lama banget bolak balik aja gak kirim smp kota bolak balik aja,0.0
sangat puas sesuai deskripsi,1.0
muas kan mengunakan sopee food cepat layan nya tepat waktu banyak diskon,1.0
butuh keluarga bnyk diskon,1.0
parah sekarang belanja shoppe proses kirim slalu batal oleh pihak jasa ekspedisi nya slalu ulur waktu nya gak pernah tepat waktu lagi padahal udah tugas kurir nya selang berapa jam balik lagi proses kirim tangerang asli gak habis fikir daerah sukamulya padahal ekspedisi shoppe daerah sini banyak tapi begitu aneh,0.0
mulai bagus aplnya,1.0
shoppe sangat bantu sekali dlm embelanjaan mudah,0.0
dulu enak kirim nya cepet tpi sekarang lama banget minggu belum dateng paket nya,1.0
aplikasi jembot,0.0
cuma syg barang tiba dtg alngkah baik kurir info dulu klo mau anter pesan saja lain semua,0.0
sudah lama guna shopee tapi sering belanja shopee tapi ber daftar playleter tidak acc selalu gagal padahal data data daftar sudah benar semua,0.0
hanya keluh sih saat barang kerjanjang stok habis jangan hilang kita tetap bisa liat produk tapi gabisa cek out jadi mantau restoknya gampang,0.0
dapet toko amanah sen apa datang apa mana selisih harga lumayan lagi aju kembali barang udah aju tgl sampai sekarang barang belum jemput kurir lambat layan konsumen juga bantu jawab mulu mending toko belah mudah cepat,0.0
sangat nyaman aman bagi guna baru,1.0
belanja dishopee makin puas shopee uda gratis ongkir indonesia ingat ingat beli semua shopee gratis ongkir,1.0
aplikasi shopee kenapa dah paket tanggal sampai sekarang status pesan gak ubah antar tempat hanya satu kali habis gak datang lagi,0.0
bug nya byk aplikasi nya berat leg pula tolong update agar enteng program nya masa leg parah bug nya hadeh smga lebih baik lagi soal hrga telah ubah byk sesuai sangat kecewa shopee ubah,0.0
sekarang kirim lambat estimasi tanggal kirim ubah mulu kontak kurir pun gak jdi bisa hubung kurir,0.0
sopi selalu jadi langgan beli barang,1.0
aplikasi nya sih bagus barang dateng bagus terus cuman kenapa kalo mau cekout gak bisa selalu baca kek voucher gak bisa guna gak pake voucher juga tetep gak bisa cekout gimana dong min tolong baik lagi apk nya,1.0
semenjak kirim alih shoppe expresss estimasi kirim lama jadi males dulu waktu masih estimasi hari saja sampai bahkan lebih sering belum tanggal estimasi barang sudah sampai,0.0
sangat puas layan,1.0
lebih uninstall karna ketika kita ganti bisa login akun sama minta verifikasi wajah masuk gagal gagal terus bosan pakai aplikasi,0.0
tolong dong shopee baik tentang kulir nya selalu enak batal kan kirim laku esok hari suka enak tololng baik daerah karawang,0.0
aneh banget pake voucher gratis ongkir min belanja tapi gak bisa pakai tidak capai minimal belanja padahal harga barang mau beli asa dulu gak gin dah pun udh free ongkir,1.0
shopee hadir produk produk tarik harga jangkau terima kasih shopee pihak libat dalam aplikasi,1.0
tari dana jual harus hap jual sulit dana beku alas tidak aman padahal nilai tidak besar,0.0
puas dgn layan nya cepat terimakasih shopee terimakasih seller,1.0
belanja shopee memang ongkirnya mahal masak harga ongkirnya lebih mahal pada barang mau beli beli buku ribu total seluruh jadi ribu lebih mahal ongkir nya dajj,1.0
sudah retur paket tapi status tidak ubah kecancel otomatis paket sekarang malah hilang tidak tanggung jawab expedisi dichat live chat balesnya gak gak jelas lenyap uang lebih,1.0
banget jasa kirim nyaaa pokok nyeselll belanja shopee,1.0
alhamdulillah,1.0
shopee selalu beri layan baik optimal harga nya pun barang nya sesuai dgn kualitas,1.0
banyak iklan anj lagi asik nonton film iklan mulu mau pencet silang malah teleport apknya ganggu org nonton aja btw minta diskon min,0.0
hari belanja shopee banyak tipu tindak kriminal laku pegawai sendiri seperti anda blanja sini namun barang ngak sampai akhir minta transfer duit dulu baru barang kirim alamat anda biasa barang akan kirim kalau sudah transfer alas lain barang akan kembali jual padahal anda tidak pernah temu kurir tiba telepon masuk minta transfer duit agar barang anda hantar alamat anda jadi hati blanja sini,0.0
sangat puas bagus blanja shope,1.0
terimakasih shopee moga makin sukses terus belanja mudah ringan belanja pasar enak nya shopee bisa cek dulu barang nya takut tida sesuay,1.0
top markotp mudah belanja kaum rebah,1.0
sangat puas belanja apa pun,0.0
baik ramah lingkung,1.0
sesuai ekspektasi,1.0
masya allah baik,1.0
mohon maaf masih bintang kirim uang shopee tetapi shopee tidak masuk uang padahal riwayat transaksi sudah hasil,1.0
baru kali belanja kena tipu barang udah kirim balik tbtb acc beli duit barang gak dapet duit hilang kalau kayak gin shoppe malah pihak tipu pdhl sudah buat lapor tgl paket udah kirim balik tapi kirim tidak update kata suruh nunggu update gak update ujung nya hilang semua nyesek bgt alam buruk belanja shoppe udh hilang duit hilang barang juga cacat,0.0
kecewa shopee karna pakai exspedisi spx kirim barang udah hampir minggu paket luar pulau jawa belum sampai,1.0
top,1.0
sangat puas dgn produck pelayananannya,1.0
shopee gajelas rim,0.0
mohon maaf udah mengunakan shopee hampir tahun lama tidak kendala tapi baru kali pesan sekali pas tidak bisa ambil pesan dua terus batal kurir belum pemberitahuan lebih dahulu mohon baik wilayah kami,0.0
males belanja dishopee sejak kasus kurir bbrp cod mau buka dulu tdk blh krn brg sdh sepakat oleh jual batal kurir minta hrs bayar dulu pdhl cod buka dulu baru bayar kurir olok goblog ktnya cod bayar dulu baru buka krn tolak semua brg pesan dikembalikn gudang lbh baik cari toko dia ato tik tok krn tiap tekan tombol beli tdk cod pdhl deskispinya cod lucu tmn cod daerah,0.0
setting mesti kasih menu boot arti bisa pilih saat aplikasi pertama buka beranda video live dst tidak harus video terus jadi ngelag aplikasi masak sudah pindah mana suara video tetap aja bunyi keras suara,0.0
biaya tangan mhl,1.0
istimewa,0.0
biaya admin makin gila,1.0
top bgt sangat bantu utama pakai shopee payleter nya,1.0
shopee sekarang aneh mesen paket minggu sampe,1.0
belanja enak mudah banyak pilih kirim bagai metode bayar cuma kalau kalian mau ambil pakai spaylater mending pikir dua kali soal biaya cicilanny satu tahun lumayan gede misal belanja bunga nyampai,0.0
sangat bantu beli sesuatu susah cari pasti sini semua butuh,0.0
lama ngeselin juga bukan karna layan atau alam belanja tapi aplikasi asli mana muncul iklan dia mulu malah klo uda muncul iklan close makan waktu bgt please lah jgn asal naro iklan,0.0
sekarang makin turun kualitas jasa kirim spx shopee estimasi tiba sering ubah ubah bukan makin cepat malah makin lama sudah buat lapor jawab tidak solusi jawab selalu masih dalam estimasi update kirim juga kadang tidak tepat tolong baik nanti rating ubah kalau sudah ubah lbih baik,1.0
shopee adalah aplikasi belanja online sedia bagai produk harga jangkau lengkap promo tarik gratis ongkir metode bayar aman,1.0
kita berlnganan sejak lama disopee sopee endk oernh ngasih hadiah ama kita,0.0
mau komplain tolong baik kerja sistem kirim nya masak pesan antar kota harus lalu kota lain lebih dahulu tidak efisien kalau sudah sampai sortir tidak klo kota segera kirim bukan lempar kota lain baru muter dulu buang waktu,0.0
sangat nyaman guna aplikasi sangat bantu uang thx lot shopee,0.0
kenapa saldo hilang cara tiba tiba awal nya jadi padahal beli apa apa,1.0
trimakasih shopee belanja makin mudah muas,1.0
maaf baru tak kasih bintang nyoba dulu ehhh nyata murah polllll sampai gratis tis tis tis,1.0
buat barang selain celana semua benar mau beli celana tapi contoh pesan kesan beli kaya sesuai contoh deh,1.0
barang sudah lebih tetap lokasi ekspedisi sama padahal sudah hari pertama waktu barang sampai tpi lokasi barang masih tempat sama,0.0
sekarang kalau pesan suka lama kirim nya dulu kalau pesan paling hari sudah sampai sekarang paling cepat atau hari bahkan minggu baru sampai shopie tolong baik apalagi nama spx lama bgt,0.0
shope sekarang buat nungu paket aja bulan baru datang malah muter terus apa nda niat mau ngantar mending tiktok shop lebih cepat,1.0
memang shopee the best banget hrga jangkau barang banyak sesuai pkok nya slma shopee sngat membntu banget love shopee,1.0
akun batas alas tunggak spaylatter padahal belum daftar spaylatter sama sekali jelek sekali shopee jgn download,0.0
aplikasi sangat bagus sekali sangat bantu terimakasih,0.0
karna satu masalah blm selesai sempurna dua toko buat nakal kirim produk tdk sesuai skripsi satu dio elektronik satu mudie elektro dio sdh selesai minta tendang anggota sopee mudie blm selesai sampai saat ketika toko beri bintang satu maksute biar korban eee malah ulas sembunyi admin shopee olah olah lindung toko tdk jujur buat nakal,0.0
aplikasi bagus bantu belanja,0.0
kasus kembali dana retur tidak kunjung kembali kasus akibat salah shopiee sendiri lama hampir bulan tidak dintangani baik sampai ganti nomor pelporan bukti sudah lampir tapi tak pernah selesai,0.0
peras jaman moderen,0.0
shope skrg parah paket lama udh gitu harus dapet kompensasi tapi gabisa dipake dulu mah bisa dipake wlpun buat belanja murah skrg harus barang mahal baru kepake vocher nya gimana shopee makin hari makin lamaa paket nyampe,1.0
estimasi tiba ubah suka hati nggk responsibility nya sen tanggal stuck hari nggk update kabar estimasi sampai tanggal pas besok cek ubah jadi tanggal hari cek udah ubah lagi jadi tanggal harus kalo awal estimasi tanggal nggk boleh rubah lagi walaupun oleh shopee langsung buat apa jamin tiba tepat waktu kalo waktu sendiri ubah ubah supaya anggap tiba tepat waktu tidak amanah tidak konsisten nama,1.0
shopee kenapa sekarang susah mau daftr vip sistem eror terus tolong lah baik lagi agar bisa daftar vip,0.0
sangat bantu sekali dalam urus dagang kami bagi semua kalang tanpa pandang bulu baik modal besar maupun kecil,1.0
ngapain kasih vocher diskon kalo kaga bisa pakai,1.0
bantu banget sih tipe orang males banget belanja offline terimakasih shoope,1.0
akhir pesan sering batal toko kenapa harus pihak shopee lebih tegas hadap toko demikian kita beli sudah nunggu lama sampai masih belum dikirm besok lihat status batal kita kan rugi waktu kalau memang kosong jangan cantum paling tidak kita beri info kalau stok tidak cukup agar segera kita batal cari toko lain rubah bintang kalau sudah baik maaf terimakasih,0.0
membanti banget,1.0
sistem bobrok,0.0
good file bagus,1.0
beli paket guna shopeepay otomatis barang sudah masuk milik paket pesan masuk kategori fargile barang mudah pecah bisa bisa hub akhir harus rok hulu malah dumai atau salah sortir kata nya kenapa bahaya poin paket masuk harus ngga jadi tidak efisien waktu poin paket say resiko tindih atau rusak lebih besar poin mereka janji pukul malam proritas kan tapi cuman janji man,0.0
tinggal daerah depok jatijajar sudah bln lalu tiap sen paket slalu bolak balik depok cilodong hub terus aja slalu muter situ lama minggu baru nyampe rmh sempet mau bikin akun lagi karna rasa oknum sengaja hafal alamat ntah salah apa paket dateng saja jika cod slalu lebih tapi nyata tetangga juga sama alami jadi seperti inti semenjak shopee kerja sama spx layan nya banget,0.0
shopee pilih utama belanja online,1.0
terlalu banyak biaya mulai biaya ongkir biaya layan tambah lagi biaya tangan khusus selain voucher juga terlalu banyak masa waktu pakai batas bahkan hanya muncul sekian detik tiba tiba tidak bisa guna alas habis ibarat voucher seperti hanya promosi abal abal,1.0
aplikasi sampah terlalu banyak dagang tipu lapor shoppe bukti sangat jelas tapi tidak tanggap satu gubris dagang masih saja normal bedagang seperti biasa saran lebih hati sama produk jual sini lebih banyak palsu youtube sudah banyak riview silah liat baca lagi kalau mau belanja sini memang mudah jual barang palsu aplikasi aplikasi sampah,0.0
toko yng salah kirim konsumen nonaktif vitur codnya,0.0
awal emang bantu dalam belanja begitu ketemu problem asa kurang fear bayar dgn mudah singkat pas ketemu barang beli tidak fungsi tidak mudah saat bayar kurir lambat tidak sesuai jadwal sampai blom pick saat kembali gilir coba opsi antar sendiri nyata waktu kita kembali lebih batas lewat waktu auto batal oleh sistem,0.0
shopee harga nya paling murah tapi kualitas the best,1.0
gak tau ngomong apa lagi masak proses kirim hari seriuss udah sering lhoo emang cuma cari untung doang yaa sampe gak bisa benerin masalah kek gin,0.0
aneh sih direview tapi bilang langgar bahkan ancam tutup akun kena sanksi padahal beli review sesuai barang beli agak lain sih sumpah pindah apk lain deh,0.0
bagai jual ngirim paket tapi paket nya maling sama kurir shope nominal mya kecil lebih pas tanyain shope nya hilang mau tanggung jawab apk gajelas jngan ngirim paket apk kerja lalai gada tanggung jawab sama sekali,0.0
silah ber alih comers lain kirim sangat buruk tidak tanggung jawab saat paket masalah hati hati belanja shopee,0.0
kecewa spaylater nya tagih telat minggu sudah bayar semua tagih tapi spaylater langsung beku sudah bulan lebih tetap masih beku sudah kirim email tetap tidak maju maju nya doang,0.0
shopee indonesia sangat puas layan harga murah tapi kualitas baik kurir juga sangat ramah,1.0
shopee sangat bantu belanja mudah tanpa harus keluar rumah semua produk butuh semua shopee sangat senang,0.0
masak vocher diskon kaga bisa dipake gmn sih,1.0
terimakasih shopee telah mudah butuh kita,1.0
udah kecewa banget shopee sekarang pesan masih ngesctuck kota sebut shopee food tolong banget dah min ngasih harga ngotak dikit trus drivernya dapat toleransi dikit min,0.0
shopee lama lama kenapa jadi bego driver banyak bgt males anter apa ongkos murah,0.0
selalu gratis ongkir harga lebih murah terimakasih shopee tahan sangat nyaman baik shopee,1.0
sangat bantu sekali,0.0
aplikasi tapi tiap ngetik cari selalu alih iphone,0.0
terimakasih shopee atas bantu sehingga bantal cinta bantal guling jumbo bisa pake malam sekali lagi,0.0
layan costumer service buruk apk paling buruk,0.0
aplikasi aneh rugi sisi,0.0
rela hapus aplikasi lain demi kmu soal mau diskon produk,0.0
apk shopee sangat oke,1.0
cepat efisien kurir ramah barang sesuai deskripsi,1.0
aneh banget deh kok makin lama apk makin berat aja yak mana banyak banget lagi vidio promo gakjelas dah kaya apk belah aja mana kadang suka logout lagi akun gakjelas banget dah ulang,1.0
aplikasi shopee sangat bagus barang sesuai ingin tidak kecewa antar barang tepat waktu pokok puas banget belanja aplikasi shopee,1.0
kalo buat iklan tombol nya gedein cape liat iklan shopee mulu kalo mencet selalu buka shopee mending kaga usag bikin iklan,1.0
mantap banyak diskon terimakasih shopee indonesia,1.0
banyak pesan datang tidak sesuai video atau gambar,0.0
aplikasi shopee sangat baik,0.0
tidak bisa masuk akun lagi,0.0
sangat amat guna bangettt,1.0
ngeri kali lah kalian masa iya beli barang jakarta pekanbaru estimasi sampe hari padahal pake standart bukan hemat tracking kata cuma butuh hari pas nnya butuh waktu hari gilaa gilaa udah makin jauh lah rasa pulau jawa sama sumatra nampak yaa,0.0
kirim lama kemas aja sampai dua hari kerja,0.0
aplikasi bagus,0.0
kak rasa kesal shopee krn cmn tolak paket tdk bayar cod minta tolong kak tolong diperbaikin sngt kecewa bngt bngt,0.0
mantap jiwa kak banyakin voucher diskon dong,1.0
kirim aman cepat kurirxa amanah,1.0
selalu puas belanja sini terimakasih shopee,1.0
muas ongkirnya murah gratis ongkir,1.0
baru minggu diupdate lagi ehhh malah parah nih shopee harga tiap toko jadi pada ubah pada pindah harga bukan nya naik lagi adeuhhh mending uninstal dulu lahhh kalau begini pindah mungkin aplikasi aplikasi belanja line lain kalau makin mahal mah harga,0.0
nice,1.0
shopee emang aplikasi belanja online favorit mudah guna banyak promo tarik kirim cepet banget suka banget fitur gratis ongkir nya hemat banyak layan customer servicenya juga responsif pokok shopee the best deh kasih kalau promo spesial buat janji akan belanja lagi,1.0
keluarga gua semua guna shopee kali gua suruh uinstall semua cicil udah lunasin tapi mau minjem lagi gabisa,0.0
amanah muas belanja shopee,1.0
tolong dong sophee jangan muncul iklan aplikasi lain jangan maksa buat nonton iklan nya contoh youtube atau aplikasi lain maksa banget buat nonton iklanya,0.0
sangat puas belanja sini,1.0
apk nya mantap muas cuma pengirimanya lama bangeut,0.0
estimasi sesuai jadwal mantap bro,1.0
apa shopee kenapa sekarang kirim nya lama banget udah minggu paket belum nyampe juga padahal biasa cuma sampai hari juga sudah datang sekarang lama terang pesan siap antar malah balik lagi transit,0.0
mau check out barang tiba aplikasi malah kembali halaman utama terus terus bukan sekali dua kali tolong baik,1.0
kenapa tidak bisa cod lebih pesan,0.0
iklan nya ganggu padahal pencet shopee nya,0.0
kenapa langgan shopeepay tidak bisa batal kan,0.0
percaya jamin cuma tingkatin lagi supaya tipu dalam shopee nya mohon sistem operasi bisa cepat mungkin,0.0
aneh top emoney bayar sudah hasil tapi tidak bisa update saldo bubar aja udah,1.0
aplikasi sangat bagus sampai ingin banting karna saking senang gara iklan hampir bunuh diri,0.0
good tidak pernah masalah,0.0
kirim lama estimasi sangat lama alias minggu masalah sama selalu jadi minta bantu pada sempat bantu tapi tidak dapat selesai masalah sebut alas terlalu banyak bikin muak hal lagi kenapa lebih mahal ongkir banding harga barang contoh palembang palembang tapi ongkir nya lebih ribu rupiah sedang harga baju nyesel banget makek shopee,0.0
rekomendasi buat semua,0.0
upah driver shopee food shopee paket terlalu murah banget,1.0
always sukak cuman tambahin donk diskon apalagi shopee food nya gedein lagi diskon nya min,1.0
alam pernah kecewa belanja shopee makin sukses selalu,1.0
aplikasi sangat bantu,0.0
akun udh sudah pake vip belanja pas tanggal batal semua karna duga laku aktifitas tidak wajar sampe gak habis fikri kalo emang gak bisa ngasi promo mending gak usa promo,0.0
kurir kurang tanggung jawab barang terima ama kurir duluan dngan alasanga sempat antar bilang mau antar bsoknya sampe skrg koq blum antar sudah dua hari harga berapa cuman tanggung jawab,0.0
kurir expedisi nya sekarang lebih lama data bisa hampir minggu,0.0
belanja apk mana pun selagi jual kulir nya jujur senang sekali,0.0
beli barang dateng pas komplain kurang jadi lewat kan buat kembaliin barang,1.0
top lah pokoe,1.0
kecewa banget sama kirim nya kacau banget udah sistem bobrok bat sistem kemari apalagi pas puasa lebaran sama abis lebaran tahun tolong deh lebih memamusiakan kurir orang ekpedisinya jadi ngga tinggal kabur paket stuck hari lebih krn karyawan pada ngilang,0.0
sudah taun taun belanja shopee semenjak kirim spx kirim makin lelet dulu ninja jne jnt paling lama hari sekrng jakarta cirebon baru nyampe minggu gila gak tuh kalau gak niat buka jasa kirim udah tutup aja tuh spx,0.0
aplikasi nya bagus,0.0
maaaaaaafff shopee indonesia baru lagi ulas kurir antar paket sekarang tidak cepat dulu pada waktu masih express sekarang malah makin parah pdhal status kirim barang sdh antar pagi sekitar jam lapang aktual nya sampai malam jam kdg sampai jam barang bru terima langgan tolong baik kerja kurir spx expresss lot,1.0
shopee sangat bantu dalam blanja online servis bagus kurir nya shopee pun baik sangat suka sekali belanja dishopee,0.0
shopee tolong baik kualitas mulai banyak bug aplikasi promo tidak bisa guna utama kirim kalau bisa buka kirim harus bisa juga dong kasih alam bagus jasa kirim jelek bgt jujur udah banyak loh jadi paket hilang paket sudah stuck hari tanpa jelas paket retur tidak ambil paket tiba tiba cancel sendiri jalan padahal kalo pake jnt dulu gaada tuh alam kaya gin mana biaya admin gede bgt,1.0
seperti ilegal,0.0
shopee baik lengkap banyak disko terima kasih sukses selalu,1.0
shopee aplikasi sangat cepat seller amanah kurir ramah mantaf trimakasih shopee sukses slalu,1.0
kalo bisa aplikasi bikin lebih ringan karna sering lag,1.0
sesuai pesan sangat puas,1.0
poko nya shopee dhe best,0.0
splaytaler good,1.0
trmksh byk bantu dalam belanja online sangat detail terang nya,1.0
mohon maaf besar besar pihak shopee mohon segera baik khusus bagi kirim spx sangat kacau sekali banyak keluh masyarakat paket stuck lambat hilang,0.0
toko gak tepat waktu dalam kirim sampai lewat hari estimasi,1.0
komen dulu emang dah belanja sinj,0.0
aplikasi nya bagus tapi gak bisa klaim chat gpt gratis bulan shopee vip baca kode telah habis coba lagi besok,0.0
alhamdulillah bagus layan,1.0
bagus beliin geme bot anak bagus,0.0
mau aamiin,1.0
tolong dibenerin dong masa gagal masuk akun cuma gara gara verifikasi muka cuma gara gara cukur rambut pendek sama kumis gagal terus mana saldo shope pay,0.0
cepat amanah,1.0
min shoope gratis full game,1.0
shopee the best poko,0.0
aplikasi lemod sen shopee food tiba tiba udah pesan tanpa guna promo yakali beli nasi uduk ribu lebih menu batal tidak harus hubung customer service butuh waktu batal menit keburu driver jalan akhir nya gabisa batalin,0.0
tempat belanja semua butuh kita,0.0
kapok belanja sini kurir shopee express spx serang hub sangat tidak profesional paket tunda kali kali alas palsu beli jadwal ulang padahal standby rumah status kirim manipulasi terus kapok mending pindah aplikasi belah kurir lebih jujur,0.0
sangat puas shopi dulu karna dulu belanja shopee harga sangat murah dang sekarang udah dapat gratis ongkir juga,1.0
terima kasih atas servis,1.0
bagus kualitas,1.0
kembali cpt tdk ribet responnya baik kirim cpt kurir baik,0.0
iklan nya terlalu,0.0
semua barang ingin seller gercep kurir ramah harga jangkau semua top markotop,1.0
sudah lama bagi cari shopee food bikin emosi sudah capek ngetik keluar diarahin otomatis shopee belanja selain baru sadar harga makan parah banget ribu diskon jadi paruh harga jadi nyata waktu nerima struk habis cuma aja jarak jauh banget total biaya shopee paruh nya sendiri,1.0
lot parah tolong update lagi udh update baru masih lot coba baik lagi tunggu update nya min pokok masalah lot nya semua orang juga sama lot pake shopee,0.0
layan kurang bangettt estimasi kapan kirim kapan tolong dong baik lagi sistem,0.0
alam lama belanja shope senang banget apalagi gratis ongkir nya suka,1.0
luar biasa sya puas sangat bermanpaat percaya bisa andal tidak pernah kendala proses semua lancar tebaik antara proses mudah cepat,0.0
kirim kalau bisa sampai tuju batas kirim tambah lagi,0.0
selalu puas belanja shopee,1.0
shopee semua serba banyak discount,0.0
suka banget sama shoppe belanja sesuai gambar dapat voucher,1.0
barang selalu sesuai ekspektasi banyak promo,1.0
masalah akun affiliate data sudah bisa atas jalan lancar kembali layan shopee juga cepat tanggap bantu aplikasi sangat bagus bantu banget buat cari cuan sukses terus shopee,1.0
sekarang benci gua sama shopee kirim sekarang jadi lelet minta ampun tidak seperti dulu,0.0
lebih mudah cari barang suka,0.0
harga murah,1.0
jasa spx lama sekali,0.0
kasih bintang sekarang kirim lambat luar estimasti terus voucher garansi cuma minimal beli tidak tindak ekspedisi tidak cuma sekali paket lambat bahkan batal tidak jadi kirim tolong dong shopee baik lagi tegur ekspedisinyaaaaaaa,0.0
kurir mau antar paket akun shopee nonaktif terima cod kan aneh kan stemen sperti,1.0
good aplication easy use,1.0
sudah beberapa kali aju spaylater tetap sajah tidak bisa,0.0
pokok top,1.0
kirim makin lama kagak kayak dulu,0.0
jujur suka bangettt sama shopee banyak banget promo nyaaa,1.0
shopee memang sangat bantu belanja jadi mudah apa shopee,0.0
jangan belanja shoope kirim sangat lambat mending belanja toko dia lazada hari hari sampai,0.0
sangat efektif efisien,1.0
terimakasih buat apl shopee apl mudah cari perlu rumah dll syukaa btg sama apo,1.0
mantap cepat sampai tiap barang pesan sangat puas,1.0
puas,1.0
sekarang sudah lancar tidak ngeleg seperti belum belanja pun jadi nyaman,0.0
apaansi iklan sampe depan depan gin gajelas ganggu tau,0.0
mantap sukses selalu shopee salam degn owner shopee pada panjang umur sehat selalu manfaat alam bumi,1.0
belanja rumah aja,1.0
pengirimann spx tolong bagusin masa psen brg tgl tgl udh gudang akhir tpi smpe skrg tgl update customer service dicht malah gbisa tidak dapat layan klu bgtu ngapain bkin fitur cht gua terima kalau tiba status pngiriman jadi barang hilang,0.0
layan anter semua buruk kaga sesuai estimasih sudsah tetap padahal cash beli bukan cod tuju alamat atar malah pending poto poto dus nya tutup poto dua dus nya buka gimna shopeeeeee benanhi dah sistem gjls layan anter semua buruk kaga sesuai estimasih sudsah tetap padahal cash beli bukan cod tuju alamat atar malah pending poto poto dus nya tutup poto dua dus nya buka gimna shopeeeeee benanhi dah,0.0
enak banget belanja shoope harga nya jangkau kualitas nya bagus tpi juga toko gak amanah gak sesuai pesan,1.0
kendala tari saldo shopee tapi saldo tidak masuk rekening terima sudah hubung suruh isi webform telah isi webform suruh tunggu jam belum jam pihak shopee kirim email jawab bahwa transaksi sudah hasil inisiatif sendiri pergi bank kait hasil nihil tidak saldo masuk rekening terima selesai bank hubung shopee kembali balas silah isi webform lagi tidak solusi lain,0.0
kurir spx lama tolong baik cekout pagi kadang malam datang kadang sampai kirim selalu gagal baik mek,0.0
sangat baik muas belanja shope semua jadi mudah,0.0
mudah belanja transaksi sangat bantu thx shopee,1.0
shope sebenernya bagus tapi jelek baget expedisi spxnya rumah cuma jarak drop point paket ambil langsung bisa udh sampai drop point nganter paket mesti sore pokok paling jelek,0.0
lately everything getting messy constant delays slow deliveries recommend buying directly from the store instead through shopee shipping super slow seller responses are unclear even official stores can rude and sometimes the shipping cost ridiculous like the price the item much for free shipping,1.0
baik lagi yuk gausah shopee video kali biar lot juga buyer bebas pilih ekspedisi sesuai ingin,0.0
nama kurir mau nganterin gak tera kurir juga gak chat jadi gak tau kapan pasti nya barang sampai uhh jelas kurang suka sama nih apk dah lah tunggu barang satu lagi sampai nntik hapus lagi deh apk nya ngeselin bangt,0.0
jelek return juga sulit paylater sulit sen barang sulit,0.0
selalu tingkat layan jauh lebih baik lagi,0.0
stop pls aplikasi boleh kirim cepat tapi cara iklan tolong jangan paksa orang buat mendownload aplikasi iklan sampah sampai palsu tombol skip lalu terlalu banyak fitur sampai hpku patah karna aplikasi mau aplikasi dowload usaha kalau iklanya jangan cringe palsu tombol skip tambah terlalu banyk fitur banyak scam tolong iklan kreatif dikit jan dikit palsuin tombol skip foto tiktok,0.0
sohpe jelek gak bagus sekarang kirim kurir selalu gagal mulu,0.0
lama lama males sen dishopee kirim lama datang gak kaya tiktok cepet datang,0.0
pesan selalu tidak benar kirim nya muter trs sudah paket seperti semua nya lewat estimasi trs,0.0
masalah beli mau hubung susah sudah nunggu lama antri malah bilang tidak aktif ribet susah malah bot jawab,0.0
belanja shopee sangat mudah praktis semua kita cari sini harga jangkau terima kasih shopee smga sukses selalu,1.0
spx jelek lelet,0.0
makin ancur costumer service nya,1.0
semua cari murah banyak pilih bagus,0.0
shopee food susah banget dapet driver drivernya masalah apa akun masalah padahal lama pakai shopee far good banget cuman sekarang jujur jelek banget dapet driver kadang plenger kadang gak jujur gak dapet driver sampe kadang cancle pernah dalam hari dasar driver shopee gak kompeten semua,1.0
bagus aplikasi nya beli barang dll,0.0
tepat waktu retur respon cepat,1.0
aplikasi tarik,0.0
makin sukses jaya,1.0
kurir bisa gak kalo panggil tuh kenceng dikit kalo misal jadi hari kirim besok jangan lusa dong,0.0
bagus banget,1.0
sangat rekomendasi,0.0
tingkat kembali komunikasi dgn jual agar pesan cepat sampai tuju beli,0.0
kenapa shopee pas pakai makin lama makin berat,1.0
potong besar sekaliiiii,0.0
jauh aplikasi belanja online masih duduk oleh shopee nomor satu barang barang order gak pernah kecewa selalu repeat order toko aplikasi shopee semua amanah pokok nya shopee selalu nomor satu baik,0.0
kalau shopee sudah tidak ragu lagi pasti joos,0.0
sangat bantu nya aplikasi shopee,0.0
sangat bantu sekali dalam belanja,0.0
punya akun baru kok gabisa login,1.0
blanja lebih praktis,1.0
baru sadar klo biaya admin biaya layan seller sangat tinggi sehingga akibat untung seller sangat minim jujur sangat cekik seller udah sehat biaya admin biaya layan,0.0
barang sih bagus sih sesuai knapa bereket nya hitam harus nya merah,0.0
shopee food layar putih hadeuh,0.0
plis deh kalau mau promosi spinjam jgn nyampah semua aplikasi iklan spinjam mau liat drama tiap episode harus liat iklan spinjam kagak ikut pinjem uang ikut liat iklan pokok udh muak bgt sama iklan klen,0.0
bohong ngk,0.0
bintang tengah kah jelek banget layan shopee pesan stuck hari udah chat kata suruh sabar estimasi tiba tanggal april sekarang udah tanggal masih belum kirim chat lagi bilang harus sabar sabar sabar aja terus paket isi ikan hidup masalah shopee,1.0
kasih bintang aja skrg pke shoopepay gratis ongkir sedikit skrg dah brp hari juga nambahan baru kecewa sama shoope skrg,0.0
yuk shopee banyak buat lebih sering lagi diskon makan alat butuh hari hari lain belanja diskon sangat bantu bagai kalang bawah sangat bantu hemat uang ekonomi kami masih banyak jual tipu apk video bukti kek gak terlalu bantu buat jual tipu kapok tolong tegas,1.0
oke senang kan,1.0
sayang shopee pay ngga bisa harus top dulu guna pay later bayar nanti suruh bayar skrg,0.0
info pesan nya update lahhh minggu tunggu gak update datang tiba tiba gak sesuai estimasi putus kontrak aja spx kerja sama ama ajjjjaaaa bagus,1.0
bagus sangat bantu buat belanja online minus apknya terlalu makan ram memori,0.0
aplikasi bantu,0.0
ongkir gratis tepat waktu,1.0
kenapa perihal kirim jadi lelet gin padahal dulu hari udah sampe sekarang jadi lelet parah masa mau kalah sama platfrom belah,0.0
shopee memang tipu barang tidak sampai sampai sudah minggu jangan beli shopee kurir tipu gak tindak lanjut barang tidak sampai uang hilang layang,0.0
apps online paling top saat,1.0
belanja mudah murah lebih banyak punya seller amanah,1.0
kirim cepat sesuai,1.0
baik saja,0.0
jasa kirim nya jangan spx dong telat mulu,0.0
semenjak spx shopee punya ekspedisi sendiri kirim jadi super lamaaa bisa bulan paket paket juga minggu tiba hilang trus pake jarang sekali antar tepat waktu tiba estimasi ubah sendiri kalo rasa belum mampu punya ekspedisi sendiri jangan gegabah jangan mampu bayar iklan tinggi tapi kualitas sangat jelek pernah kasih rating jelek aplikasi tapu turut shopee sudah sangat terlalu,0.0
sudah bagus cara imbang nya harga juga sahabat hanya saja proses kirim saat sampai transit sangat lama utama semarang enak sendiri lebih hari terus barang baru sampai pun tidak gera tidak informasi sama sekali tapi telah lebaran baik signifikan amanah selalu shopee,0.0
sekarang tinggal tangerang makin sini kok kirim makin lama lama lebih estimasi padahal mas sekitar jakarta tangerang kirim heran shopee anehhhh terlalu waras sih kalo pikirin tapi kalao kirim jawa tengah malah cepet cuma hari nyampe apa tangerang jakarta lebih jauh jakarta jawa tengah atau kurur nya terlalu malas yah,0.0
sangat puas blnja shopee,1.0
tolong buat shope toko toko nakal harap blokir,0.0
baru pertama kali salah alamat nya belum nya aman aja padahal pake titik maps nya shopee,0.0
aplikasi saat sangat berat sering crash,0.0
bagus moga komen bantu,1.0
kirim lambat barang sering kecewa tidak sesuai harap banyak seler tipu,0.0
puas mosok nggak moga bisa tahan atau lebih tingkat layan,1.0
tidak jelas bila dapat komplain,0.0
sangat tidak puas kadang pesan sering gak nyampek padahal edmenasi tiba sudah tera,1.0
ekspedisi lot ngerubah estimasi datang enak jidat jauh kata profesional kompensasi lambat ganti sama voucher ribu padahal rugi gara lambat lebih,0.0
wooowww keyenn memidahkan transaksi dgn aqounting,1.0
cari produk spesifik jangan muncul macam maksud sesuai minta cari produk,1.0
belum dowloud moga bisa,1.0
lumayan lahhh kadang juga barang palsu,1.0
oke baik,1.0
murah amanah,1.0
najis banget lama kirim nya dih makin kesini makin burukkkkk dalam pengirimab,1.0
kenapa shopee pakai spx bagai ekspedisi kirim sering lambat tidak gera tidak kurir tugas bisa hubung pesan tidak kabar berita status pesan semua sedang dalam antar padahal sudah hari sedang gudang akhir hanya rumah kami,0.0
bgus gue aju tanya malah jawab mulu jir,0.0
sangat puas belanja shopee,1.0
aplikasi ribettttt,0.0
tidak suka notifikasi nya karna sangat ganggu,0.0
bagus banget anti kecewa,0.0
sistem bobrok tidak jelas rugi semua pihak,0.0
shopee kenapa yaa tiba tiba cod nya nonaktif kan padahal baru minggu masih bisa sistem cod nya pakai juga kalo masalah paket retur pun baru satu kali pun bukan retur nya kok bisa tiba tiba cod nya nonaktif tolong dong sistem cod nya jngn nonaktif dong pihak shopee soal tidak biasa klo nggak pakai sistem cod mohon bantuannyaaaaaaaaaaaaa,0.0
shopee top,1.0
aplikasi tingkat bagus mudah guna gak lot banyak promo diskon gratis ongkir barang cepat sampai kondisi packing bagus moga shopee jaga kualitas baik terus layan,1.0
senang belanja shopy bnyak promo voucher sejak program subtotal kirim khusus bkin kurang nyaman,1.0
benar apknya bagus tapi iklan nya bikin emosi,1.0
kendala bgn bisa konfirm pesan ngerating klo lain jauh aman,0.0
benar shopy bagus cuma jasa kirim kurang akurat tak seperti kemaren lebih cepat,0.0
terima kasih cover bawah mesin brio sdh terima dgn baik,1.0
kembali akhir tulis tgl jam akhir juga pasti pikir tgl jam kan masih tgl sdh selesai sendiri tolong baik kalo emg slsai tgl kasih tau tgl jam akhir buat orang rugi kesel bgt dah,0.0
kereenn ngebantu babgat buat dagang kecil kaya,1.0
moga makin cpt untk kirim barang harus jaga biar kualitas aman sampai konsumen,1.0
instan instan dong malah jadi samday tolol ngerugikan semua pihak doang untung,0.0
love banget,1.0
kirim lama padahal dalam kota dekat udah hari barang engga sampai kirim mas terus mau ngambil dcnya aja kata engga bisa karna bukan ambil tempat milihnya tapi barang mentok sana,0.0
argo nggak ngotak aplikasi jahat rampok dpt order antar argo bawah kan laknat customer bayar ongkir normal,0.0
sangat puas shopie aman beli makasih,1.0
makasih min sudah kasih limit buat mau nambah limit belum bisa buat beli nya saran min tolong buat toko shopee suka tipu buat system report buat para beli pernah tipu toko sebut lebih toko jual kartu perdana operator tipu semua,1.0
hebat,0.0
pesan sesuai order aman muas,1.0
mantap banyak promo,1.0
bahan bagus ukur sesuai kirim cepat terima kasih shopee,1.0
suka banget apk oren selalu voucher gratis ongkir jadi tmbah murah belanja sini,1.0
kurir cuman kirim lama stiap pesan dri sopee harus nunggu lbih minggu,0.0
mudah praktis semua butuh sedia mantapp poko,0.0
oke,1.0
bantu sekali,0.0
apk nya oke,1.0
nice bgt,1.0
bagus pas banget,1.0
kasih bintang meski kadang meleset dri tanggal antar tapi selalu smpe moga depan nya makin cepet,1.0
pesan lama bangt datang nyahh,0.0
guna harga murah bangett shopee banyak diskon kirim gratis lagi,1.0
layan ramah paket lancar sesuai harap peking rapi,1.0
gantung toko bukan gantung cuan lah wkwk,0.0
aplikasi bosok,0.0
layan shopee nya bagus sering bnyak diskon juga tapi kurir spx nya seperti gak niat kerja paket slalu tunda udah brp kali paket sering tunda mohon tingkat kan lagi layan kurir nya,1.0
hapus jasa cepat tidak guna barang lama tahan tidak tanggung jawab atas kerja kerja nya,0.0
mungkin dulu bagus tapi sejak aplikasi jelek banget sekarang kirim barang sering stuck lokasi kota sama pun lebih hari bahkan udah ngalamin pesan stuck sampai minggu belum sampai abis uninstal aja,0.0
udah verifikasi identitas shopeepay dllnya tapi masih aja gabisa digunain mesti tolong baik sistem bukan mudah malah sulit,0.0
banyak produk segala macam butuh kita sini dgn harga kompetitif byk promo sukses selalu,1.0
penguna shopee vip alhamdulilahnya belum pernah kendala moga makin kembang shopee tingkat terus shoppe,1.0
shopee sangat bantu kita belanja rumah aman amanah,1.0
mohon maaf tapi fitur coba virtual kurang guna ulang kali masuk tinggi badan berat badan beda namun hasil siluet selalu sama model catalog hanya pose wajah saja beda padahal lebih baik sesuai panjang item asli seperti tulis info katalog moga depan kembang terima kasih,0.0
belanja sangat mudah pasti ori udah begitu harga nya banyak promo besar,1.0
shopee kenapa sih pakai jasa kirim sama anteraja jasa banyak keluh komplain daerah udah pesan tanggal kabar masih jakarta semua belum gera,1.0
makin kesini makin gila sih karna tambah kirim subtotal khusus masa iya subtotalnya capai lebih harga barang emang gak ngotak kalu begini cara susah seller konsumen,1.0
nya tolol suruh nya cepat pesan malah pesan batal kata nya aneh aneh,0.0
masih baru gabung jauh sangat bagus mudah mudah istikomah oke telah gabung beberapa bulan rasa betah sini perlu tingkat kirim toko belah lebih gercep dalam kirim shopee ajar sabar oke shopee terus sudah baik,1.0
sesuai pesan bagus barang nya,1.0
sudah hampir tahun guna shopee aplikasi belanja online bagus banyak pilih jasa kirim tentu banyak voucher juga hal tsb buat setia hanya guna aplikasi belanja online shopee saja lama namun akhir akhir kecewa pada fitur subtotal ukur khusus biaya nya bahkan tengah harga barang awal pikir fitur hanya sementara tapi nyata sampai sekarang tetap,0.0
commerce percaya tahan lagi puas langgan,1.0
terlalu banyak tipu aplikasi belanja paling banyak toko tipu solusi sangat tidak bantu,0.0
amanah layan bagus,1.0
kenapa aplikasi selalu loding lama,0.0
selalu amanah mantap,1.0
free ongkirnya,1.0
moga sering banyak flash sale kualitas mantap,1.0
aplikasi sampah ngapa ngapain blokir,0.0
sen lebih amanah lagi biyar beli puas,1.0
aplikasi oke malah rusak sama xpedisinya sendiri becusss lemott semua,0.0
sangat bantu produk ingin kita beli jangkau seluruh indonesia utama tempat tinggal moga shoppe indonesia makin maju sukses terimakasih shoppe indonesia best anywhere,1.0
kirim paket lambat sudah minggu belum sampai juga,1.0
belakang ekspedisi shopee rada aneh beberapa paket tunda padahal kurir nya belum memberitahu tapi mas cek paket nya udh tunda alas paket tolak beli,0.0
kirim paket hari mesen tanggal maret sampe april paket pun bom nyampe parahh bangett shoppe,0.0
barang nya sesuai harga,1.0
alhamdulillah sangat bantu shopeecare nya sangat bantu bisa beri solusi baik admin live chat nya,1.0
shopee mantap banyak gratis ongkirnya,1.0
kirim agak lambat,0.0
murah riah,1.0
enak belanja sini tambah lagi shopee paylater cicil,0.0
makin susah dapat driver kadang paket gak sampe makin gak jelas,1.0
busuk bisa masuk,0.0
maksa bet iklan nya aplikasi mana aja sama web mana aja selalu iklan shopee emang anj ganggu mulu padahal udah aplikasi nya,0.0
banyak iklan tbtb masuk apknya sendiri gak sopan bngt enak enak nonton tbtb masuk live sendiri mau apas rangin tuh iklan kalo bisa gausa iklan rusuh bngt,0.0
banyak even discount cepet juga kirim,1.0
shopee kenapa selalu tiba muncul pas lagi buka google padahal mencet iklah shopee sekali pun tiba suruh masuk keapk shopee terusss tolong baik iklan strs,0.0
shopee emang juara top markotop,1.0
kondisi baik normal jaya pokoke joss,1.0
tonton video tidak dapat poin,0.0
aplikasi nya oke cmn shope paylaternya gabisa pke lagi beku terus padahal gaada tunggak apa,0.0
langgan amanah maa syaa allah sukses selalu,1.0
shopee aplikasi belanja online paling okee,0.0
minimal ram apk terdownload shopee driver apk shopee indonesia,0.0
spay later bunga lambat gede banget,1.0
sangat senang semua kita butuh shopee pokok baik,0.0
shopeefood nya ngga banget susah banget dapet driver,1.0
puas belanja sini terima kasih pak kurir selalu ramah,1.0
selalu puas dgn layan shopee,1.0
shopee keren buat transaksi nyaman,1.0
gak jelas tiba tiba akun keluar sendiri padahal gak apa apain tolong baik lagi padahal lagi cek out ehhh malah akun keluar tambah suruh login lagi,0.0
cocok mau beli barang apa,0.0
barang sesuai iklan gambar lbih murah toko offline bisa blnja rmah,1.0
guna kalau beli apa beli shopee,0.0
shoppe sekarang kirim nya lelet banget apalagi kalo beli luar kalimantan kaya jawa jkt dll,1.0
oke shopiing,1.0
banyak toko tipu,0.0
lebih murah bikin puas,1.0
tolong pihak shope sembunyi jual sudah tidak aktif atau sudah lama tidak online saat beli barang dalam kirim tapi bulan lebih ngak sampai sampai memang toko sudah tidak aktif bulan akhir untung ngak bayar langsung jangan buat guna rugi satu lagi buat ulas kurir mau minta uang parkir padahal sudah masuk pajak masih aja minta uang parkir,0.0
aplikasi sampah,0.0
baguss banget jangn lupa dowlod kalian,1.0
sangat amat kecewa layan langgan telah lapor jual tipu antara deskripsi produk produk kirim tidak sesuai sama sekali sedang cek riwayat lapor malah kosong melompong,0.0
kalo bikin promo niat lah,1.0
tidak dapat terima notifikasi notifikasi terima apabila aplikasi guna tolong baik,0.0
kalau barang tidak sesuai gampang dalam kembali enggk ribet,0.0
pokok nya the best lah shoppe bsa ngomong lgi slu tepat wkt belanja psti puas serta jangkau bravo shopee,1.0
kirim shopee sekarang ampun lama sekali sama order shopee tiktok toko sama beda ekspedisi shopee pakai spx hari tiktok pakai jnt hari jauh selisih,0.0
amanah banget,1.0
paket sampai kondisi baik operasi all one baik,1.0
iklan terlalu berlebiha ssangat sangat lebih,0.0
produk sesuai deskripsi sangat cocok casting ikan predator laut kolam produk buat bahan plastik abs sangat kuat lengkap dua kail carbon sangat tajam sangat rekomendasi buat para angler mania,1.0
terimah kasih shoppee aplikasi belanja baik,0.0
bagus gush dijelasin semua udh anamah kirim sangat cepat minus nyaaaa foto nilai produk burem ntah hpnya atau apl nya tapi pas kasih foto buat nilai udh super bagus tapi pas kirim nilai jelek banget burem burik jadi inti foto vidio buat nilai produk jangan bikin burem atau resolusi kecil udh biarin pasti juga guna buat beli juga perbaikin yak,1.0
sistem lebih amanah moga tidak orang tidak bertanggungjawab manfaat apk shopee kasi orang orang tipu,0.0
biar bintang bicara,0.0
aplikasi penuh dgn tipu jgn download saldo kita hbskan pihak shoope tdk tanggung jawab,0.0
bagus cuma kalah kirim lama,0.0
luar biasa bantu dalam segala ingin dunia otomotif tidak pernah kecewa,0.0
sangat bantu cari barang barang butuh mudah,0.0
shopee skrg makin buruk layan nya toko nya pun byk sesuai prosedur kirim lamaaaaaa,0.0
paket sering banget bolak balik kirim lama bgt,1.0
tolong barang jual hrs sesuai promosi kirim agar beli tidak kecewa klo jual tidak sesuai promo tolong beri sanksi trims,1.0
mau sen mkn tbtb hilang toko payment cod tpi gabisa cod lucu,1.0
istimewa,0.0
gasuka banget sama sistem batal otomatis cuma telat kirim kayak sok tau banget gimana kalau barang penting bagi mereka udah nunggu lama banget minggu minggu minta panjang juga tapi ujung tetep batal pihak sama shopee orang udah nunggu lama bahkan belum lebaran malah php jatuh kayak gak amanah belum lagi bikin gak nyaman bilang akun curiga aktivitas sus itu gue cuma mau belanja woi,0.0
puas barang nya,1.0
turut bikin kurang nyaman ekspedisi harus sedia fitur kontak kurir agar bisa hubung cara langsung kena kondisi paket lebih estimasi waktu tiba agar langgan tidak cemas soal fitur chat choki tidak terlalu bantu atau bahkan tidak bantu buat,0.0
apk bener gua mesen nunggu lama lama tapi malah kaga nyampe rumah gua malah kembali jual,0.0
suka belanja sini moga sukses gratis ongkir trus buat,1.0
langgan,1.0
sangat tidak nyaman pesan ukur nya tidak sama tampil,0.0
sudah tahun lebih pake aplikasi bagus,0.0
shopee gimana sih layan nya buruk banget masa apk baru aja buka tiba keluar sendiri mana lagi urgend kalau seperti sistem shopee nya buruk memdingan nggak usah lagi shopee timbang bikin ribet nggak jelas kayak gin,0.0
kok tidak bisa isi brizzi,0.0
mohon tingkat lagi layan skarang buka aplikasi lola loading lama,0.0
shoppe shopee promosi iklan aja sampe masuk web web chrome aplikasi ilegal,0.0
mumedahkan belanja perlu rumah alat kerja,1.0
aplikasi muas,0.0
tolong dong fitur laris pada cari hilang aja kasi seller kecil produk jadi sulit buat naik beli hanya lihat paling atas jual,0.0
turut bagus harga variasi ikut kondisi kita,1.0
belanja mudah murah semua barang kita butuh sini harga variasi jadi harus benar jeli klo ingin dapat brang sesuai inginkn jngan asal pilih harga murah,1.0
alhamdulillah gratis ongkir,1.0
bagus gratis ongkir,1.0
kirim paket pakai shopee instant ongkir mahal layan kya pkai sameday kurir dpt order gabung lama paket instan sampai parahhhh,1.0
terima kasih semua jadi mudah sophee,0.0
sya jual shopee tapi potong terlalu tekan jual untung masuk aplikasi cuma dapet kalo harga naik sama aja potong juga naik blm lagi kirim nya bikin lelet spx kena penalti jual lama lama gak beres nih aplikasi pindah lain ajaa,0.0
apk oke tapi tolong spx baik sudah banyak kasus barang hilang lah gagal lah tanpa alas detail aneh,1.0
driver nya gak gunaaaa males,0.0
aplikasi belanja paling amanah aman sesuai,1.0
aplikasi bagus banget bantu sekali belanja tanpa harus ribet banyak voucher diskon,0.0
alam senang belanja shopee tinggal pinter pinternya kita pilih produk kualitas baca kolom komentar sudah belanja salah satu toko shopee,1.0
kenapa paket selalu sudah sampai wilayah kurir selalu paket cod selalu batal oleh dia nama kurir nya andi radial fahmi apakah benci sama padahal tidak salah apa apa dia,0.0
mantap terimakasih,1.0
joss dah skrg bayar pke qris lebih mudah,0.0
kenapa shopee barang sampai alamat lama sih udah tera status barang alamat pagi sampai sore gak pernah dapat paket waktu pagi sore mulu sampai alamat kadang juga malam serta barang kadang bagus kadang gak,1.0
kecewa sama shopee tindak lanjut nya pick barang datang kurir rumah tanya jawabany kami prioritas paket anda tapi kembang udah hari loh baik lagi,0.0
shopee baik tapi kalo bisa ongkirnya kurang sedikit dong kak,0.0
mohon pihak shopee saat barang tolak suka pungut biaya oleh kurir padahal jelas gratis ongkir,1.0
bayar ndak pernah telat tapi susuh sekali sekarang pinjam spinjam,0.0
proses cepat nggak ribet barang cepat datang,0.0
paket ngestuck beberapa hari hampir hari ngestuck baru jawab shopee gitu gitu aja,1.0
lama banget kirim sen apa apa suka batalin pihak nunggu minggu paket malah hilang udah mah bawa bulak balik jkt lagi malesin banget nol besarr,0.0
cocok utk kerrja serabutan,0.0
beli shopee sangat puas bisa cod jga promo nya banyak moga tetap jaya shopee,1.0
bagus aplikasi nya,0.0
belanja jadi mudah cepat sangat bantu sekali,0.0
beli paket data internet tidak masuk sedang saldo sudah potong sudah lewat estimasi menit,0.0
lama pakai shopee kita sangat bantu harga toko nya kita pesan sangat murah tetapi bukan murah atau kualitas kurang baik murah harga nya kualitas nya oke terima kasih shopee atas amanah sudah jalan moga makin sukses terus sampai terus nya,1.0
terima kasih pihak shopee telah ambil putus kembali dana walaupun makan waktu lama harap jadi seperti tidak ulang kembali terima kasih,0.0
aplikasi sangat dukung saat kita malas belanak keluar,0.0
harus reward buat sudah nunggu lama pesan lalu cara pihak batal oleh jual juga harus penalty buat jual enak batal pesan biar lama bonus sama waktu jadi buang tuh jika ubah perhati beri rating lagi,0.0
iklan shopee ngotak pencet buka sendiri app,0.0
buruk banget kirim nya udah berapa kali bikin lapor tetep ubah,1.0
shopy sangat bantu mksh shopy,1.0
jauh shopee turut layan harga jangkau banyak promo voucher belanja neng bngt bisa belanja shopee pokok the best lah,1.0
shopee kenapa sih waktu mau paylater shopee paylater pun belum aktifin,0.0
tolong hilang biaya subtotal ukur khusus jadi mahal harga barang berat atas sejak muncul biaya,1.0
aplikasi bagus tapi sayang proses kirim lelet pusat bantu tidak bisa beri jawabannyg relevan,0.0
manfaat mudah usaha,1.0
pernah kirim barang salah,0.0
shopee kenapa sekarang aneh sih tbtb blokir akun jarang kasih review ribet bgt,0.0
sekarang sudah keren kak kenapa shopee ngak bisa cod lagi kenapa,0.0
admin shopee kalau kirim luar pulau jawa kenapa pakai ongkir hemat kargo sama lama nya paket sampai kalau hemat cargo wajar lama tapi kenapa sudah pakai ongkir masih seperti hemat cargo,0.0
ehem oke udah ketemu cara buat ngebikin tenang shopee cara beku aja pakai aplikasi bawa freezer suka sih banyak potong harga gratis ongkir nya jadi okay,1.0
rekomended belanja rumah saja apalagi kalo pake shopee vip banyak diskon,1.0
hadeuuhhh verifikasi kali kali aja bisa gagal verifikasi lah periksa aman lah jelas gak bisa belanja jadi,0.0
sesuai deskripsi product ori moga cocok layan juga ramah respon cepat bakal order lagi jika cocok,1.0
antar kurir pihak shopee sekarang telat mulu sudah brapa kali paket telat sampai lewat estimasi antar males klo blanja shopee lgi paket masih blum sampai pakai espidisi shopee tolong dong espidisi nya baik lgi layan nya spya kami belanja nyaman,0.0
update aplikasi dah tapi sekarang makin banyak orang gak jelas tolong beri kami opsi blokir baned dah aja,0.0
inikenapa status kirim antara bekas sama pekanbaru selalu stuck bahkan sampai hari kata estimasi nya hari kalau lewat estimasi ngak hari juga njir kali paket nya kembali lagi jual karna waktu kirim udah lewat waktu nya ngembaliin bukan tapi orang shopee nyasekarang paket stuck lagi terus tanggung jawab shopee apa cuman kasih vocher laku cuman hari lebih harga waktu kalau gitu mending order lain,0.0
jauh muas,0.0
sll puas,1.0
bantu sya banget,1.0
sll pesan tapi pesan selalu batal tanpa tahu tanpa tuju juga,0.0
senang sekali belanja shopee,0.0
sangat bantu dlm cari butuh rmh tangga butuh lain,0.0
apk nya bagus cuman hati banyak tipu jual operator pusat bantu slow respon jadi pas masalah selesai nya lama masa lebih dapet barang palsu,1.0
terimakasih shopee paylater tlg segera tambah pinjam,1.0
toko sophee jamin pernah tipu sophee barang kirim tdk sesuai promo kan kirim video unboxing bbrp hari kemudian uang kembali,1.0
sangat muas segitu banyak platform belanja paling best,0.0
adu jelek banget money status proses kembali dana sudha hari jelas chat customer service isi semua bot solusi sama sekali bohong ngomong cara langsung pihak shopee baru kali gunain shopee jelek banget soal layan adu,0.0
lebih sukses lagi buat shopee lbh beri mudah buat beli jual,1.0
semenjak tidak guna kirim jadi lebih lama,0.0
mau kasih saran kak udh lama pake shopee kenapa apdet pesan nya peta jalan jalan jadi harus cek bekala mohon baik terima kasih,0.0
banyakin diskon min,1.0
bagus mudah belanja tapi tolong dong hilang tipu,0.0
aduh shopee dulu sen paket selalu atau hari dteng tapi sekarang bisa sampai bulan baru dteng shiball,1.0
maaf kasih bintang satu suka belanja sini tapi klo lagi nonton ain game apk lain suka iklan shopee ganggu bgt mana susah push buat kembali lagi klo dah masuk apk pdhal udh dwnload tapi klo tap iklan suka tetiba masuk ganggu bgttt dah lah gamau belanja shopee lagi tolong klo mau bikin iklan jangan server udh punya apknya ganggu tau,0.0
sangat kecewa shopee kirim sangat lambat gak kasih kabar sangat rugi,0.0
tolong bikin auto refound aja kalo paket terlalu lama datang atau lebih estimasi paket stuck tangan sen tanggal sampai sekarng masih stuck,1.0
tolong kenapa toko oren semenjak habis lebaran jasa ekspedisi nya jadi lot gin biasa nya estimasi hari barang udah datang ngaret ampe hari padahal lebaran udah lewat jauh jauh hari tolong stabil kembali lah,0.0
nyiksa driver,0.0
sangat puas shopee trimakasih,1.0
kecewa sama status kirim spx hapus spx kirim shopee,0.0
tolong dong notifikasi nya penting aja sangkut pesan kita terlalu banyak notif ngga jelas nyampah bgt jadi,0.0
aplikasi gak bisa buka,0.0
baru kali sen shopee sampe nya minggu,1.0
bener nyesel belanja shopee,0.0
jauh pesan dishopee muas,0.0
spinjam riwayat bagus pernah telat sbelum tempo beres pas ngajuin tolak terus,1.0
barang beli sesuai kualitas harga,1.0
aplikasi nya sudah bagus tapi jasa kirim nya makin lama makin malas malas,0.0
tanggap tindak kasus tipu sangat tidak muas,0.0
moga para laku usaha amanah,1.0
aplikasi belanja online sangat bagus sudah lama guna nya jadi setia shoppee kadang juga eror sedikit aplikasi nya tadi gak papa lah majuterusshopee suksesselalushopee,0.0
tolong kembali jnt spx kenapa lelet bnget anter pketnya sih estimasi selalu ubah undur terus jadi pket tambah lama datang udah pake shopee dri thn tpi paket kita lama datang gara estimasi selalu ubah trus,0.0
apa apa aplikasi nya error sekali aplikasi shope nya,0.0
lama sen shopee sangat puas karna sesuai sen,1.0
alhamdulillah amanah,1.0
trimakasi shopee kami puas banget,1.0
pesan shoppefood harga naik mulu mana lama lagi dapet driver udah ditungguin malah dibatalin mulu karna driver ehh pas pes lagi harga ongkir layan malah nambah,1.0
tarik uang shopepay rek bank lot minta ampun kadang uang sampe rek saldo potong shopepay liat banget aplikasi tipu,0.0
oke mudah belanja,1.0
tangan masalah kendala kirim sangat sangat lambat respon service hanya batas maaf harus nya kalo memang barang stuck gudang fitur batal otomatis bisa klaim jangan hanya estimasi sampai undur lebih jasa kirim mereka sendiri jangan hanya konsumen harus paham kendala teknis usaha mereka tetapi pihak platform juga harus timbang urgensi barang beli hadap konsumen,0.0
salah satu aplikasi belanja online percaya mudah ekonomis,0.0
aplikasi sangat mudah dibelanjain,0.0
gasukka abal abal ihhh jelek bettt padahal dah effort war produkk tapi batalin salah tulis harga whatt smuanya alas samaa trus lagi krena estimasi waktu omg jelek kali amanahhhhhh ngapain ngadain promo klo kirimmmmmmmmm,0.0
sudah langgan sini belanja online,1.0
banyak iklan lagi masa lagi diem tiba masuk sopi mana iklan kalo mencet silang kecil,0.0
sangat puas dgn shopee,1.0
belanja makin mudah tenang fitur kembali barang,1.0
produk sangat rekomendasi beli shopee kualitas jamin harga pun sangat saing alam belanja shopee juga sangat senang banyak promo tarik bisa anda manfaat segera dapat produk belum habis,1.0
shopee buruk klw mnurut,0.0
jujur kecewa makin hari kirim makin buruk udah paket pernah sampe udh tunggu lama tapi ujung nya gagal sampe duluu tahun stiap sen barang jakarta jawa timur cukup hari skrng bisa hari bayangin coba jujur kecewa banget misal kalo apk kirim jauh lebih baik bakal alih hati sih hubung belum stay sini smentara,0.0
game busuk tidak penting hibur sesal udah main lebih tahunn,0.0
pesan selalu sesuai dang barang kita pesan terimakasi shope memang pantas beri bintang tampa kendala,1.0
tidak beri akses kuota internet lokasi tidak tahu mengapa aplikasi sangat uras baterai padahal tidak buka nya percuma batas latar belakang apk nya,0.0
wokeyy tolong filter pada komentar nilai beli tambah filter komentar nilai baru terimakasih,1.0
iklan nya apk atau link lain menggangu shoope ganggu,0.0
tolong dong atur sistem bayar cod longgar lagi seperti mula banyak toko sekarang nggak bisa cod sulit bagi costumer nggak punya wallet atau nggak sempat indomaret alfamart buat bayar waktu mau mes barang incar layan ekspedisi juga makin lama makin buruk barang selalu telat datang bikin kesal aja,0.0
sudah terlalu kecewa aplikasi masa hapus akun tidak bisa lucu sekali,0.0
kenapa akun dalam hilang padahal limit udah banyak loh tolong baik lagi sistem,0.0
good,1.0
alhamdulillah degan ada shopee banyak dapet barang dibutuhin tanpa harus panas pasar pake acara nawar barang segala walaupun beberapa barang gak sesuai ekspektasi tapi lebih banyak puas daripada kecewa kadang bahan sampe bawah tawar tapi rata sesuai harga yng kalo murah kualitas barang murah pas coba kok malah lebih kecil atau malah lebih besar deskripsi beri tpi pas juga byk,1.0
tolong buat seller shopee jual flash disk perangkat simpan file penting jadi butuh evaluasi beli flash disk shopee dua dua palsu file pindah flash disk ilang sini sangat rugi,0.0
sangat bantu karna semua mau beli sini,0.0
bisa bantu anda aman mudah dapat pinjam uang,0.0
lama sampai hari tunggu,0.0
mau buka aplikasi saja ribet terlalu banyak verifikasi bikin susah teka teki sudah isi sesuai tapi tidak dapat terima payah,0.0
terimakasih shopee jadi lebih mudah guna dalam proses gampang mudah sangat puas belanja shopee beri baik terimakasih,1.0
minimal ekspedisi express reguler jangan hapus lah justru nilai nya sortir cepat malah putus kocak,0.0
belanja shopee mantap banyak gratis ongkirnya,1.0
barang ready selalu amanah moga selalu amanah,1.0
proses retur kembali barang jadi ribet sekarang barang bener gabisa cas mau retur tolak padahal video unboxing foto barang bisa cas gila sekarang kayak dlu lagi mending alih lazada lagi udah benah atau tiktok proses retur gampang gila makin kesini makin maju malah makin parah,0.0
bos,1.0
bagus banyak bonus voucher nya,1.0
sering ngerugiin driver argo kaga jls gabung gila dikit suspen pdhl mitra olah kacung,0.0
dlu kebntu bgt ada shopee food krna bisa mkn murh hrga standar skrng mahal bgt skli mkn bisa atas kdng voucher potong dikit bgt skrnggg huhu sedih moga bisa balik mula,0.0
shope kenapa tiap kali pakai shoppe food pasti titik alamat tuh ubah ubah kadang kasi sama kurir tolong baik promo oke banget untung,1.0
halo kak kenapa yah tiap buka app tentu contoh wattpad beberapa menit pasti aplikasi shope tiba tiba muncul tanpa klik pop atau iklan tolong dong henti sudah muak ganti ganti aplikasi,1.0
barang kualitas nya oke harga jangkau mantaff,1.0
lah coba shopee skarang cuma kasih vocer gratis ongkir cuma doang buat luar pulau jawa mana klok tiap pulau jawa gratis ongkir mulu mah bohong katnya gratis ongkir buat seluruh wilayah indonesia malah gratis ongkir buat jawa doang taik,1.0
makasih udah bantu jual,1.0
walau bagus kirim cepat sayang recommended buat anak anak mau mandiri cuma punya ovo harus cod jadi,0.0
alhmdllh jual nya bnyk amanah,1.0
makin ribet buat seller bisa lihat produk lihat pelannggan,1.0
barang pesan sesuai apa tawar mantap shopee indonesia,0.0
hallo salam hangat shopee tidak kurang rasa hormat hanya beri saran jika tambah fitur seperti barang simpan difitur simpan bisa buat beberapa simpan supaya bisa kami simpan cara pisah barang sebut karna kalo hannya like saja bisa simpan barang kami susah cari barang suka sebut jadi jika simpan koleksi misal kasih nama kaos polo isi kaos polo semua simpan situ terimakasih shopee,0.0
tolong iklan shopee jangan jijik sekali iklan klik malah harus download otomatis developer rada mikir semua orang mau download apk shopee,0.0
agak kecewa fitur cod gak bisa pakai area madura padahal gak pernah nolak paket bayar cod udah pakai apk sudah lama moga cepet bisa lagi fitur codnya,1.0
parah kurir pada kacau kirim lama,0.0
suka bgt dgn shopee meski cod percaya dah barangnga juga ori terimakasih shopee love you,0.0
bisa bisa nya saldo shopee pay tarik tagih tak jelas oleh google play haloowww shopee aman konsumen ancam,0.0
cepat singkat padat,0.0
siksa kurir usaha,0.0
asli gangu,1.0
masa iya nanganin seller aja gabisa lagi jual napa sih tinggal ngirim barang aja sulit bngt harus nunggu lama pdhl bukan barng,0.0
tidak nomor kurir tiba tiba kurir datang waktu lagi tidak rumah banyak kurir tidak ramah,0.0
kurir spx pada lambat lambat gak pernah tepat waktu beda kaya dulu banyak pilih kurir nya tolong baik kurir biar kaya dulu bisa milih jasa kirim nya,0.0
apk sangat bagus buat belanja barang return selalu cepet proses kembali dana semua cukup bagus dah,1.0
sangat manfaat guna,1.0
bisa beli apa situ mau tapi tidak sesuai pesan,0.0
tempat shopping baik,0.0
good,1.0
shopee tempat blnja online paling tepat sukses slalu shopee,1.0
sangat ngebantu bgt lebih mudah belanja responya cepat moga jaya slalu,1.0
kecewa main shoppe blockzi sedikit lagi menang malah kasih block gak masuk akal kagak mau rugi gak adil,0.0
parah banget anjir cerita gua scrol shoppe food pas gua liat kebab harga tera kan turut gua harga biasa sih pinggir jln tpi pas gua klik bayar nyata harga voucher dong asli gila mah paraah harga asli belum masuk ongkir gila bener nipunya niat banget anjir,1.0
sekarang shopee tidak bisa pesan barang kalau sengaja kasih bintang karna kalau pesan barang kalimat telah guna promo mohon coba promo lain jika tetap laku checkout akun dapat blokir sesuai bijak shopee laku tapi mohon perhati kalau sudah bisa pesan barang kasi bintang,0.0
buruk pesan estimasi tgl april sampai skrng belum sampai paket gua,0.0
aplikasi terlalu banyak fitur promo promo voucer aneh koin shopee tiba hilang padahal tidak guna blm kadaluarsa,1.0
iklan nya kalo web atau game maksa jir pencet apa apa masuk shopee maksa bet maksa,0.0
skrg shopee datang nya lama bgt bisa smnggu lebih sumpah gtau knp pdhl seller udh kirim barang cpt tinggal anter doang sampe kurir nya pda ilang apa gmna baik segera bisa,0.0
tolong dongg kurir shopee kalau mau nganterin paket bilang dulu whatsapp dulu takut ngga rumah biasa selalu nomor kurir nya aplikasi sekarang ngga,0.0
mau bayar later tpi kenapa kode brivanya bisa buka mau bayar mau denda tpi sampai waktu jatuh tempo ttp bisa buka kode briva bayar,0.0
puas dgn aplikasi sopi batu dmn pun ada,0.0
poko aplikasi ter the bast segala sesuatu mudah aplikasi utama soal belanja mudah banget gak usah belanja luar lagi,0.0
harga harga shopee tidak mahal tapi kwalitasnya bagus,1.0
kalau bisa banyakin pilih kurir nya cepat kirim barang banyakin voucher diskon shopefood bagi akun sering belanja,1.0
aplikasi bagus buat pesan barang kita ingin,1.0
layan nya bagus kalo barang cacat mudah kembali tidak seperti dulu dulu shopi jelek banget aplikasi dulu banyak tipu alhamdulillah sekarang hampir tidak,0.0
aplikasi sering iklan mulu lagi buka aplikasi lain tiba muncul shopee makin aneh shopee,0.0
sukaaa dehh cuma saran dri akuu jangan terlalu bnyak skalii fungsi satu apk kalo khusus shoppe food dll mending pisahh apk ajaa jadi nya terlalu beratt tapi gin juga udah mantapp bengett koi,0.0
jaring jadi berat kita terima barang uploud poto barang malah muter tolong masalah begini jgn biar sepele tapi ngeselin,0.0
puas shopee belanja apa aja jadi praktis gak perlu keluar rumah,1.0
sangat manfaat,1.0
iklan banyak banget situs cok langsung ngebuka aplikasi nya lagi sangat resah,0.0
udah beberapa bulan ongkirnya terlalu banyak bisa turun ongkirnya,0.0
shopee aplikasi baik,0.0
makin kesini makin kesana,1.0
gak solusi sama sekali udah tau instagram gak bisa login akun,0.0
kirim paket cukup aman kemas selalu rapi banget pokok nya,1.0
barang kualitas baik amanah dpt andal,1.0
desain sangat bagus sangat guna,1.0
shoppe mohon maaf alangkah baik kirim paket pada siang hari jadi tidak menggangu orang sudah tidur heran kirim paket malam malam terus sangat ganggu kurir paket nya,0.0
sangat bagus cuma cod nya tdk hanya pesan,0.0
mudah bayar toko toko sini amanah sesuai alam,1.0
mau nanya pihak shopee nya kan mau beli buku harga lagi diskon tapi kenapa pas mau beli harga buku jadi emang tambah sama apa sih kalau emang bug tolong benerin bug nya,0.0
cara order mudah gak pake ribet,0.0
belanja puas harga pas kantong,1.0
lama layan cukup muas,0.0
masih baru jadi belum komen,1.0
jelas ngntd flashsale nya pantengin tengah jam pdhl masih ready pas checkout bisa,1.0
aplikasi gimana sih buka gak barang gak liat barang nya semua normal tapi tempat belanja kayak ngelag gtu padahal udah pake wifi gimana min tolong,0.0
belanja sophie sangat mudah senang percaya begitu juga jika batal uang akan kembali,0.0
aplikasi belanja sangat bantu slalu dpt harga murah kembali barang pun mudah terimakasih moga makin bisa tingkat layan,1.0
cara seluruh bagus tapi shopeefood bisa dicancel saat sampah,0.0
aplikasi mantapp,0.0
shopee bagi promo dong,1.0
cepet akurat tepat waktu,1.0
shopee food skrng pilih drivernya susah dqn kirim opsi skrng lama banget payah skrng,0.0
update makin banyak bug,1.0
nggak jelas shopee kurir admin masalah koq imbas kami beli kami udh selesai bayar mlh kna batal,0.0
shopee indonesia sangat bantu sekali segala butuh,0.0
aplikasi sangat bagus bantu sekali,0.0
the good thing,1.0
shopy sangat bantu bagi masyarakat seluruh,0.0
berat kalau bisa pilih ekspedisi soal ekspedisi sini ngirim barang nya lamaaa cepet,0.0
aman pake shopee tiap reture mudah kenapa koq udah diupgrade malah makin lot shopee sinyal oke memori aman moga depan lebih baik lagi,1.0
dulu belanja sini selalu bagus baik aja semenjak kirim baru baru gajelas semua hilang lah lewat estimasi lah gimana tolong lah tindak lanjutin kaya gin terus,1.0
lebih mudah cepat sukses terus shopee,1.0
shopee percaya jaya selalu sukses selalu buat shopee,1.0
kirim instan sama sameday sama aja beda nya aplikasi driver kurir juga sama tidak terang ambil instan atau sameday kecewa sama servis instan sama sameday udah bener apliaksi driver instan sama sameday bedain malah rubah buat sama hanya terang ambil spx saja kecewa dah,0.0
masuk penting jaga aman nyaman konsumen hendak beli guna pin masuk cod khawatir ketika pegang anak beli barang tanpa konfirmasi kepada orang tua mantab umkm online,0.0
gak seru belanja sih kirim nya selalu lama,0.0
belanjan puas harga pas,1.0
moga selalu sukses,1.0
shopee paling oke the best,1.0
tidak gagal,0.0
barang nya bagus semua lumayan awet nah mes nya cuma jual bales chat nya lumayan lama,0.0
sellu puas belanja shopee barang nya selalu real sesuai iklan,1.0
spam terossss kotl,0.0
batal sistem kalau niat kasih voc usah kasih dzolim konsumen naikin admin jual alibi pake shopee vip buat pasu doang tanda mau kolep,0.0
senang berkerjasama aplikasi dulunya kami hanya bisa liat iklan sekarang lewat aplikasi kami bisa wujud apa kami ingin terima kasih,0.0
kenapa masih tidak bisa aktivasi shopee pay sampai tahun,0.0
aplikasi sih keren guna lama shopee update bisa bisa maka uninstal aplikasi shopee lama buat download aplikasi shopee ubah jadi aplikaso shopee indonesia udh menit instalnya kelar kelar lot pake bangettt,0.0
trimakasih,1.0
bagus sih lana tidak kendala,0.0
transaksi mudah cepat,1.0
pesan sesuai kurir ramah,1.0
bantu cari barang,0.0
aplikasi sangat bagus,0.0
murah garansi kualitas manfaat,1.0
shopee makin muas mantap,1.0
pesan barang tgl estimasi tgl gagal estimasi ubah lagi tgl gagal lagi ubah lagi tgl kembali gagal ubah lagi tgl gagal pula ubah estimasi tgl sampe boss ngerasa main kalo terus terus begini,0.0
banyak iklan kenapa tiap buka aplikasi selalu arah live ganggu sekali,0.0
banyak jual barang unik limited edition sukses terus shopee,1.0
kocak bet apk kikir masa cod doang batesnya kocak,0.0
mohon jelas hitung harga akan checkout pas keranjang sesuai potong harga pas checkout beda jadi lebih mahal tapi tidak terang jadi bingung sesuai voucher tera,1.0
kirim barang cepat kurir baik moga depan tidak kecewa sopee the beast dunia,0.0
kenapa shopee semenjak update malah bisa dmn sosial media,1.0
sesuai pesan,1.0
terimakasih,1.0
suka banget blanja sophe karna bisa cod cocok buat malas keluar rumah cari butuh anak anak,1.0
cuma mau nyampein bagi antar aja ekspedisi paling lama estimasi hari nerima barang minggu kemudian,0.0
mantab dah belanja shope tapi sayang barang suka hilang jadi pikir,0.0
langgan shopee sdh lama banget puas belanja maupun order makan sini kurir nya pun ramah kembali barang oke shopee pun responsif pokok nya semua oke,1.0
moto nya saja kirim cepat tapi nyata lambat chat shopee jawab tidak muas cabang drop point shopee wilayah bojonggede kab bogor bagai spv sana tidak bisa beri arah kurir kerja santai status paket sedang antar sampe malem antar liat peta lacak kurir tidak gerak arah beda alamat paket mau bawa mana coba kurir tidak bertanggungjawab,0.0
muas belanja shopee tanggung jawab nya penuh langgan amanah bisa percaya buat belanja online,1.0
makin lama makin kecewa sama shopee padahal akun baru pakek mesen kali langsung bisa bayar cod padahal lama gitu,1.0
iklan shopee mana mana bikin emosi,1.0
sangat simpel engga ribett,1.0
shopee nyari barang apa saja pasti,0.0
syaa allah sgt mudah,1.0
alhamdulillah pake aplikasi tahun aman lancar jaya suka banget,1.0
dulu aplikasi nya emang bagus tapi akhir akhir produk pes sering tidak sesuai sama deskripsi apalagi kalau pakai suka beda bahan sama deskripsi ujung retur malah telah nggak bisa lagi pesan pakai sistem bayar cod,0.0
layan spx jelek,0.0
sangat cocok huni kaum mager,0.0
aplikasi commerce buruk pernah temu kenapa saat kirim paket baju tiba tiba dibatalin oleh kurir padahal kurir belum sampe rumah tunda habis retur sama kurir saran jangan pake applikasi shoope mending pindah aja tokped,1.0
sangat buruk dalam kirim udh kali kecewa,0.0
top bagus,1.0
knpa kalo paket kita pesan lama banget sampe nya beda kaya shopee kita pesan kaltim sdh smpe mala hari kalo shopee kadang hari baru smpe situ aja jdh kadang hari jdh biasa shopee pindah belanja tiktok baik lagi donk jasa antar nya lelet banget,1.0
aplikasi tipu games juga tipu lebih baik uninstall saja tidak rekomendasi kasih bintang nol,0.0
klo pilih expedisi laen mending milih laen deh spx makin kesini makin lelet,1.0
sangat puas layan nya slalu tepat waktu,1.0
gak tau bahasa inggris,0.0
sumpah makin kesini makin ngelunjak kurir nya,1.0
tolong pesan rahasia kan kurir antar paket cukup nomor seri nya saja terima kasih,1.0
sempat jadi apk pilih utama tiap mau belanja kini harus mikir dulu jika ingin belanja gratis ongkirnya khusus orang ada saja sekarang patok minimum belanja gratis ongkir adalah,1.0
kami selalu pakai shope indonesia,1.0
moga makin sukses,1.0
tolong beri fitur batal chat atau kirim ulang chat bagi kirim video atau foto toko tanpa tunggu sistem batal pesan kirim pesan video toko tetapi kendala sistem jaring lancar normal mbps tapi tetap tidak kirim sistem tidak kirim pesan ulang atau batal pesan jadi harus tunggu jam demi sistem baca video harus kirim ulang,0.0
lama belanja mgunakan shopee tidak pernah kecewa cukup puas layan shopee cukup bagus cepet direspon apabila komplain beli good job shopee sukses trs tingkat layan agr para langgan konsumen ttep setia shopee,1.0
semenjak kenal shopee belanja online jadi senang belanja krn antar sampai rmh onkir minim nya kdg gratis onkir lalu bisa tau barang tak pernah lihat lihat dishopee boleh beli barang harga ribu senang thank shopeer,1.0
layan jelek alur juga jelek tidak masuk akal,0.0
pesan selalu putar tidak pernah datang,0.0
makasih shopee murah banget harga nya,1.0
belanja lebih simpel,1.0
shoopi majalaya sangat baik barang kirim rapi pas jangka waktu tentu sempurna,1.0
kecewa bobrok pake shopee sekarang mulai kirim instan sudah hari belum kirim status nya masih cari kurir bener bener emosi respon seller tindak shopee lelet masa iya ribu kerja sama sekali kurir ambil apalagi kita pesan produk nya murah sekarang cuma bingung tau gimana mau nunggu uang kembali harus batal otomatis nunggu waktu lama kalo batalin dri pihak shopee siang belum proses hade,0.0
kirim lama gak worth,0.0
dulu sampai sekarang shopee tdk perna kecewa,0.0
shoppe oke cuma saran dagang cuma jual tapi brg baik usah jual shoppe sangkut naja baik shoppe apalgi cek and ricek dulu benar biar beli kecewa,0.0
baik jujur bangga,1.0
ekspedisi spx banyak gak bisa kerja semua isi maling masa barang hilang stuck mulu upaya selesai shopee nya gak pula platform sama ekspedisi sama sama sampahh,0.0
spaylater beku lebih tahun padahal tagih sudah lunas tahun lalu sangat sangat tidak senang terus guna aplikasi,0.0
sering dapet diskon,1.0
shopee kirim nya secepet dlu mana kadang suka delay apa lagi kalo minta aju dana tapi over all masih oke tapi minus cuman situ doang tolong dong pihak shopee benerin saat antar nya sama pihak ekspedisi nya,0.0
jadi ragu blanja shope tiap belanja pernah antar sampe dpan rumah juga sering banget lambat nya,1.0
sangat baik puas bnget,1.0
kurir nya lama kurir pun tidak cantum hingga susah hubung,0.0
tolong lah baik lagi sistem nya nah gin kisah nya kan bili tiang gorden kirim gagal alas beli tidak rumah catat kali tolak paket padahal gak nolak mesan lagi dong berapa har kemudian paket sampai gudang dekat mau antar kan jam kurir cet konfirmasi paket gorden nya rusak patah kata nya otomatis tolak dong gak mukin lah terima berapa jam kemudian akun kena blokir batas,0.0
keren aplikasi sekarang telah sedia bayar lalu sangat mudah kami guna dompet digital hanya saja terlalu sering muncul video promosi ketika baru mulai buka aplikasi turut buat kurang nyaman tapi selain oke lah,1.0
terlalu banyak fitur jadi lot mau refresh aja nunggu beberapa detik baru refresh,1.0
poko mantap lah,0.0
kurir asal batalin pesan pdhal gaada pemberitahuan dulu buat konfirmasi jelas kurir siapa ngirim kalo orang rumah gaada malah pesan batal,0.0
belanja shopee senang harga lebih murah refund sangat mudah the bestlah,1.0
selalu deteksi aktivitas tidak wajar aneh banget,1.0
app sangat mudah belanja tanpa harus keluar rumah harga lebih jangkau moga depan lebih bisa filter para penjial tidak amanah tipu sukses selalu shopee,1.0
gajelas mesen paket pakai kirim instan tapi nyari kurir dapet harus sampai rumah kemarin malah sampe makanya kalau ngasih argo driver ngotak jadi mau ambil,1.0
kualitas downgrade bngt utama shopee express barang stuck hari complain endingnya batal udah sabar nungguin nyesek balikin aja jasa kurir lain lebih pro,1.0
jangan bayar dulu aplikasi jual tipu gambar fisik beda modus bayar cod sajah lihat dulu proses kembali dana lambat aju payleter juga susah acc tele,0.0
banyakin vouchernya kaya jaman shopee live dlu lagi,0.0
mantap juga cuma minus dikit,0.0
amanah bisa percaya,1.0
mudah dal belanja minim biaya ongkir,0.0
kirim pake kurir jnt aja sih shopee express trouble melulu mudah pihak manajemen denger aplikasi bagus tapi expedisi kurang bagus,0.0
shopee food mentok cari driver malam sudah order batal apa padahal sering belanja makan shopee food,0.0
kirim sampai sampai pihak jelas saat hubung bilang belit belit tunggu aja batas tgl sudah tgl tapi jelas,0.0
suka belanja shopee krna lebih murah banding marketplace lain,0.0
sangat kecewa sistem shopee voucher sudah kadaluarsa harus tidak lagi tampil tapi masih muncul jelas sangat sesat guna buang buang uang rela top potong admin tidak sedikit ujung ujung voucher tidak bisa pakai rugi tolong segera baik sistem jangan sampai guna rugi hanya lalai seperti hal dasar harus bisa hindar oleh platform besar shopee,0.0
kirim barang nya lama pernah sesuai estimasi estimasi hari baru dateng hari percuma garansi tepay waktu kalo kirim nya pernah tepat waktu,1.0
pake spx layan buruk banget udh lama sampai minggu padahal tanggal,0.0
bagus selebihny bisa gratis,1.0
shopee sangat bisa percaya tidak pernah kecewa jangan sampai kenasukan seller tukang tipu,0.0
mantaps nice,1.0
sekarang shopee sampe cepat sampe harga murah juga,1.0
sangat suka aplikasi,0.0
sangat guna bagi punya aktifitas tinggi tinggal pesan barang sampai rumah,1.0
lebih baik daripada aplikasi belah,0.0
liat lokasi paket depan rumah tapi gak tukang paket,1.0
apl bagus cuman sen barang selalu tepat waktu kurir malas bikin kecewa,1.0
suka shoope krn aplikasi mudah guna moga selalu sukses depan good job,1.0
bagus kecewa apk lbh mudah buat belanja bagi orng mager kmana mana,0.0
oke banget mudah belanja,1.0
proses validasi slow respon minggu yah seller gitu rusak aplikasi saja gilir order harus proses retur sulit jadi gak nyaman blanja sini,0.0
tolong yah shopee rabik status update antar estimasi tanggal sekian masih dalam jalan udah lewat hari belum update juga pas udah sampe barang tibatiba langsung update kan aneh tolong baik adminnya,1.0
alhammdulilla lama belanja aplikasi shopee rasa bantu belakang rasa kecewa pesan selalu kurang pesan dua sampai cuma satu tlng baik agar para konsumen aplikasi shopee tidak banyak kecewa,0.0
belanja shopee senang harga jangkau moga layan lebih baik lagi,1.0
kenapa makin lama kok data shopee makin besar padahal ukur apk nya nggak sampai tapi kok lama sudah lebih cukup makan banyak ruang simpan jadul sih kira bisa reset nggak data apk biar kayak baru kagi,0.0
gak salah sih bagus murah murah,0.0
buka shopee asa buka tiktok isi video terus tiap buka akun jadi risih liat,1.0
banyak beli barang tidak pernah sekalipun tipu alhamdulillah,0.0
bagus tebal bersih,0.0
min kenapa akun gabisa pake sistem cod lagi,0.0
sangat manfaat belanja hemat praktis pakai shopee,1.0
aplikasi cukup bantu,0.0
bagus kirim cepat tepat,1.0
kenapa min spaylatter bisa buka padahal mau bayar terus buka pulsa tagih tiket juga bisa,0.0
error padal baru login dapet promo belum sampai kirim udah gabisa login,1.0
bagus respon cepat pesan sesuai des,1.0
biasa semua aman aja kalo paket cod tapi tadi gilir udah bayar sena datengnya lama banget udah hari kalo nanya kapan datengnya suruh pake paket prioritas tambh bayar lagi nanya ketemen temen lain juga gitu kata lebih bagus pake cod aja kalo langsung bayar biasa tunda tunda gudang sengaja kah,0.0
apk iklan pop tetanjing,1.0
aplikasi kini punya jangkau luas harga promo fantastis proses mudah cepat,1.0
pihak shoope sangat bantu tim nya gercep tapi nih tolong dong seleksi lagi jual nya banyak tidak sesuai estimasi kirim sen baju februari sampai akhir maret kaga kirim hari terang tapi lebih estimasi udah beres lebaran sen lemari mentok cakung alhasil balik lagi jual karna lebih estimasi tolong tingkat nya lagi ekspedisi jual nya,0.0
banyak kuis banyak syarat bosan pernah dapat juga kalo mau kasih hadiah kejut pada beli setia tinggal kirim aja alamat kan senang jadi,0.0
produk shopee sangat sangat bagus,1.0
barang retur tanpa komunikasi sama sekali parah,0.0
shopee nya oke belanja sini selalu puas sama layan cuma kok bisa belanja barang belakang nya hitung sen langsung digenepin jadi ribu kadang harga rupiah tetep digenepin ribu kadang bikin heran tau shopee nya atw kurir,1.0
abis lebaran sen tromol pcs datang tgl april kemaren pas buka tidak sesuai warna aju kembali barang uang blom balik mnurut terang paling lambat tgl april uang bisa kembali makin gak jelas shopee mentang udah app besar hadeeeeh,0.0
saran min tolong apk shopee cantumin nomer kurir antar sekali soal kalau kendala sulit banget cari kurir apk lazada aja tiap barang udh mau anter kurir cantumin nomer kurir sekali karna ngak semua kurir kalau mau anter paket bakal koncumen,0.0
aplikasi bagus bisa bantu ibu rumah tangga,1.0
sering banget nge lag sinyal oke tapi aplikasi lot parah aplikasi jelek,0.0
tadi bagus layan sekarang makin buruk oderan banyak cancel otomatis karna seller tidak respon foodnya sulit dapat driver tunggu sudah sangat lama prioritas hanya bisa laku tawar batal tapi tidak mampu tindak mitra mitra,0.0
shopee gue emang demen banget belanja elu tapi iklan banyak masa lagi asik baca wattpad langsung masuk elu sih maksa banget sumpah,1.0
shopee sangat bantu banget mudah dalam belanja,1.0
php ngasih koin tarik padahal nilai bagus kecewa,0.0
suka shopee pokok transaksi lancarrrr sukses terus shopee tingkat lagi layan utama utk free ongkir nya diskon hehee,1.0
aplikasi layan paling muas,0.0
lama belanja shopee cukup puas tolong lebih selektif lagi hadap toko masih jual dagang tidak sesuai lihat pada gambar sehingga buat kecewa beli,0.0
bijak shopee makin buruk layan kurir sangat buruk customer service tidak punya solusi baik jawab tanya seperti robot,0.0
sudah tapi blm verifikasi bayar duit blm balik apk nyolong duit bnyk korban,0.0
belanja gak harus capek keliling cukup barang ingin hampir semua harga tawar lebih murah banding toko,0.0
alhamdulillah shoppe baguss poll beli apa bisa dishoppe lebih praktis,1.0
kirim lama banget pesan tidak update dalam beberapa hari masih tempat sama kalah jauh sama belah pesan pesan hari datang kemarin,0.0
apk ikut campur banget sumpah buka apk apa nanti pasti tiba masuk apk trss,1.0
banyak bet iklan mana mana anj idiot,0.0
kecewa pakai shopee kirim lelet ampir hari nunggu paket sampai skrg bom datang,1.0
aplikasi mantap sangat bantu,0.0
apresiasi besar shopee indonesia bagai wadah kita belanja meski beberapa toko tidak sesuai deskripsi overall lebih banyak toko lebih baik sukses slalu,0.0
puas belanja sini aplikasi mudah guna,1.0
kurir nya gapernah niat kerjaaa,0.0
aplikasi tolol mau beli malah gada kurang lengkap barang,0.0
guna nya mohon batas sekarang para seller jadi biasa balas chat buyer pake gilir sudah stok asli malah kosong tolong dong shopee bijak tegas sama seller jangan biar kami para buyer terlalu sering alami rugi waktu,1.0
lebih easy shopping easy ordering phases banyak pilih metode bayar sistem aplikasi mudah etc lemah voucher discount tidak semua produk,0.0
najis kirim nya lambat bgt kecewa sen barang apk,0.0
hebatt dah mudah,0.0
bagus diskon banyak,1.0
paket nyangkut nyampe,1.0
shope bagus banget bisa bantu belanja online,1.0
baguuss sekali,0.0
mohon pihak shopee spx lebih tingkat lagi layan kurir nya banyak semena mena batal belah pihak tangan kendala tolong lebih perhati lagi layan customor servis nya layan tidak maksimal,0.0
suka belanja shopee cari apa saja jadi repot repot kesana kemari,0.0
sangat baik sangat bantu terimakasih shopee,1.0
shopee sekarang makin kesini makin ribet mau beli tpi metode bayar bisa cod harus salah satu bank mohon bantu konsumen agar pelang bisa cod,0.0
aplikasi shopee sangat bantu dalam proses belanja online dishopee program ngak pernah dapat padahal sangat bantu apa lagi promo harga murah,0.0
kenapa pesan sudah nyampe tapi blm tulis pesan terima kan jadi kirim terus gmn,1.0
puas belanja shopee walaupun belum bisa guna bayar lewat dana tapi its not problem,1.0
aplikasi busuk mau login aja sulit orang lupa password lupa malah suruh verifiaksi password lha gimana mau masukin benar fitur lupa pasword reset password bukan inget password dah lupa ribet amat,0.0
awal awal suka banget beli apa apa shopee smpe akhirnyaa paket sudah sering lambat padahal sdh datang hari lalu tapi antar gak antar otomatis hari tiga malah return nunggu lama paket uda bayar awal tapi malah suru kantor bayar awal agar enak antar malah customer disuru ambil krna alas overload kapok gak mau berlanganan lagi,0.0
murah banyak diskon ongkir gratis,1.0
shopee lindung konsumen,1.0
masa iya pesan apa apa tiba tiba notif bayar besar gagal saldo tidak cukup,0.0
trima kasih moga depan lebih lancar,1.0
antar nya lama udah minggu lebih belum sampai mobil tidak gerak pokok nya nyesal beli shoppe,0.0
aneh bisa login login tulis coba lagi coba lagi udh coba coba bisa padahal jaring aman,0.0
sudah sangat bantu dalam penuh butuh primer sekunder,0.0
sangat puas karna banyak promo gratis nya lebih dibanyakin lagi promo kak,1.0
tempat belanja baik,0.0
tolong dong min tingkatin lgi soal kirim masa hrs nunggu hari stuck situ dri maret april baru smpai cmn beda kota loh kirim kasar asal lempar kurir kek gtu tegur knp gin terus mending pindah apk sblh aja lebih cepet diskon juga bnyk,1.0
ngotak kalo ngasi iklan apk lain jadi males belanja gara gara iklan terlalu maksain,0.0
kirim kurir spx lambat sampai gak antar rumah padahal cuman tinggal antar rumah sampai hari stak gak antar,1.0
respon cepat kirim barang cepat trim,1.0
plis developer tolong tambahin bayar lewat dana,1.0
lebih produk nya bagus,1.0
iklan banyak betul kurang sedikit iklan bos tdk mau mana juga apk,0.0
mantap tiap pngiriman barang sesuai,1.0
shopee sangat bantu belanja sangat suka aplikasi,0.0
layan jelek barang hilang expedisi shope kurang uang,0.0
sangat puas belanja,1.0
harga sesuai,1.0
kalau bisa cantumin nomor kontak kurir nya kaya tiktok lazadq biar gampang ngontek nya,0.0
ongkos kirim mahal sistem cod agak kecewa mau beli barang sistem cod lihat sistem cod mahal ongkos kirim masih servir dulu suka shopee sekarang agak kurang maaf,0.0
sekarang shopee kirim lambat padahal toko surabaya lokasi sumenep madura mau nyampe sampai minggu lebih kadang tunda terus gimana sih pihak shopee coba baik lagi,0.0
belanja shopee praktis hemat biaya waktu,1.0
moga shopee makin jaya sukses moga limit payleter bisa naik banyak kan tidak pernah lambat bayar,1.0
shopee gak punya kurir lain selain shopee express sen paket tgl maret sampai sekarang belum datang juga,1.0
shopee kurir nya gimana kirim rumah gak jadi mulu cod sih kasi jual kalaupun bukan cod beli buat ketar tir pusing,0.0
belanja shopee beri alam puas sendiri shopee sll manja langgan banyak diskon gratis ongkir pokok sll shopee lain,1.0
tak butuh dekon penting gerat onkir,0.0
sangat puas belanja,1.0
shopee sekarang kaya aman deh kemaren kena bajak terus daftarin spinjam lalu kaget kna tagih padahal blm pernah pinjam uang spinjam recommended deh shopee sekarang,0.0
bnyk promo bnyk diskon food nya,1.0
senang belanja shopee banyakk gratis ongkir nya kurir nya ramah,1.0
jelek banyak biyaya admin nya,0.0
sejak kirim tangerang langsung sekarang paket jadi lama banget nyampeknya gak kayak dulu semua kirim surabaya lebih dahulu baru nyebrang sulawesi sekarang status pesan juga jadi sering tdk update sampai estimasi barang bisa lewat sampai hari hari bahkan minggu minggu,1.0
selalu pesan shope karna mudah banyak promo ongkir nya harga barang juga terjangkaw banging beli toko cara langsung,1.0
suka sama aplikasi nya bisa kontrol banyak promo layan bagus poko bestt lah,0.0
paket tunda terus,1.0
sangat rekomendasi sangat bantu,0.0
balikin jne atau jnt daripada spx lama tau tau paket ilang mana skrg bot tanya apa jawab bantu sama sekali,0.0
layan sangat kurang arogan,0.0
sangat oke,1.0
tolong resin saler kalo pesan sudah masuk estimasi kirim tapi status masih kemas klo perlu kasih sanksi agar tidak boleh jual lagi rugi konsumen uang udah transfer jeda waktu uang konsumen bisa putar bisnis lain rugi waktu juga konsumen,0.0
sering muncul saat mau checkout,1.0
akun error,0.0
jauh sampai aplikasi masih lelet aja banyak iklan sejak ubah tampil video pertama kali buka aplikasi malah makin payah aplikasi jadi susah guna,0.0
bener bener puas banyak banget diskon mudah belanja sukses selalu shoppe,1.0
gimana sen barang udah lama salah alamat hadeh,0.0
belanja lebih mudah ribet tinggal klik,0.0
muas kan belanja shopee trus kurir pada baik smua ganteng,0.0
sudah lama jadi guna shopee namun saat sistem asa makin tidak jelas customer service sulit hubung estimasi kirim pun sering ubah ubah tanpa pasti awal estimasi kirim adalah tanggal april kemudian ubah jadi apr lalu kembali ubah jadi apr hingga pada tanggal april estimasi kembali ubah jadi apr ubah estimasi terus terus seperti tentu sangat bingung kecewa bagai langgan,1.0
apa kita butuh semua sophee pokok bantu banget mageran,0.0
shope skrg gimana pesan batal kan sendiri jadi lama brg mau order lgi tolong dong shope kenapa tiap pesan barg batal otomatis oleh shope jadi lambat makin buruk,0.0
puas,1.0
its oke,1.0
shopee baik banget sering kasi gratis ongkir jadi murah semua barang barang nya emang shopee baik,1.0
tolong pihak shopee henti iklan tak enak,0.0
apk amanah sesuai iklan semua jual,1.0
jangan caper iklan aja nipu,0.0
belanja jadi praktis,1.0
makin kesini status kirim nya jelas pesan aja banyak stuck hub udah hari nyampe nyampe padahal jarak dekat tolong dong tingkat lagi kirim nya,1.0
belanja lebih mudah segala butuh penuh,0.0
menganggu pas nonton dracin,1.0
jangan beli beli,0.0
bisa dapet diamonds gratis,1.0
sopy makin maju belanja sopy amanah bunga kecil trimakasih sopy nanti ambil aipon doain dpt rizki,1.0
harga relatif murah serta muas,1.0
layan prima muas dapat percaya,1.0
susah dapat kurir jgn aplikasi aja sekali,0.0
shopee benerin kurir tuh pada siksa ama sitem elu,0.0
pokok neng banget aplikasi shopee sangat bantu banget,1.0
kalu barang sesuai akan kembali barang belum nya terima kasih,1.0
semua bagus,0.0
asli ngeselin banget aplikasi shope sekarang udah kali update malah jadi ngelag keluar sendiri sampai kali kali udah uninstall udah clear cache tetap sampai sekarang tetap ngelag parah tolong segera baik oppo,0.0
apakah shopee tidak buka layan striming film seperti amazon,0.0
sekarang kirim spx luamaa pake banget,1.0
udah ngak bisa cod bgian sulawesi utara tepat bitung,1.0
muas beli trimakasih,1.0
tidak bisa jika payment dibatalin pihak shopee terus minta bantu kata ulang tapi telah ulang dibatalin lagi begitu terus shopee sekarang memang aneh semua orang mengalaimin semua,0.0
apk bagus belanja banyak main tapi kita cepat panas banyak mengguras banyak baterai tolong baik yah,0.0
senang belanja shopee smua pesan sesuai proses cepat moga sll bagus layan,1.0
shopee sangat bantu saat butuh barang trs gak uang bisa pakai paylater,1.0
murah harga beli nya shoope,1.0
fav belanja sini good pokonyaa,1.0
anjir keren banget shopee cok,1.0
belanja butuh lebih mudah tidak harus datang outlet sangat bantu,0.0
kerja kurir lapang sangat buruk sangat kecewa tidak beri solusi baik,0.0
good jobs shopee serba serbi belanja mudah belanja apa saja kita butuh sukses selalu buat shopee,1.0
kirim shope buruk banget udah nunggu paket slama minggu malah suruh nunggu lagi,1.0
rugi jual beli khusus nya buat tanam pet kirim hari malah ubah jadi hari kirim jalur udara malah jadi kargo minta ganti rugi malah suruh aju kembali rugi sipenjual nya kalo balikin horor,0.0
shopee bagus saran aja kalau tipu jual langsung blok walaupun hanya sekali biar gak biasa,0.0
keaaaa jelek burikkk banya iklan jausa donlod aplikasi,0.0
sering batalin,1.0
jika kendala tinggal chat bantu beress,1.0
puas layan shopee,1.0
bgs tpi knpa tolong kok udah masuk tpi kok bisa masuk lagi,0.0
jangan lansung batal pihak dong bos barang sudah bayar lebih dahulu langsung retur kur saja belum telpon langsung retur antar pertama saja belum barang langsung kembali seller sadis memang,0.0
kirim makin tidak tepat waktu,1.0
gila nih shoppee paket stuck gudang palembang sdh lima hari gak gerak sama sekali padaa gak becus kerja kayak gudang sophee palembang,0.0
nice nice nice,1.0
puas fitur shopee,1.0
bagus sih sayang gak nomor kurir kalo apa apa gak bisa respon keluh,0.0
kirim skrg lama banget sama jakarta aja hari belum nyampe males lama belanja shopee,0.0
tim shopee tele tele ingin batal pesan sudah lewat tgl estimasi tiba besok tgl estimasi ubah tgl apaapaan bodoh sekali batal pesan hanya bisa kalau lewat tgl estimasi tapi kalau tambah terus tgl estimasi gak bisa aju batal dong waras tim shopee mereka hilang saat komplain tiba chat akhir apa gak makin kesel rugi wkt banget kalau nilai buat kalian kasi,0.0
sebenernya bagus brg sesuai kirim kurang bagus tiap dapat harga murah lgs batal sama kurir alesanny barang hilang bikin kecewa kurir spx benar tidak tanggung jawab dapat harga murah barang tidak pernah sampai ketang konsumen akhir foto sendiri brg ambil oleh pihak kurir bikin rugi konsumen hanya bisa komplain lewat ulas,0.0
belanja shopee aman kembali barang dana jika tdk sesuai deskripsi pesan mudah cepat laku,1.0
pket udh beberapa kli antar rumah selalu saja jadwal ulang kirim nya sampe balik lagi jual,0.0
banyak gimik fitur benar kurang begitu penting esensi bagai aplikasi jual beli tanya,0.0
shopee emang best tetap jaya,1.0
puas kirim cepat tapi kalo guna baru emang enggak bisa cod lebih belanja soal udah pesan habis enggak bisa cod lagi,1.0
good,1.0
aplikasi shopee sangat bagus barng sesuai tapi toko tipu jadi tolong pihak shopee blokir toko tipu terima kasih shopee,0.0
barang bagus banget sesuai pesan datang tepat waktu bener bener banget,1.0
kalo ngasih iklan ngotak dikit dong masa buka tik tok udah muncul nanti geser pindah play store mau buka link nanti iklan nggak bisa hapus pulak iklan,0.0
apl bagus sekali,0.0
barang murah tapi semenjak pisah shope kirim sangat sangat lamaa sekali bisa sampai minggu satu tempat sering kali barang datang sudah tidak perlu lagi,0.0
ngak jelas masa akun baru ngak bisa cekout kenapa akun baru tagih spaylater kan akun baru aneh,1.0
sangat bantu cari barang butuh harga jangkau tidak ribet tinggal klik tunggu pesan antar,0.0
mudah belanja tanpa keluar rumah the besstt shopee,1.0
kok sekarang shoope gak bisa checkout gak seperti biasa biasa gak promo bisa checkout sekarang promo gak bisa checkout gimana sih tolong baik ken shoope seperti dulu lagi,0.0
shopee sekarang lama kirim nya mana sering salah rute,0.0
lama pesan lancar aja bagus,0.0
layan shopee baik semua aplikasi belanja online cuma shopee paling nyaman aman amanah paylater nya pun tanpa bunga hhm bisa mahal beli cash pad kredit bikin tanya apa untung nya buat shopee moga sll beri puas layan baik,1.0
sangat bagus sekali mudah dalam ber belanja saat kita sedang malas keluar rumah,0.0
tuku opo opo nek kene enek lur lurrrrrrr jos pokok eeeee,0.0
shopee banyak manfaat,1.0
pokok shopee top lah,1.0
shoppe bagus suka kalo belanja sini tapi minus nyasekarang tuh bisa cod gimana sii jadi bisa belanja aku,0.0
aplikasi gila kok perintah biar rakyat jajah aplikasi mitra jual driver kurir sampe customer diakalin semua ama aplikasi,0.0
mau hapus akun aja sulit hadeh pusing error mulu dah,0.0
aplikasi sangat manfaat buat banja online praktis mudah selalu kejut kupon,1.0
suka gratis ongkir nya cepat kirim nya,1.0
barang kualitas asli,1.0
giat transaksi belanja online lebih mudah murah senang,1.0
baik bisa penuh butuh sesuai apa butuh mudah mudah depan lebih kembang lagi mudah butuh masyarakat relevan,0.0
keren brng beli sesuai aman,1.0
harga muraah,1.0
bagus tapi syng pitur sama sltr nya susah aktif padahal sdh bnr mas aja ribet bisa,0.0
shopee keren sih sering beri vocer sukaaa,1.0
jujur endyurr bagus bangett aja sih,0.0
belakang susah sekali dapet driver tolong baik sistem nya kalau bisa sejahtera driver supaya saling untung jangan serakah ngambil potong besar customer rugi,0.0
bintang khusus layan shopee vip saldo paylater sedot tanpa ada konfirmasi pin bayar,1.0
hapus akun aja susah sekali,0.0
lumayan enak belanja shope tepat waktu ramah kurir pokok,1.0
verry good happy shopping,1.0
sangat bantu oke banget,1.0
sekarang shopee kendala kirim lama jemput hari blm jemput kirim hari jalan total kirim jakarta bekas hari kadang toko ngga amanah beli apa datang apa tolong toko ngga amanah cek bos,0.0
lieur anjing hese daptar,0.0
berkat shopee bisa bagi,1.0
puas bnget,1.0
aplikasi berat bikin cepet panas lag terlalu banyak pop video guna pas awal buka aplikasi banyak seller barang sesuai iklan expedisinya parah banget udah minggu barang pesan datang mau sampai kapan suruh nunggu terus,1.0
iklan ganggu banget sumpahh coeggggg makin gila iklan,1.0
voucher guna baru nya tidak bisa guna,1.0
tanggap keluh konsumen,0.0
tingkat lagi,0.0
udah belanja juta tetap gak potong harga,1.0
makin lama makin gjls paket pegang smaa kjn,1.0
iklan loh ribet,0.0
kurang fitur tambah tema gelap,0.0
hai shoope kenapa gak bisa pesan lagi shoope udah hapus shoopee lali buat akun lagi tapi tetap aja gak bisa lagi beli shoope,0.0
paket selalu lambat datang selalu malam terus gilir orang lain datang suka sore pas kabarin lagi paket malah kurang enak dengar kasih bintang kecewa berat soal sudah bilang minta cepat malah mbah lambat,0.0
mau malah teks hal tidk wajar,0.0
akan terus kurang bintang jika shopee tidak baik kirim estimasi tanggal masa uda hari paket blm sampe,0.0
makin ksni spx kirim makin lolot sampe minggu nyampe najis bgt cuh,1.0
moga cepat baik jual cepat sampai,1.0
kecewa bngtt pake bngt skrng kesel bngt kalo sen shopee food susah bngt dapet driver padahal mitra driver ribu heran kota besar loh jakarta tapi susah minta ampun nunggu bisa jam cancel pesan cancel pesan ganti makan tetep dapet,1.0
tolong dong semua tempat ekspedisi spx express baik cepat input resi barang kirim pagi input larut malem udah pindah expedisi spx semua sama input resi sangat lambat seperti expedisi belah lama lama mending nonaktif spx express kalau udah baik baru ubah ratting nya kalau sama aja udah,0.0
shopee memang paling top,1.0
saat buka pertama langsung muncul live kurang nyaman tolong balikin mula,1.0
flash sale nya tipu,0.0
stiap buka psti selalu ngelag lelet kadang eror pdhal udh pke wifi jaring bagus cuma apk belanja aja lot apk game berat,0.0
kecewa shopee food pilih ongkos kirim standar agar kirim cepat tau nya sama aja ongkos kirim promo kirim sekaligus lain alhasil makan dingin jadi gaenak karna lama kirim nya sangat sangat kecewa,0.0
oke sangat senang bisa belanja shopee the best shopee,1.0
shope sudah kena biaya app tolong jelas dasar hukum mana biaya app shope biar dagang nakal laku live shop beri informasi sesat barang fake blg ori tolong sih dagang nakal,0.0
shopee sangat bantu sekali,0.0
agak kurang cepat kirim nya,0.0
jasa kirim paling ampasss spx paket udah expedisi deket rumah mlah kirim pending besokk padahl dtng xpedisi jasa kirim sampah,1.0
aplikasi shoope jelek indonesia mau pesan barang selalu tolak tidak seperti lazada enak pesan barang langsung gak pakai ribet rugi download aplikasi shoope kecewa langgan setia nya udah tak hapus aplikasi shopee download aplikasi lazada aja banyak diskon nya,0.0
sangat baik buat kurir nya sangat baik tingkat layan nya min,1.0
tolong rangin iklan muak lagi nge iklan muncul mulu,0.0
lama bantu sangat muas belanja sini,0.0
sangat sangat sangat kecewa serta layan customer service keluh sampai jujur kapok belanja produk elektronik tidak dapat bantu atau arah toko atau jual masalah unit atau barang akan clam walau garansi tahun hasil nol walau sudah sampai shopeecare hanya minta maaf terang uang sudah masuk toko buat apa toko sebut tetap shopee nama baik cacat,0.0
kenapa bagi halaman bisa buka padahal koneksi internet bagus udah update juga jadi gabisa lihat status pesan gabisa kasih rating pesan juga mohon solusi minn,1.0
beberapa kali akun banned utk alas gak jelas sudah aju banding tetap gak bisa udah alih platform lain gak aneh lha gak apa kok banned sopi sopi,0.0
mayan dah,0.0
selalu belanja dishopee jauh aman bagus bangettt,0.0
lama banget dpt driver shopee food aplikasi aneh,0.0
biaya layan mahal,1.0
mohon buat shopi kalu cari kurir jangan asal kurir cari amanah gara kurir suka batalin sana sekarang tidak bisa cod lagi kecewa kurir yanng antar rumah pesan batal alas nomor orang nya alamat,0.0
buruk banget masa paket tilep,1.0
tolol bintang buat shopee food resto nya harga murah tapi jelek order tidak sesuai buruk pesan,0.0
ngeselin banget kenapa mau chekout nggak bisa kembali home terus,1.0
alhamdulilah makasih teryata beneran amanah toko,1.0
sangat amanah reseller aplikasi shopee sangat senang belanja aplikasi,0.0
good,1.0
mohon pihak shope kalau kembali dana tidak usa sulit conto nya kembali dana pihak toko suda mau kembali tapi pihak shope malah sulit,0.0
ngk bisa cod padahal pelang setia ngak tau alasanya apa tiba tiba ngak bisa cod payah,0.0
tinggal daerah luar pulau jadi promo seperti potong harga atau gratis ongkir kadang kadang tidak selain kirim hemat kargo sekarang hanya bisa checkout barang jika pakai cod jadi cukup sulit moga depan promo lebih rata sistem kirim baik,1.0
kirim hasil,1.0
oke bagus coyyy barang banyak harga bisa sesuai juga enak sekarang spx cuman jnt karna biasa jnt lebih mahal ongkirnya mantapp shopee,1.0
hari sabtu tanggal april uinstal aplikasi perangkat mohon jangan sebar luas data diri pihak mana terima kasih,0.0
jadi bisa nge check out deh,1.0
kecewa,0.0
tolong iklan nyepam bgt buka apa aja tiba tiba iklan shopee aneh bgt,1.0
efek banyak putusin mitra para driver shopeefood jadi nya kalau pick paket sulit banget cari driver benerin tuh sistem kalian biar asal putusin mitra driver shopeefood salah,0.0
belanja senang tapi punya tanya affiliate shoope belum komisi masuk trus jika barang sudah laku nah skrng barang sudah laku sudah proses sampai selesai tpi knpa komisi masih tidak tambah sampai skrng mohon jawab shoope,1.0
aplikasi rekomended pada belah,0.0
cuma gara telat bayar playlater saja bbrp hari sudah tidak bisa pakai sama sekali lagi playlater nya,0.0
mau pesan barang takut kembali lama tidak seperti dulu kurir bangli bal sedikit kata kurir lain pas cari barang bisa tingkat bapak ibu biar jelas hubung dulu konsumen,0.0
layan puas,1.0
eee tolong kenapa shopee foodnya kok gak bisa pesan atas jarak kan bayar ongkirnya tolong luas jangkau nya,1.0
shopew sangat bantu sangat sangat manfaat mudah medapatkan barang belanja sulit cari pasar offline terima kasih shopee,0.0
solusi belanja code percaya,1.0
mantap aplikasi nya suka blanja sini harga murah banget pokok sukses terus buat aplikasi nya,1.0
luar biasa mudah bisa bisa jadi solusi rumah kami,1.0
performa shoppe sekarang buruk sekali sistem lambat mudah eror ketika langgan beli produk barang belum terima padahal sudah bayar lunas lewat bayar online sistem bisa bisa barang sudah terima barang bukti pdhal juga bisa bikin sama kurir spxnya parah shoppe harus kurir serta dalam cek pesan ketika nasabah belum terima paket bisa complain terkadang buat member shoppe cantum asal asal,0.0
kenapa paket selalu kembali gudang padahal barang sedang antar juga mau pickup barang barang ambil,1.0
sangat puas belanja shopee,1.0
makin kesini makin buruk layan shopee mau ambil untung doang antar harus nambah biaya ribu barang harga ribu mambah ongkir ribu kan gak masuk akal,1.0
shopee apa kbr smga sehat makin byk gemar adalah gemar sejati lho sampai saat sllu blnja buat pribadi keluarga buat jual sllu info kan tmn spy blnja tetap jaya,1.0
jual order instan gak dapat dapat kurir padahal kota kalo gin rugi parah shoppe sistem,0.0
mantab mudah praktis hemat,1.0
banyak makan diskon produk murah,1.0
belanja shopee sengaja pilih opsi kirim instan harap barang bisa cepet sampai eehh malah gak dapet kurir sampe hari gimna aplikasi besar shopee kurir ajj susah bikin langgan kecewa jadi gak cuma sekali sudah sangat sering jadi,1.0
sering kali pesan shopee food telah tunggu jam jam baru pemberitahuan batal alas selalu sama hanya terlalu sering kecewa saja bagi guna shopee food lebih baik guna aplikasi pesan makan lain lebih jamin,0.0
sudah mulai suka sama aplikasi banyak bantu juga tapi uang lambat datang gtw tolong uang saja masuk saldo pee kalo uang udah berapa banyak masuk tuh rasa gtw kurang muas barang kadang tetap lama nyampai padahal udah mau pakai juga gak bisa belanja lebih bintang karna gtw kalo gtw hapus atau uang masuk saldo bintang kasi full terimakasih,0.0
beli barang lalu datang tidak sesuai lalu atur retur brang tsb barang sudah ambil oleh kurir dana belum kembali tiba tiba akun blokir alas langgar komunitas kecewa sekali,0.0
sungguh sangat bantu dlm cahari sesuatu barang,0.0
tempat belanja bagus kirim juga cepat,0.0
frea zivana mia kaya bot bisa bantu cari solusi kurang ajar solusi belum ketemu main akhir chat aja,1.0
aplikasi banyak atur bikin ribet,0.0
stop ngsih diskon gde pas tanggal kmbr klo ujung ujung lelangin brng orng buat nganti rugi pda bngst jjr trima paket segitu gde and aman ilang gitu aja harga brang dalem juga ngga murah mungkin walaupun udah refund tpi refundnya berapa bahkan tengah aja ngga bahkan ktanya udh bsa cari lgi padahal blm udah coba telpon shopee juga tetep ngga respon kecewa banget ngulang terus salah sama dsr pernah bljr dri kslhn,0.0
payah nunggu jam cuman liatin cari driver batalin alas nya sedang tingkat cari driver,0.0
gim shope paylater nya masa bisa cair lama bgt maju apa udah nungu hari,0.0
aplikasi rudet,0.0
shopee salalu depan paking bagus oderan sampai tepat waktu,1.0
alam buruk ngorder makan minum mau ambil sampai cancel kali kali apa,0.0
happy shopping pokok shoppe,1.0
ngapa live video iklan sudah gak kuat shopee ngeleg bug restart,1.0
banyak oknum serakah jastipan dri thailand ilang kocakk gede bisa ilang kyk gamungkin bgt dah modal bgt smpe nge lelang barang,0.0
barang kita pesan sesuai bagus terima kasih shopee,1.0
kenap yaaa kalo barang kirim pakai jasa kirim spx selalu lama suka tambah estimasi kirim dada kalo bisa banyak kurir shoppe lahh biar gak tambah estimasi kirim terima kasih,1.0
tidak paham fitur shopee cod cod mereka bilang maksimal per transaksi cod akan tetapi mau cek out produk total nya tidak bisa apa apa kenapa tidak hitung produk total kenapa harus harga asli produk,1.0
pesan suka telat sudah hapus saja,0.0
shopee tanggung jawab atas hilang paket sudah lunas tinggal pack cakung plis lah jgn nyolong,0.0
aplikasi tolol masa mesan makan udah tungguin minit malah cantel kalau mau cancel awal kan bisa bikin orang ningguin aja,0.0
pokok sip dah shopee sangat mudah kan belanja,0.0
semenjak pakai shopee belanja lebih hemat harga juga lebih murah hemat tenaga hemat bbm hemat waktu pokok shopee the best,1.0
belanja lebih mudah hemat semua cuma nyawa aja jual,0.0
pliss klo mau iklan wajar jnganlah lngsng alih aplikasi trutama wattpad ganggu bngett orang mau baca,0.0
admin bantu naik limit nya jangan terus laah,1.0
mau sen makan tapi jarak restonya dijauhin bisa sen diresto udah gitu pas restonya sama jarak lebih jauh lagi atas malah bisa pikir gua sanggup bayar salah tuh aplikasi kenapa udah jam lebih dapet driver malah beli sen lagi diresto kan tolol kalian,0.0
nggk masa kan sih cuman iklan agak vulgar platform facebook instagram sama ngeselin aja fake button ujung malah suruh mampir,0.0
mntap terus,1.0
ayo jangan pelit gratis ongkir buat daerah jauh bro gua timur barang barang shoope murah murah tapi makan ongkir lebih harga barang,1.0
shopee belanja gak pernah gagal barang kualitas semua,0.0
trimakasih shopee bantu penuh butuh moga sellernya selalu amanah,1.0
paket terus tunda kirim kemarin sudah mau antar skrg taruh gudang lagi gimana sih jangan gara gara pesan sudah bayar seperti baik layan kirim kalau bisa kirim bukti lacak kirim kirim sini pake sistem cod paket sudah bayar tapi kirim kok belit belit pernah jadwal ulang kirim knp tiba tiba harus sudah antar rumah malah balik lagi gudang,0.0
alhamdulillah terus mudah urus kita,1.0
banyak diskon promo murah sangat bantu sekali,1.0
shopefood lama bgt jam lebih dapat driver parah banget buang waktu padahal udah order kirim paling mahal cepat tetap aja dapat driver mulu tingkat lagi,0.0
aplikasi shopee prangkat tidak bisa pake blanja,0.0
lebih mudah aplikasi lain,0.0
top bgt shopee marketplace paling laris,1.0
jay jaya,1.0
kok sekarang bisa bls chat blokir sama klo siar live langsung,1.0
shopee nya sekarang mahh susah bangett dapet driver nyaa herannnn,0.0
beli food batal harus tunggu menit padahal tidak respon restoran rugi customer aja,0.0
alhamdulillah aplikasi mudah buat nyari barang alhamdulillah jauh tida kendala draku pribadi terimakasih shoppe moga lancar terus,1.0
good apk the best and muas driver nya sat set sat set apalgi pas mesan mkn perlu nunggu lama nyari drive pdhl make hemat driver sopee moga lancar terus rejekinya,1.0
guna langgan shopee vip akal pas belum langgan tulis beli cuma lah dpt potong telah bbrpa hari langgan malah tanggal kembar pun kagak potong apa sial,0.0
sangat puas gordeng sangat bgsss,1.0
overall bagus cuman satu aja waktu mau ikut flashsale samsung tapi tidak bisa pencet jadi keburu habis padahal make nya wifi moga bisa baik bugnya,0.0
knp batas checkout sbel banget,1.0
shopee skrang lgi pemberitahuan klo paket dtang ntar ntar klo tahu kpan dtang paket nya salahin langgan block cod nya,1.0
shoppe mudah cepat murah dalam dalam jalan bisnis,1.0
kurir sangat amanah proses kirim pagi ditungguin smpai malam dateng tau kirim tunda alas beli tidak tempat bisa hubung padahal tuh kurir tlpn udh gitu kurir tuh suka enak,0.0
barang datang sesuai jual harga ongkir murah,1.0
okey banget,1.0
oke mantap shoppe,1.0
terimakasih shopee telah beri gratis ongkir jangan lupa sejahtera driver shopee,1.0
aplikasi shopee sangat bantu tampil mudah paham banyak promo tarik kirim juga cepat,1.0
suka shopee ikan lebih bunus diskon penguna paylater,1.0
knp shoppe sekarang byk ukur khusus nya mau belanja hrs kena ukur khusus mahal shoppe kyk dulu tolong hilang ukur khusus nya,1.0
bagus banyak diskon nya suka terimakasih banyak shoope,1.0
lama baik baik saja belanja online shopee,0.0
belanja shoope praktis lebih murah aman,1.0
good job siip,1.0
belakang pesan shopee food lama bget dapat driver gilir ganti langsung dapat driver dulu dulu juga ngak pernah kek gin kok sekarang jadi gin apa yaa,0.0
bunga lama lama jadi apa lagi kalau udah blclist apk lain gak bisa pinjam,0.0
bukain dulu spinjam baru kasih bintang,1.0
oke terimakasih shopee atas segala belanja,1.0
sueeeee paket hari minggu sampe skarang sudah mau hari minggu lagi blm nongol juga kenap sih gak cantumin nama kurir tlf nya seperti lazada tiktok,0.0
tapi kenapa cod batas per minggu padahal kan bayar coba jelas tapi klo layan sih very good,1.0
apa mau selalu shopee sen gampang lagi suka banyak diskon mudah capai ingin tuk milik barang terima kasih shopee,1.0
fitur cod akun batas alas batal paket terlalu sering padahal batal pihak shope jual sendiri apa karrna beli karrna diskon jadi pihak jual tidak kirim paket alas tidak kirim paket supaya batal cara otomatis,0.0
sering pakai shopee tapi shopepay acc,1.0
makin gajelas,1.0
aplikasi gak ribet cpt kalau kmplin sat set model bayak vocer suka soal hehe min kalau lapak gak amanah bisa offkan,0.0
aju kembali dana tolak pihak shopee alas tidak jelas padahal semua bukti lampir pihak jual juga sudah aku bahwa barang kurang habis pecat tim tinjau mereka tidak tinjau jika bukti tidak lihat baik,0.0
shope kadang kirim nya cepet kadang bisa bulan jadi expedisinya kayak angin timur barat atau angin timur laut tapi aplikasi shopee sudah beri mudah menu date trus tingkat terus,1.0
aplikasi favorit belanja butuh aplikasi paling komplit gampang cari barang unik,0.0
sangat bantu beli sesuatu tanpa harus pergi cari,0.0
bijak shopee sangat buruk apalagi masalah kembali barang dana butuh kan waktu jam kalau gak respon jual lagi butuh uang buat obat ibu lah kalian mau tanggung jawab kalau jadi sesuatu pada ibu sudah chat costumer service shopee sudah chat jual belum juga konfirmasi sama jual masa nunggu sampe tanggal keburu drop ibu,0.0
layan bagus toko amanah,1.0
aplikasi belanja online andal saat banyak promo respon lumayan garcep minim tipu belum pake biru hijau tapi telah pakai biru lama masalah toko tipu tidak benah hampir sama seperti hijau colab tok tok padahal dulunya hijau bagus belum colab sama tok tok,0.0
tempat belanja online oke bijak dlm mem komentar tahan bantu nya supaya selalu maju,0.0
apk nya sangat bagus bantu tapi kalo mau ngasih diskon ikhlas dong udah dapat diskon gede banget malah nggak bisa pake segala acara apa tetep nggak bisa kadang udah murah ongkirnya nggak ngotak terus masih tambah ongkir bayar lailahaillallah kalo nggak niat ngasih mah mending kagak usah cuma bikin orang greget aslam naik aja tapi selain udah bagus semua sih terimakasih,1.0
shopee beri mudah tiap kali ingin belanja,1.0
mara boros blonjo,0.0
gak bisa buat mesen tulis verivikasi terus,1.0
gajelas banget orang mau sen makan malah gojek engga aneh,1.0
kirim makin lambat respon gak guna spx makin aneh makin buruk,1.0
yakin shopee sekarang uda bisa cod kek nya bentar lagi bakal gultik deh karna bikin orang senang belanja karna sistem codnya,0.0
shopee food selalu masalah sangat lama dalam mesan tunggu driver bisa menit tolong lebih perhati lagi sudah sangat ganggu bulan akhir sudah tidak pernah pakai shopee lagi,0.0
neng belanja shopee selalu sesuai barang iklan tapi kadang respon jual lama lebih oke laah,1.0
oke makasih,1.0
mohon bantu spinjam spaylaternya supaya acc,0.0
sangat puas aplikasi sangat bantu belanja tanpa keluar rumah,1.0
benar aplikasi belanja tidak kalah aplikasi belanja lain tapi kekuranganya kurir lama kalau kirim barang padahal whatsapp nya jam tapi sampai jam jadi buang buang waktu saja masalah barang sih oke belum pernah kecewa serta banyak promo pasti bagus barang walaupun harga murah mungkin aja dulu sih rating saat guna shopee,0.0
drivernya banyak offbid masal kembali barang dapet dapat driver,1.0
kata suruh mana gak balas pulsa belum agen mitra kalian gak masuk,0.0
sekarang kirim hemat makin lelet dulu hari paling jauh jakarta pusat sekarang surabaya saja hampir minggu maksa banget giring reguler mana mahal banget lagi,1.0
sangat bagus langgan,1.0
oke mau lagi order klo toko amanah,1.0
aplikasi sangat guna buat mau mes sesuai ingin,1.0
selalu pake shopee karna barang antar kualitas tidak kecewa,0.0
nunggu dua minggu cuma buat liat dua paket gagal kirim dibatalin pihak sama pihak shopee buang buang waktu aja,0.0
shopee paling depan juga nyaman bisa belanja tanpa ribet,0.0
tipu pesan paket stb datang botol aqua cleo,0.0
bintang harus turun karna rasa sekarang makin mahal banyak biaya luar duga biaya layan juga mahal vocer diskon nya kurang,1.0
makin buruk aja nih kirim shopee masa kirim mulai jam sore biasa juga jam pagi udah mulai kirim rumah,1.0
oke lumayan bantu banget,1.0
top markotpp,1.0
wahh aplikasi cocok sama org mageran sama kalo lagi promo nya main main loh,0.0
saat cukup bagus jangan lagi lambat paket,0.0
kenapa apps shopeeku tidak bisa buka,0.0
jauh bagus shopee,0.0
parah nih tagih shopee stiap kontak handphone semua tlponin kan bukan lagi tagih tapi cemar nama baik langgar ite atur ojk baru tagih yng malu nasabah depan umum larang keras nunggak nya juga baru pertama terus buat apa bunga,0.0
aplikasi turut paling bagus daripada aplikasi beli online lain soal shopee barang lebih murah kirim nya juga cepet banget,0.0
mudah efektip banyak pilih apa butuh belanja shopee pancen oyes,0.0
sukses bgus brang trimakasih,1.0
shopee indonesia makin mantap kualitas jamin barang mahal pun jamin original nya,1.0
betul belanja shopee sangat bantu cuma lain pesan lain datang mau kembali barang cara tidak tau,0.0
kalo perhati agak sedikit konyol aplikasi guna lama belanja hari biasa belanja shopping day bulan bulan tanggal bagus harus belanja tanggal bulan bulan bagus lebih murah malah mahalin kan konyol nama mau belanja sekarang coba belum belanja tanggal bulan bagus tanggal biasa screen shoot pasti akan beda antara mahal banget sama lebih murah sedikit,0.0
bagus aplikasi nya jelek iklan menggangu mana mana selalu muncul bikin males,0.0
nambah kesini kirim guna logistik spx sangat lelet lebih estimasi tentu tolong baik sudah tiba lokasi sering banget langsung kirim nunggu sampe hari,1.0
sangat muas belanja shopee banyak gratis,1.0
mau beli emas kok bisa padahal uda ubdet kena tipu,0.0
aplikasi bagus tapi mohon blokir akun sering tipu beli agar kami tidak rugi tipu saja mohon baik banned akun akun,0.0
sampai saat belum ubah kirim sangat lambat banyak berang tiru jual,1.0
kecewa sama shopee kenapa akhir aju spinjam kok tolak terus malah muncul tulis akun beku sementara padahal lama belum pernah telat bayar apalagi sampai nunggak sangat sangat kecewa,0.0
shopee memang mantap jaya terus shopee,1.0
oke mantap shopee indonesia,1.0
beberapa bulan akhir terus terus kendala pada produk pesan barang hilang produk sampai salah produk pesan sampai kurang buruk sekali buat kustomer seperti kecewa gak nyaman,0.0
bagus sekali lancar cepat,0.0
sangat bantu tapi terkadang konsumen harus jeli belanja mulai lihat ratting toko hingga kwalitas merek barang terimakasih shoppee,1.0
heh cukimai urusin ekspedisi noh spx ngelelang barang barang yng nyata hilang barang gua sama temen temen gua tilep gitu aja sama spx badjingan cakung inget cakung cakung amanah suka nilep barang orng suka ngelelangin barang barang orng,0.0
banyak cancel karna hal tidak wajar padahal beli barang sudah sesuai harga toko voucher maaf sangat tidak rekomen shopee sekarang layan makin buruk,1.0
mantaaplah manfaat,1.0
sangat bantu mudah belanja tanpa harus belanja luar,0.0
skip uninstall deh sen shoopefood drivernya pada blagu udh jam lebih beli makan gaada pickup keburu metong dah perut benci bgt,0.0
shope lebih hemat besok pasti sampai,1.0
mnggu kjadian pkt stuck ujung hilang sunter tuh evaluasi,0.0
amanah tahan,1.0
sangat bantu sekali dalam usaha kecil,0.0
bisa belanja dengannline gak cape lagi keluar deh,0.0
aplikasi shopee sangat bantu belanja online banyak pilih produk harga saing sering promo gratis ongkir fitur aplikasi juga lengkap mudah guna alam belanja jauh muas mulai proses order sampai kirim jalan lancar sistem bayar juga agam praktis moga depan makin tingkat performa aplikasi agar lebih ringan tidak lag saat guna terima kasih,1.0
aplikasih bagus kalo mau sen barang dll sini aja bagus,1.0
sabar tunggu waktu tepat tunggu promo event event nya anda akan dapat harga bawah pasar bahan baik bisa guna turut,1.0
alhamdulillah belanja jadi lebih mudah,1.0
lagi nyari makan satu toko shopee food harga ongkir sengaja dinaikin cek akun lain ongkirnya normal tapi akun sedang pakai ongkirnya naik,0.0
shoppe sudah banyak laku ubah jadi baik terima kasih,1.0
kurir lot iya tau bnyk pesan tapi gak harus lah lewatin rumah bnyak kasus tipu estimasi lama banyak kurang bagi spx tolong baik jika sudah akan beri bintang,0.0
belanja shopee sekarang makin seruu udah murah semua barang juga pokok belanja shopee gak kecewa sama sekali,0.0
paket bagus cocok banget,1.0
betul betul bisa tanggung jawab,0.0
mantap diskon ngak main main,1.0
kirim lama sekali,0.0
tiap produk kosmetik beli selalu ori kualitas top puas deh belanja shopee,1.0
shopee bagus udh sering belanja sini tapi agak sering ngelag jadi tolong ilangin ngelagnya pasti makin pol,1.0
sangat banyak pilih sehingga sulit dalam tetap beli,0.0
lumayan klu keorian krg original,0.0
bayar cod bisa semua toko padahal toko bilang kalau aktif codnya tapi tetep bisa cod,0.0
sangat batu tapi ongkirnya mahal banget,1.0
suka banget belanja shopee semua barang cari hampir semua terimakasih shopee,0.0
kocak banget pesan dibatalin sama kurir nya padahal salah dia sendiri salah cancel tapi gamau tanggung jawab pesan chat tidak balas,0.0
bintang bicara,0.0
jelas tidak bisa ambil putus tegas tim mediasi kembali dana sudah nyangkut hari jelas barang sudah return rim seller masih bilang prioritas suruh tunggu jam terus terus aplikasi jelas,0.0
kirim selalu lama beda sama belah,0.0
pesan pompa kolam ikn lele merek honda wat jlr hergaransi thn kirim abd kadir noer jln tamalanrea raya blok komplexbumi tamalanrea permai kelrhn tsmalanea kec tamalanrea mks byr cod qutunggu wslm,0.0
aplikasi kasi sangat bantu buat belanja online tambah banyak vaucer bisa guna serta banyak gratis nya pokok nya aplikasi sangat mudah belanja moga jauh lebih baik lagi cocok dgn perangkat akun sangat bantu,0.0
banyak orang jual harga ganja mahal,1.0
bagus gak pernah kecewa belanja shopee,0.0
expedisi kirim spx sangat lambat masalah sudah lama keluh tapi tetap tidak baik,0.0
sangat rekomendasi sekali buat belanja online,0.0
suka sama shopee marketplace lengkap semua butuh keluarga,0.0
busuk banget promo nya beli anti gores perak bom pakai malah pas mau bayar anda sudah guna promo hahaha apk sampah,1.0
trima kasih,1.0
sudah bagus tingkat lagi,0.0
jauh bagus bantu tahan maaf kurang bintang karena banyak notif potensi tipu pakai akun shopee kenapa hal bisa jadi,0.0
shopee mau bayar tagih spaylater tapi kena susah sekali ngecek nya loading aja,0.0
flash sale ampas kata sistem ketat tapi nyata flash sale wajar menit habis apa coba manusiawi coba deh baik lagi sistem logis dong mikir mana human menit bisa langsung habis kalo dalam milidetik klik jelas,0.0
sale website error kirim gimana sih bisa kek udah begadang kaga dapet barang apa kecewa bad banget banyak voucher goib juga lagi hadeh,0.0
selalu puas layan,1.0
suka tunda nunda kirim alamat beli,0.0
sangat puas gampang melalkukan retrue,1.0
shopee udah deh gausah pake ekspedisi spx lagi nyusahin barng selalu stuck gajelas,0.0
lagi coba dulu kalo bagus pasti beli lagi,0.0
makin kesini kirim makin lelet lot lama banget,1.0
mas bak tolong tegur toko bales chat jual guna niat jual atau tidak tanya barang jual biar tau barang nya kayak apa malah jawab benar aja lah tolong tegur punya toko gak niat jual,0.0
direspon dgn cepat barang selalu sesuai harga banyak diskon khusus,1.0
toko online rekomendasi juta umat,1.0
makin hari makin parah bisa cod,1.0
layan sukses shopee,1.0
lama hbs lebran kemrin knp kirim udh bgian sulawesi tengh pun kirim ongkirnya sampai rbu pun gratis ongkir bisa cod juga opsi kirim lagi tra atau apa min soal udh bnyk brng jual mau stok jual sdh hbs,0.0
aplikasi ndak jelas kalau mau malah kasi lag eror mulu,0.0
shoppe benar aplikasi nya bagus sudah pake thn lebih kali tpi tolong benahin lagi shopeefood nya sudah jam kali cancel pesan cancel pesan sampe beda gunain masih aja dpt driver tolong cari apa akar masalah nya kenapa driver jarang mau ambil atau kurang driver kah kalian waktu awal pake shopeefood masih bagus driver cepet nerima order klu skrng,0.0
rekomendasi,0.0
tiap pesan gagal otomatis udah vip voucher kaga bisa dipake langgan setia udah lama makin sini makin parah aja sama aja nuduh kita masalah dalam guna voucher vip aja tolong baik jangan sampe nanti jadi pindah app belanja lain semua langgan nya,1.0
shopee bantu penuh butuh seluruh masyarakat,0.0
mau belanja shopee gak pake ribet tinggal pesan klik keranjang kuning,0.0
tolong dong pihak gudang shopee jakarta utaraa kenapaa paket stuck situ terus kirim tggl maret sampe tggl april stuck situ teruss,1.0
shopee masih tetap baik market indonesia banding lain banyak promo coin shopee juga sangat manfaat bagi konsumen,1.0
aplikasi tambah gak jelas kirim masak sering gak kurir mana semua kataxa,0.0
applikasinya bagus ongkirnya kadang masuk akal ongkir lbh mahal harga barang,1.0
belanja shopee muas tidak kendala slalu time kurir nya pun ramah baik barang shopee bagus smg sukses selalu shopee,0.0
spx jangan terlalu banyak transit sortir jadi lama nyampainya masih kalah sama lex,0.0
good commerce,1.0
shopee salah atau salah tiap lagi scroll tiktok trus pencet apa apa tiba tiba masuk shopee pas lagi baca wattpad tiba tiba masuk shopee pokok mau aplikasi apa sering tiba tiba aplikasi shopee paling sering tiktok kaya gitu tolong donggg baik,0.0
mantap puas banget,1.0
paket stuck njir pesan tanggal ngestuck suatu daerah tanggal sampai sekarang nga gerak woi kan dah lewat estimasi tiba nya jadi kasih vocer tapi masak kasih vocer minimal belanja banyak belanja vocer cuman njir nga usah kasih kaoau gitu anjir minimal gerak kan paket ituhhhhh,0.0
bagai beli rasa kecewa retrun paket baru kali langsung fitur cod non aktif gua uninstall sekali apa gimana apk apa download aja apk seba,0.0
baik banyak bonus gratis ongkirnya,1.0
ongkir shopeefood sekarang mahal banget,1.0
puas hasil,1.0
suka banget belanja shopee makasih shopee,1.0
mudah praktis tanpa tele tele,0.0
pokoknye the best dah tuk apklikasi gue saran belanja dsini jngn lain deh karna lain banyak tipu,0.0
suka sama aplikasi lama banget kirim barang sampek hari dstu terus jalan jalan tiap pesan barang datang selalu lama,0.0
kak knp klo beli barang suka batalin otomatis padahal ngga pencet batal nya kenapa,0.0
halo developer shopee tolong hapus recaptha saat tekan produk trimakasih,1.0
semangat oke,1.0
bagus banget serba bisa pakai shopee pokok nya bakal kecewa,1.0
alhamdulillah senang belanja dishoppee gak perlu capek capek keluar rumah gak susah nawar gak susah keliling toko apa ingin sedia tinggal pilih puas pokok nya penting tinggal lihat isi kantong langsung belanja terimakasih sukses berkah slalu shoppee,1.0
kenapa sih masih bnyk kurir nakal,0.0
lah poko namah,0.0
busuk enak jidat ngirim estimasi sering tib tiba rubah lebih tanggal estimasi busuk kaya aplikasi lain tepat waktu,0.0
oke pis,1.0
tiati guys sekarang belanja subtotal khusus belum pasti dulu harga makin lama makin ngejarahh sokk lanjutken,1.0
suka belanja shopee apa kita cari semua apalagi sekarang cod cek dulu nya jadi tidak ragu belanja sini,0.0
okay bgt muas shopee nya,1.0
sering dpt ramah driver padang tolong benah,1.0
tahun shopee kenapaa siiii sebel bgtt masalah kasih bintang aja langsung kena langgar komunitas blokir mana pulih ribet bgt lagi malam udah call shopee udah buka blokir nya ehh siang blokir lagi udah coba masuk pake akun belum bisa pake akun lain lagi bisa udah banyak akun kena blokir uang juta rupiah raib perkara tolong doongg sistem dibalikin aja kaya tahun sebelumnyaa jangan nyusahin orang,0.0
jelas tiba tiba langgar,1.0
selalu puas layan sukses selalu buat kita semua,1.0
tolong nomor kurir tugas ngirim cantum supaya bisa hubung biar lebih mudah proses cod nya,0.0
aplikasi mudah hemat belanja,0.0
mantap bos,1.0
management platform layan buruk tidak manusia karyawan mitra nya sendiri mitra driver food upah tidak layak mitra kurir diksh paket cargo bayar kecil usaha ampas,0.0
tidak bisa login guna nomor handphone meski sudah mereset password ikut arah tetap saja tidak bisa masuk alas aman hubung begitu terus terus harus bisa hubung bukan bot ujung muter,0.0
bagus sekali shopee jual nya banyk amanah walaupun bbrpa tidak sesuai barang foto tapi sangat puas jika belanja shopee banyak voucher juga bisa guna,1.0
bnyak promo,1.0
busuk kirim nya,0.0
makin kesini kok shoppe makin aneh masak pegguna baru shoppe sekarang voucher gratis ongkir nya bisa pakek klo bisa pakek pun tiba batalin plis dong kembali shopee dulu shoppe dulu suka bgt,1.0
terimakasih mudah dalam belanja barang tingkat terus layan baik,1.0
aplikasi online baik,0.0
kurang,0.0
sangat bantu perlu belanja trim shopee,1.0
masih toko tdk jujur baik dlm membeeikan size pesan atau warna barang shoppe tdk beri sangsi tegas turut blm layak rating bagus,1.0
sangat bantu semua jadi mudah trmksh,0.0
sangat puas sangat bantu,1.0
jangan kasih error trs,0.0
udah pernha belanja platform lain udha uninstal lain shopee aja udha semua cepat layan bagus akendala kalimnya cepet heran guna platinum,0.0
kenapa tidak dapat mes paket sama sekali,0.0
sini banyak sekali barang barang bagus harga kualitas nya sangat kualitas,1.0
terimakasih teams shopee,1.0
gratis ongkirrr,1.0
good market place,1.0
sekarang akun tidak bisa cod jadi akan alih aplikasi lain saja,0.0
top baget,1.0
alam belanja sini seru kalo mau beli apa apa tempat rata rata mahal kalo shoppe murahh gratis ongkir moga shopee selalu kasih murah gratis ongkir,1.0
kurang suka shope sekarang banyak vidio afialet menggangu tidak bisa mati apk shope lite tapih sangat ketingalan jaman,0.0
jengkel kurir spx nya udah pesan lama bangat sampe tuju kurir nya malas suka batalin pesan orang enak jidat nya,0.0
apk makin kembang kualitas sangat bantu tiap guna layan shopee indonesia terima kasih,1.0
penjualnyaa rata rata tipu,0.0
paling suka belanja shope biasa belanja udah dapet ongkir tapi makin sini kalau belanja bawah nggk gratis ongkir mau pindah aplikasi deh belanja nggk lagi belanja shope udah nggk kayak dulu lagi,0.0
iklan nya kurang ajar trus video nya jalan sndiri,0.0
banyak toko nipu seperti toko zulvinshop toko jaket beli jaket kirim seperti jaket bekas udah bulu udah laporin toko nya aplikasi shoope tapi toko nya banned jika biar shoope akan hancur seperti lazada karna banyak toko nipu,0.0
sangant baik bisa bantu segala urus mulai pakai uang lain cinta poll sama shopie,1.0
moga tambah jaya,1.0
sangat senang belanja shopee shopee sangat ramah kurir juga sangat lama juga layan baik kirim sangat cepat nomor ingin belanja lagi shopee shopee sangat baik kepada customer customer beli produk shopee shopee memang aplikasi paling mantap juga ingin ajak teman teman belanja shopee,0.0
tolong jasa kirim cargo spx daerah gunung kencana baik lagi kirim paket kecil tapi kirim sma mobil mnding klw tepat waktu dia kurir pada mls antar dalam,0.0
syaa ngerasa puas aja smaa platform toko online nya selain baguss platform juga bantu banget buat kalian mau beli sesuatu nyari murah tapi kualitas gak murah bisa sini tapi sayang nya beberapa seller gak amanah nipu lahh atau apa syaa harap depan nya shopee bisa verifikasi dulu belum seller jual barang atau apa mereka jual biar gak jadi sesuatu rugi buyer ajaa nilai moga baca sama pihak shopee nya makasih,1.0
kenapa pas cod bayar nya nambah misal beli jadi tolong lah,1.0
promonya enggak sesuai utama diskon gadet sepatu cepat banget belum selesai pesan barang udah habish duluan,1.0
trimakasih shopee slalu mmbantu jaya maju sukses trus shopee,1.0
kurir jelas tiba tiba saja status sudah batal terima minta batal padahal gak pernah tuh minta batalin paket,1.0
kalian niat sih ngirim barang semenjak tidak kerja sama jnt pake spx aastaga barang lama bangett sampenya sampe muakk mending pake tiktok shop tau gim dasarr,0.0
tiap buka aplikasi pasti lag banget kadang gak bisa pencet apa apa,0.0
aplikasi sangat baik dalam cari butuh banyak mudah dalam transaksi moga terus bisa jadi andal,1.0
spam iklan nya ganggu bgt anjiy,0.0
layan cepat ramah harga cukup jangkau barang nya bagus selalu sesuai ekspektasi aplikasi nya cakep jarang nge lag nge bug,1.0
kirim sangat lama buat muak,0.0
sopi memang bagus barang ngga ngecewain,0.0
kasih bintang kalau dapat flash sale hihihi tapi aplikasi bener bagus kok harga nya juga oke apalagi kalau dapat banyak voucher beuhhh makin murceee tambah lagi banyak event bisa bikin harga makin murce,1.0
suka banget jadi hobby belanja online,1.0
heran shopeefood pilih menu untk cepat kirim makan express prioritas normal hemat pilih express biar cepat urgent ehh tau tau nya lambat tidak prioritas diduain sama driver double order kalo gitu ngapain express sama tipu,0.0
rasa puas lama belanja shoppe,0.0
masyaallah makin puas shopee banyak fitur baru sangat ikut kembang jaman goodjob,1.0
aplikasi belanja online ter the bestlah pokok,0.0
bagus bgt butuh hari hari kalo mau beli sesuatu barang nya pas sesuai bgtttt,1.0
pesan batal tiba padahal sudah sesuai prosedur tidak konfirmasi tapi pihak shopee batal pesan saat chat kata akan follow tetapi tidak beri terang lebih lanjut tidak follow padahal sudah kirim email nomor aktif apk burukkkk,0.0
jauh rasa cocok puas shopee,0.0
sekali,0.0
rasa makin lama makin muak kirim tepat waktu sesuai tanggal kirim kadang hampir minggu tolong baik cepat kirim paket,1.0
beli beli retur tdk pernah menang banding beli tula selalu menang rugi waktu barang rusak tukar beli ongkir nya selalu beban jual shopee shopee nya salalu untung untung dak berapa rugi jelas gimana umkm mau maju kalu begini shopee,0.0
tidak tanggung jawab nya,0.0
tapk tidak jelas,0.0
alhamdulillah lama belanja shopee semua lengkap fitur fiturnya dukung banyak promo tarik serta sekarang syukur ongkir sudah makin kurang apalagi kita hidup timur indonesia,1.0
alhamdulillah jalan lancar,1.0
pikirin driver juga boyy jangan mau untung aja,0.0
bagus app nya sesuai banget murah murah bgt banyak barang cari,1.0
ongkirnya makin gilaa sih,1.0
mudah apa kita butuh smuanya lengkap transaksi beli amanah aman,1.0
iklanya bro mbajak banget,1.0
lama bangettttt kirim nya daerah bekas tunda terus,0.0
suka bgt sama apk ini pokonyaa juosss polll anjaiiii tpi sayang nya banyak jual nga jjr banyak bohong beli apa dateng nya apa,0.0
komitmen sesuai ekspektasi,1.0
aplikasi shopee sangat bagus belanja sangat murah tapi tolong update shopee pinjam ketika pinjam dana nama jadi bisa kasih nama pinjam,1.0
trimakasih belanja lebih mudah serta banyak butuh bisa cari sesuai harap juga bayar pakai cod rewet barang sesuai order langsung bayar tempat suka byr lain bisa krna photo ktp buram,1.0
oke sini gue udah muak bgt sistem kerja shopee seperti kemarin gue beli beberapa barang belum minggu emng sampe tapi cuman beberapa doang sisa udah lewat tanggal kirim lalu pas gue cek shopeenya mereka bilang kalo paket gue udh dateng tapi tolak gue bingung nyanpe rumah aja kagak masa tulis olah olah gue nolak anj bgt udh komplain juga sistem cuman tanggap ngeh ngoh doang gakjelas sisa paket lagi bom nyampe gimana min,0.0
muncul kan iklan terus meneru,1.0
belanja shopee tidak ragu,0.0
tolol,0.0
kesel kalo harus update terus,0.0
spx expres sukmajaya hub liat rating google kacau kirim sllu molor,0.0
baru bikin akun baru pakai baru beli tiba hari kemudian notif akun batasin krn beli curiga padahal belum beli apa tuh akun baru pas daftar pakai nomor baru malah guna baru nya gak bisa pakai belanja,1.0
banyakin promo plis,1.0
shopee sangat bantu kami dalam bisnis pokok mantab,1.0
tanpa aplikasi,0.0
gua doang apa lain pernah ngerasain dah sekarang voucher lambat harus min beli dulu masih trus kadang harga gak sesuai pas murah tapi pas bayar harga beda makin mahal coba min kasih jelas sementara bntang gua kasih dah krn gua udah lama pakek shopee,0.0
cuma kirim sangat lama,0.0
akun batas gabisa dikembaliiin dalem saldo lumayan banyak nanya tapi ngasi jawab,0.0
bisa pesan kapan saja,0.0
cerdas napa kalo ngasih fitur update fitur buat solusi kan tapi belum analis lapang kan gak becus tim,1.0
kirim cepat ongkir murah barang kualitas,1.0
iklan mua tiap tampil notivikasi iklan awal akibat loading lama buang notifikasi iklan jengkel selaku konsumen,0.0
sangat buruk layan konsumen nya,0.0
bagus nya ush bahas mls isi saldo udh ngisi msh kurang pdhl jmlh pesan sdh pas sgitu harga barang turun naik udh masukin saldo pas jumlah bilang voucher sdh habis bbrp menit aja ribet argh tagih spinjam knapa langsung aja buat bkn hrs per kan brasa utang tolong langsung munculin aja hutang bln biar langsung bayar,1.0
bisa mudah orang ketika sedang butuh sesuatu,0.0
lebih bagus kasih bintang karna masalah kirim spx nya kenapa harus puter dulu padahal udah lokasi titik akhir cek google map nya dong,0.0
kirim sering tunda tunda alas terima tidak rumah lot banget sekarang kirim,0.0
langgan shopee inimah tapi sayang spx mah lama sampai jadi gitu kalau soal aplikasi sih bagus buanget,0.0
sangat guna bagi nusa bangsa,1.0
pesan hilang kurir tidak tanggung jawab pihak shoppe pun lepas tangan uang hilang aplikasi busuk,0.0
shopeeee kok punya bisa cod sihhhh allahh ken bgt tapi bisa cod,1.0
sekarang shope lebih baik kemaren rubah bintang menhadi shopee mau benah salah kurang pernah komplain mantap mudah han tahan,0.0
sudah lupa kapan akhir minta tolong baik akun sampe detik akun masih tangguh sementara sudah tidak punya tagih apa pesan apa mau hapus akun pun tidak boleh kalian benar aplikasi sampah,0.0
barang nya sudah terima dgn baik tidak cacat atau kurang apa pesan ori datang nya ori juga good lah terima kasih shopee,0.0
kapok bli toko debest pokoke,0.0
kereeen banget shopee banjanya murah murah,1.0
makasih shopee bisa klaim diamond free fire,1.0
bagus bisa dapat diamon gratis kalo ifen,1.0
tolong jangan aplikasi shopeenya jangan tunda tunda pesan suka belanja sini tapi tdk suka pesan tunda oke terimakasih oke terimakasih pesan jangan update terus iya saran harus tingkat pesan harus cepat oke terimakasih aplikasi sshopeenya tdk bayar cod nya semua tolong baik agar sama sama puas,0.0
aplikasih sangat bantu belanja onlin aplikasih juga sangat mudah guna jadi lebih suka pakai aplikasih,1.0
shopee adalah aplikasi sangat bantu butuh kita hari hari apa pun shopee bisa bayar apa pun shopee paylatter juga tinggi limit nya sukses selalu shopee,0.0
gak cape gak buang ongkos harga saing banyak pilih,0.0
baguss banget guna banyak diskon juga banyak gratis ongkir pokok mantulll,1.0
bodoh sedang rusak makanya ingin beli lewat shopee seperti belum nya tapi pakai saudara hanya bisa akses shopee lewat browser bodoh nya halaman shopee dia muter aja bagi verifikasi email sudah selesai verifikasi email benar malah halaman tidak mau muncul beranda shopee kalau buka halaman baru shopee minta login lagi verifikasi email lagi gak masuk beranda lagi gitu lagi sampai kiamat tolong baik halaman shopee kalian via browser,0.0
shopee edan banyak iklan,0.0
aplikasi kenapa susah buka tolong benah lagi,0.0
bagus lama shopee gratis ongkir tanpa minimum belanja selalu pakai terimakasih,1.0
saat jadi beli aman aman saja namun saat mulai jual banyak sekali kendala tidak senang,0.0
aplikasi baik,0.0
hampir tipu ngeriii,0.0
transaksi beli mudah jenis barang sesuai,1.0
paling emosi klo buka sutus muncul iklan benci bgt mana mana iklan nya dpam banget,1.0
baguss bgtt admin toko nya baik baik semua,0.0
pokok cari barang butuh shopee ija,0.0
sangatt kecewa awal nya bsa pinjam skrng bsa sudh ajuin stiap bulan acc lgi untk apa limit bsa cairiin parahh gak jls,0.0
kenapa kok pesan pake baru belum pernah pesan kan barang tapi bisa mes barang terus tulis telah pakai promo padahal belum pernah pake baru juga beli anehh,1.0
tidak sperti dulu pengirimanya sekarang lama spx jelek,0.0
kurir nya agak aneh daerah kapuas hulu bukan antar malah retur,0.0
banget pokoke,1.0
shope sangata batu segala butuh terimakasih,1.0
langgan setia selalu dapat voucher shg harga jadi murah,1.0
marketplace slama tahun blnja tdk kendala hanya saja terkadang bila menggunakn spaylater bunga potong trlalu besar trmkasih mimin slalu respon puas blnja skr eksedisi murah kuota gratis ongkir walau kita blnja sdkit tetap kirim ongkir ttp ringan salut shope,0.0
suka dgn aplikasi nya tapi tolong kalo buat iklan buat tanda silang nya bener gak usah kecil kecil meleset dikit langsung masuk shopee nyebelin tau gak kita bakal pake aplikasi nya kok buat tanda silang nya bener bukan tipu tipu ngelag kalo masuk shopee lagi main game terus iklan its okay penting kalo pencet tanda silang nya keluar bukan masuk shopee buat tanda silang nya bener besar tapi real bukan vidionya,0.0
kecewa padahal lama sering sekali transaksi pake shopee sampai upgrade vip tapi kali kendala refund karna salah warna barang sudah terima seller tapi dana nya masuk udah lebih hari kerja status nya ubah terus saja investigasi padahal udah jelas kasih bukti kalo barang sesuai tiap hari chat cuma bilang akan prioritas tapi tetep aja ubah hadehh,1.0
coba jangan mitra sama spx lama datengnyaa jalan,0.0
mohon tinjau kembali lapak sering batal kirim pesan sangat kecewa sekali,0.0
coba tambah fitur nighmode karna device tentu tidak kompatibel nigh mode nya,0.0
oke shopee bnyak menudahhkan,1.0
lama shopee masih pakai spx bintang tidak akan ubah spx ekspedisi buruk pernah,0.0
knp lagi mau ngubah nama toko pun gabisa susah mintaa ampunnn bangetttt mau edit deskripsi juga gabisaa sangat susah jual dalam hal,0.0
banyak seller kurang teliti pesan,0.0
kirim nya aneh masa pas kurir dah tugas malah jadi proses lagi,0.0
udah sekian kali kirim pihak shopee hancur malah tuduh beli jawab ulang beli pdhl hubung pun gak betol hancur kalian,0.0
apk aneh buat program affiliate malah dibened dibened org salah apa pdhal jadi langgan setia shopee udah lama sekali akun baru guna baru buat salah apa dibened wort lah skip,0.0
yaa baguss polll barang murah murah tiap bulan pasti dapet diskon gedee,1.0
apk shopee sekarang makin kacau baru buka apk langsung suguhin iklan video bagi sangat ganggu,1.0
barang murah kualitas bagus bnyk diskon jugaa,1.0
banyak produk palsu nggak mau bena,1.0
optimisasi aplikasi sangat buruk utama saat jual akan tambah produk handphone sangat buruk optimisasi butuh waktu sangat lama respons aplikasi sangat lambat,0.0
terimakasih shopee pokok sangat daaaann sangaaattt membantuuuu mmah reihan dellyn,1.0
kadang ngelag tingkat kembali kualitas shopee,1.0
hari mau ngirimin barang masih overload gudang banjarsari hub malah arah layan atas nama angga pratama aktif spinjam udah bilang ngga mau pinjam aduh gimana cara nonaktif malah ancam kalo ngga ntransfer rekening nanti tagih masuk ngga minjem tapi tagih tuh macem mane huuh huu,0.0
makin kesini makin pelit gratis ongkir,1.0
kecewa pernah telat sekali sudah bayar tapi suruh nunggu ketika cair sudah bisa ttp saja tolak kasih bintang supaya bisa baca harus kan bisa cair lagi riwayat bayar selalu tepat waktu cuma lambat bisa ngajuin,0.0
shopee makin kecewa dalam hal kirim utama pihak shopee express buruk layan pesan sudah sampai kemarin tapi ulur kirim hingga hari sangat tidak profesional,0.0
harga ekonomis,1.0
amanah selalu shopee indonesia,1.0
knpa shope bisa cod lma banget pdhl mas bisa cod,1.0
selalu puas belanja shopee layan bagus responsif moga bisa makin baik lagi sukses selalu,1.0
mudah belanja online barang ori sesuai pesan,1.0
suka shopeenya banya diskon tpi pas flash sale tolongg sistem shopee deteksi nya aplikasi lain buat guna flash sale sebut contoh nya auto klik jdii lain sering bagi bhkan pernah dapet karna banyak pake aplikasi tsb hrusnya sistem shopee bisa deteksi apk luar guna dalam shopee buat adil cara masing dgn cara manual bukan malah pakai aplikasi lain jdii untung terus banya org lain butuh tolong kerja samaanya trimakasi,1.0
mudah aman puas,1.0
sangat puas semua produk bagus kirim juga cepat,1.0
mantap aplikasi percaya,0.0
makas sangat bantu belanja moga sukses,1.0
flash sale kok makin aneh situ bisa masuk keranjang waktu malah tidak bisa,0.0
kecewa bgt spx paket cuma stuck simo gak antar antar padahal udah tanggal simo,0.0
suka belanja shopee karna banyak gratis ongkirnya paling mau evaluasi kirim lama klo gratis ongkir,1.0
bagus aplikasi nya suka belanja sini ongkir nya juga murah,0.0
udah kurang nyaman belanja sini kirim terlalu lambat beda kayak dulu sekarang malah bisa sampe minggu baru nyampe,0.0
langsung uninstall,1.0
sangat cocok belanja online murah serba guna hasil guna penuh syarat seleksi terima,1.0
tidak dapat percaya,0.0
baik sekali,0.0
kadang bisa pesan langgar apa pdhl pernah,0.0
shopee bagus orang jauh jarang beli luar biase beli online walaupun agak lama tunggu nya,0.0
aplikasi favorit cewe indonesia,0.0
sering refresh performa aplikasi berat produk harga flash sale masih sedia tapi ketika akan bayar tidak bisa padahal sudah refresh berulangkali masih sedia beli normal gagal tapi bot selalu bisa tipu nama bisa lapor lindung konsumen,1.0
tidak sulit keren,0.0
heran banget bisa bisa harga jadi mahal padahal harga produk murah tapi subtotal kirim mahal padahal udah pakai voucher diskon tapi tetep aja mahal,1.0
stabil aplikasi sangat luar biasa meski koneksi internet sedang tidak stabil tetap bisa fungsi baik tidak mudah keluar sendiri sangat bisa andal dalam bagai situasi kondisi jaring sedang buruk,0.0
tampil produk kualitas harga rakyat buat ibu halang belanja toko cukup dirmh buka apk shopee jamin pasti beli blm tau ketika kerja ipar tau skr langgan thanks shopee rmhq cerah berkat,1.0
cara nge blokir aplikasi shopee rese banget aplikasi masuk alpilaksi lain tiba masuk shopee terus,0.0
kenapa sering ufdate min sekarang makin lot min,1.0
senang belanja shopee tapi kadang buat kecewa kalih,1.0
happy shopping,1.0
shopee sekarang tipu nya banyak php barang tidak kirim sampai barang hilang makin gak jelas pindah blibli biar mahal tapi transparan pasti,1.0
bisa beli apa mauu,0.0
sekarang menu notifikasi app shopee jadi gak enak tampil bikin bingung tolong kembali seperti dulu lebih simpel gak bikin bingung beneran harus kembali menu seperti dulu nanti kalo sudah kembali kasih bintang,0.0
ngeselin iklan kagak bisa skip masuk sendiri gua lagi asik asik main game iklan ganggu gua langsung keluar game masuk lagi keluar lagi ngeselin emang shopee,0.0
belanja mudah simpel apa lagi seperti lebih sibuk rumah sehingga tidak waktu keluar,0.0
sekarang mau belanja susah cari gratis ongkir shopee sekarang engga kaya dulu voucher gratis ongkir limpah sekarang pelit harus jadi langgan vip bagai guna shopee sangat kecewa,1.0
bikin belanja makin muda,1.0
sangat puas belanja shopee cepat percaya,1.0
shopee nya bagus tapi tidak jasa kirim kenapa tidak pakai jasa kirim lain sudah jelas kejanya cepet bikin jelek shopee adalah spx paling lot jasa ekspedisi lain paling pambat hari sampai kalo spx bisa lebih emang kerja spx lot mending belanja lewat apk lain udah jelas jasa kirim nya satset kayak spx lot,0.0
min tolong refund tiket kembali dana kalau bisa proses cepat padahal bayar aja harus gercep gilir refund nunggu smpe hari pihak maskapai juga kalau masalah refund seperti proses masa harus nunggu bulan bulan sih,0.0
sistem order tidak pihak pada driver paket sameday sering muncul pada malam hari hingga paket tarif murah jarak jemput jauh jelas rugi waktu juga ganggu konsumen sedang istirahat malam hari juga banyak toko operasi hanya sampai jam sore jika dicancel driver malah kena suspend gilir aju banding udah cape jelasin alas cancel order tetep aja gamanusiawi driver argo kecil jarak jauh banget,0.0
apk nya bagus tapi tidak milik jasa kirim bagus jasa spx sangat jelek lot kirim beda ekspedisi lain cepet spx sangat jelek banget spx jasa kirim paling lot polllll harus pihak shopee baik jasa kirim nya bukan malah biar,0.0
tingkat kan lagi supaya lebih mudah,0.0
puas meski pernah punya alam salah beli toko nakal,0.0
neng sama shopee cuma sekrang kirim slalu telat,0.0
pokok shopee gak dua nya dah,0.0
kenapa sekarang ongkir nyaa shopee kemarin enak gapernah ongkir,0.0
bagus ringan aplikasi,0.0
daftar guna akun baru saat voucher diskon beli pertama pakai malah bug gabisa,1.0
langgan belanja shopee diskon banyakin yah,1.0
mudah dapat barang ingin,1.0
shope skrng kok lucu beri ulas tanpa foto akun blokir kata rugi toko padahal selalu kasih smua walaupun barang sesuai woi smua orang smpt unboxing udh mau kasih ulas jga alhamdulillah,1.0
oke baik,1.0
sangat bagus aplikasi belanja kalok orang mager gitu pasti dah enak belanja sini joss pokok nya,0.0
suka belanja shopee selalu gratis ongkir suka dapat diskon,1.0
sngt puas,1.0
biar kan bintang bicara,0.0
makin sini aplikasi nya udah makin bagus udah gak lelet lagi senang bisa pakai aplikasi lagi,0.0
jangan belanja shope karna barang jual barang rusak barang sampah jual,0.0
pihak shopee mohon sangat mohon agar kembali dana kirim sudah hari sejak barang terima oleh jual tapi dana masih tahan tolong balik dana,1.0
neng banget puas belanja lewat shoope,1.0
sangat puas harga murah mudah belanja aplikasi sangat bantu,1.0
bener bener guna,1.0
hallo shopee kan beli gaco dkt rumah plumpang semper pdhl kan rumah situ knp biaya kirim mahal skli pdhl kan dekat rumah tolong utk biaya kirim nya jgn gede bgt pdhl dekat rumah,1.0
berat bgt nich aplikasi muser melulu,0.0
banyak diskon mantap,1.0
gampang pakai fitur filter sortir instant mudah kita beli barang urgent sellernya juga rekomen terima kasih shopee,1.0
keren makin bagus,1.0
good joob,1.0
luar biasa kirim cepat bingit lebaran tahun,0.0
apk bagus buat beli butuh semua barang perlu harga jangkau,1.0
kenapa ketika pesan batal terus tulis nya deteksi aktifitas tidak wajar apa tidak wajar sudah bayar jugaa kecuali kalau mmg cod total cod nya sampai juta bahkan puluh juta lah total nya juta udah bayar malah batal alas deteksi aktifitas tidak wajar shopee makin kesini makin anehh,1.0
hari sudah masuk beberapa barang keranjang namun telah tekan tombol checkout tiba tiba harga spesifikasi beberapa barang ubah jadi lebih mahal daripada saat keranjang aneh padahal juga sudah langgan vip jadi buat teman semua mohon teliti belum beli kadang aplikasi tawar potong harga tanggal kembar cuma iming belaka moga depan bisa lebih baik lagi tidak lagi curang pihak apk terimakasih,0.0
doubel order terlalu lama sekali order keburu dingin kalok terlalu lama harus nunggu jadi order harus resto kasih estimasi lebih lama siap supaya driver datang keresto tdk begitu lama tunggu syukur ambil order sudah selesai order harus sudah jadi apa tunggu tdk terlalu lama,0.0
kirim jelas barang gaada update pesan,0.0
sekarang bikin jengkel sendiri kuota sedot baterai sedot gara gara aplikasi maksa nyala sendiri shopee live enak tidur ngoprek aman lha bangun tidur kok udah shopee live nyala kan asik banget belum baik lagi nilai rubah,0.0
gak pusing mikirin ongkir harga barang murah riah,1.0
tolong driver shopee food pada mana,0.0
kikir,1.0
muak dah pernah dapet samsek knp stok cuma nggak kalau acara atau apa gitu,0.0
shopee buat jadi iklan semua game jadi iklan shopee terus buat jadi iklan semua shopee ajng,1.0
aplikasi isi barang palsu,0.0
belanja shopee sangat untung harga prodak jangkau ongkir murah kirim cepat kurir baik,1.0
sangat amanah bagus,1.0
shopee ohhhh shopee ikan lele jadi supir angkot kura kura loyang aduh lee shopee gak kurang kurang loyalitas wkwkwkwkwk,0.0
begitu amat sangat buruk pesan makan selalu batal kan daftar play leater selalu gagal karna dulu perna daftar nomer atau lama sudah rusak nomer baru bisa daftar mau upgrade pun bisa karna data nyangkut akun lama shopee paling susah proses ribet tidak seperti lzada tik tok atau lain nya mudah untk ubah apa pun,0.0
jelek org udh dpt flseh sale malah tbtb habis,0.0
parah belanja shopee suami kena tipu sma oknum toko jual nakal mau ngajuain kembali barang nggak bisa akibat udh pencet pesan selesai lapor shopee sma aja nggak jalan keluar selesai uang bayar barang udh masuk rekening toko oknum jual nakal massa sih kelas shopee aplikasi benlanja online paling bagus besar nggak bisa ksh bijak ketat sistem calon jual ingin jual iklan produk shopee,0.0
semenjak shope apa mau beli pokok shopee mantap,0.0
buruk bohong agen bohong,0.0
banyak bug voucher ngga bisa otomatis paling worth udah nunggu malah ngga bisa pakai ngga bisa nya hangus gimana sih bener kek udah ratus masih aja banyak bug udah member vip malah kasih layan sampah,0.0
kecewa shopee padahal langgan lama pesan barang sdh dua bulan tidak sampai coba pesan dua toko sama tapi tolak tiap lacak pesan cuma tahan balik papan tidak gera sangat kecewa,0.0
awal bagus sekrang brg besar dikit ongkir lambung mending geser belah,0.0
subtotal ukur khusus nya gilaaaa maruk banget,1.0
pesan makan satu jam lebih baru proses mau cancel engga bisa shopee curang tipu,0.0
sangat bantu ada cod cek dulu,0.0
mkin ksini makin ngotak ongkirnya dulu oke dlem bulan bisa gratis ongkir smpe kirain level otw platinum mkin bnyak gratis ongkir mlah balik mna ongkir nya rata hampir kan tolol dulu penting belanja min udh gratis ongkir skrng boro harus ajar ribu lebih baru gratis ongkir belanja cuma ribu jangan harap bisa gratis ongkir serah luu sopi muak jga lama,1.0
memang aplikasi tipu kata tapi bohong,0.0
bagus tapi flash sale nya harus cod lah jngn harus pakai shopee pay atau lain gimana mau beli nya,0.0
aplikasi sangat bantu mantap,0.0
shope kok sekarang ngga paylaternya sudah tidak bisa pakai bayar qris padahal sangat bantu ketika tidak bawa uang cash atau tanggal tua,0.0
apakah alas balik banyak seller nakal aplikasi pihak shopee nya sendiri langgeng lindung seller seperti seller sengaja kirim barang salah kemudian suruh beli aju kembali tapi proses kembali buat belit rugi beli tim mediasi tidak reaponsif bias tidak laku adil padahal bukti jelas siapa salah tetap akhir kalah banding seller tipu kecewa,0.0
kirim lama estimasi antar ubah ubah,1.0
tadi main mesin capit hadiah emas kata nya terus nyoba nah kan situ suruh nyari bendera balap sama bendera emas nah dapet dua dua nya mesin capit premium tapi masalah kok tidak dapat emas asli nya kok malah dapat koin aja kan gambar nya dapat emas asli lagi cara dapatin koin premium mesin capit aja harus belanja belanja dapat koin premium lagi mana lagi kalo nyoba mesin nya capit nya sengaja jatuhin memang kurang asem,0.0
kurir pada kurang ajar suka return barang tanpa konfirmasi pihak beli sudah kali tapi selalu saja kasih begini oleh kurir sudah nunggu lama barang tiba ujung nya barang malah return sendiri oleh pihak kurir lain kali harus cantum nmor kurir juga dong nama kurir biar kalau jadi sesuatu bisa lapor,0.0
aplikasi sangat bagus tapi gak bisa cod mohon akun aktf kan kembali agar bisa cod,0.0
terima kasih kepada pihak shopee berkat kalian tolong spijam paylater bisa wujud ingin spijam nya tolong butuh desak terimakasih pihak shopee terimakasih ojk,1.0
bintang aja akun blokir tanpa sebab mesan barang barang udah datang udah terima juga pas mau mesan barang lagi akun blokir bikin akun baru tidak bisa pesan barang tapi alamat nya sudah daftar masih tidak mau,0.0
shopee aneh bgt sih ken login pesan brng tapi harus nomor anlah udah gitu harus sumpah gjls bgt smua gabisa aelah,0.0
shopee barang nya lengkap mau cari barang apa harga nya murah jangkau plus gratis ongkir the best,1.0
suka bisa bayar tempat aplikasi bantu tapi tingkat lagi pesan harus tiba pesan hari tiba tah kenapa balik lagi sana tolong tingkat kan kurir nya agar antar langgan pernah jadi kali,0.0
iklan terlalu banyak,0.0
tidak bisa login atau buat akun baru perangkat,1.0
jaga kewalitas barang nya jangan sampai castamer kecewa,0.0
marketplace toko online top markotop,1.0
tolong lebih prioritas kait kirim guna cukup lama bukan ganti rugi atau bagaimana nya tapi pesan tanggal maret sampai saat belum datang juga barang pun tidak murah tolong lebih jelas juga kait aplikasi nya kalau pihak shopee rasa tidak cukup mumpuni buat ekspedisi sendiri kait spx tolong kasih opsi ekspedisi lain lebih variatif tumpu pesan lain pesan belum sampai,0.0
lebih baik lazada bukalapak atau lain paket pesan sering batal oleh kurir shoopee alas almat tidak sesuai mohon kepada pihak shoppee tingkat lagi layan kirim nya,0.0
bagus bikin mudah belanja tidak perlu keluar rumah cukup baring kamar terus cari produk kita mau terus langsung dech alhamdulilah,1.0
bug tidak bisa konfirmasi mesan,0.0
aplikasi apa cod ngga bisa apa,0.0
buruk baru saja buat akun sudah batas kena langgar kata sudah guna promo aneh,1.0
limit spaylater tpi tidak bisa pakai transaksi pdhl tidak tagih uninstall aja,0.0
sangat puas layan shopee selalu jdi andal sya,1.0
keren murah riah,1.0
akun baru masa batas masuk akal check out aja bom hadehhh,1.0
elah daftar affiliate aja harus nunggu minggu kira waktu bisa tunggu lama apa keburu rejeki orang hilang,0.0
benar nih apk bagus sii tapi problem mana bikin kesall lagi liat liat barang shopee malah kadang koneksi internet bahkan jaring juga stabil buat chattan sama liat sosmed bisa tapi shopee malah keluar foto produk malah kayak kuota abiiss padahal kuota masih situ juga mau beli barang malah masih loadingg tolong dong baik,1.0
paket hilang kompensasi dana kembali tidak profesional sekali konsumen rugi macam tau gitu mending beli offline kerja jadi kacau semua,0.0
sangat puas ada shopee,1.0
gampang belanja cepat datang pada amanah,0.0
masalah pada login telah verifikasi wajah tulis periksa login namun tidak kunjung login akun shopee,0.0
tidak bisa cek out,0.0
belanja puas barang sangat pas,1.0
kurir ramah mudah cari apa kita butuh harga trjangkau,0.0
kirim spx hemat nya nyepelein customer bgt barang kirim kapan tau,0.0
jauh the best lah,0.0
sopi baik ayo belanja sopi aplikasi ongkos kirim nya murah banget,1.0
proses kembali barang sangat buruk proses jemput barang oleh kurir sangat lama sekitar hari telah aju laku kurir baru bisa jemput paket ketika semua barang sudah dalam proses kembali status kembali barang aplikasi shopee tidak ubah pada akhir aju kembali barang batal cara otomatis jadi barang sudah kembali tapi dana tidak kembali,0.0
berkat shope belanja online jadi mudah aman,1.0
selalu puas belanja shopee kirim cepat barang sesuai kualitas sgt baik kurir nya pun sgt ramah amanah,1.0
terima kasih barang bagus moga saja awet,1.0
kurir nya lelet bikin kecewa paket malah bawa muter shoope nya bilang hal normal mkasih bkalan sya uinstal apk nya,1.0
shopee sangat bantu dalam segi apa,0.0
lama kirim,0.0
baru mau nyoba bisa kredit,1.0
puas produk sedia,1.0
shopee food sekarang lama banget nyampe nya order makan bisa nunggu jam sendiri baru nyampe krn lama nganternya mending dulu bayar lebih mahal tapi cepet sampe sekarang murah tapi murah layan,1.0
kenapa akun tidak bisa mes barang jika mes barang makan akun akan blokir apa maksud,0.0
ada shopeepay trnsaksi bayar tari jadi mudah terima kasih shopeepay,1.0
sangat suka belanja dishopee kirim nya lebih cepat seller nya amanah banget deh beli sini gapernah ngecewain selalu sesuai sen beli pokok sangat suka sekali shopee,1.0
murah banget kalo belanja,1.0
ngasih saran baru kadang eleminasi tiba hari padahal kalok lewat jalur laut kalok lewat jalur laut tanggerang banjarmasing kalimantan selatan gak mungkin hari malah hari lagi eleminasi kirim saran baru lagi kayak belum makautnya kalok kirim via darat pasti kecuali kalok kirim via udara sya sendiri lebih gak sampek hari percaya,0.0
shopee aneh banget klik pesan apa apa tiba tiba pesan kirim aneh banget mana bisa dibatalin lagi,1.0
bagus shopeenya tapi minta hadap pihak shopee tanggung jawab atas kurir rasa sangat kecewa hadap kirim jne tidak pernah sampai alamat tuju teman juga banyak bilang begitu,0.0
hapus aja fitur shopee food nya,0.0
respon nya baik banget apalagi kalo masalah dgn pesan langsung atas,1.0
sangat bantu sekali buat pribadi jauh kota kendala kendara bisa pesan langsung antar depan rumah terimakasih shopee moga makin baik depan,1.0
belanja dishopee adalah pilih paling tepat bagi mere tidak mau pusing moga shopee bisa terus tahan percaya konsumen,1.0
mantap langgan blanja,1.0
customer service gak bisa bantu kembali barang sulit temu kurir shopeefood bahkan kadang pesan batal otomatis layan jelek gak banget,1.0
mudah belanja produk lengkap selalu jadi andal saat belanja online banyak promo disc tapi biaya layan saat checkout barang tambah naik seller dapat pangkas beberapa jadi uang tidak terima full hasil jual,1.0
shopee berat mohon buat lebih enteng low mid,1.0
kecewa sama shopee kembali dana tahan gara gara paket retur stuck transit bambu larang gak tau kenapa spx tuh gak becus kerja udah hubung shopee jawab sama cuman akan kami segera tangan pret udah jumat ketemu jumat masih bom kembali dana,1.0
telah upgrade pakai ram lumayan responsif nya memang aplikasi shoppe cocok benchmark suatu smartphone,1.0
heh shoppe tuh yakk jangan muncul platform atau game mana kek lagi juga udah pada demen napa hrs muncul mana kalo udah pencet tetep aja malah buka elu sebel gua,0.0
kalo mau belanja atau beli barang jadi mudah banget apalagi buat rebah kaya,1.0
kirim lama mingu estimasi,0.0
ganggu lagi isi juga,0.0
aplikasi shopee sangat bantu dalam laku beli bayar lebih mudah baik toko aplikasi lain terimakasih,0.0
beli shoopy harga jangkau kualitas juga bagus moga toko shoopy pada amanah,1.0
kecewa kirim destinasi nya terlalu lama sampai hari kasi lain mes paket harus tunggu sampai hari,0.0
aplikasi nya oke terkadang bug tapi okelaa,1.0
mantap muas belanja sini layan klaim retur nya juga jamin top pokok,1.0
tidak bisa tekan belanja suruh masuk nomor baru padahal dulu cuman satu nomor dulu bisa semenjak ganti tidak biasa,0.0
barang lengkap proses mudah ngga ribet kadang selalu lbh murce toko belah,0.0
aplikasi sopi mantap,0.0
jauh aplikasi bagus krna tidak mau repot juga jdi sering belanja pake app diskon trus sering bgt dpat gratis ongkir plus minus juga tapi moga depan shopee lebih banyak maju kembang apalagi buat kaum suka kejar voucher diskon,1.0
wasuuu iklan nya ganggu bet dah maksa bet biar org masuk nih app kalau udh uninstall masih aja pindah alam iklan shoppe adalah iklan buruk,0.0
senang belanja shopie selain harga murah puas pokok terima kasih shopee love love,1.0
sangat puas bantu,1.0
belanja shopee sangat puas banyak banget promo gratis ongkir saat shopee nomor satu banding marketplace lain,1.0
kirim lama datang tidak sesuai,0.0
kenapa shopee skrg banyak tipu jual belum lagi iklan video barang jual banyak beda kirim spx lambat akhir lambat lebih minggu sama jakarta apa gak mampu sortir dagang beneran tipu jual lagi minta syarat vdeo unboxing tapi batas file video tinggal jaman bgt sistem buat guna rugi gak solusi laporin apk rame yuk lapor biar tri turun,0.0
barang pajang sesuai terima,1.0
belanja aman beri diskon voucer tarik,1.0
beli terus nya rusak aju kembali malah tolak sama pihak shopee online shop buruk pernah temu,0.0
belanja bikin ribet mudah toko nya amanah mantappp,1.0
akhir akhir pesan alami lambat sangat serius baik oleh jasa kirim maupun kurir,1.0
kalo masuk aplikasi kok harus kompirmasi dulu buka aplikasi,0.0
mksih buat shopie atas fast respon nya tangan kendala lambat kirim moga shopie shop makin jaya selalu depan amin,1.0
bintang bicara,0.0
sdh dua kali beli sangat puas prodak suara bagus mantaap,1.0
mantap deh pokok baik kirim sesuai barang tambah lagi banyak diskon,1.0
spx nya lambat kirim lama tolong dong kirim cepat lagi sangat nyaman kalo kirim lama keburu butuh barang malah kirim lama,0.0
males bayar cicil soal sppinjam ndak bisa cair byeee shopee,0.0
moga selalu seperti cepat dapat diskon banyak kualitas oke,1.0
apk kocak mau retur barang pun susah kali,0.0
guna baru tiba eror vocer tidak bisa guna padahal belum bisa sayang banget padahal promonya banyak tapi sistem eror maaf tapi riview jujur,1.0
jasa kirim lambat,1.0
mudah utk belanja online harga murah diskon banyak,1.0
harga nya murah murah apalagi ongkir nya the best deh pokok,1.0
gagal terus cek out,0.0
developer please buat fitur tema gelap biar mata sakit paas scroll shopee apalagi pas tanggal kembar tengah malam scrolling shopee,0.0
kecewa udah sering belanja tapi spaylater tolak terus otw uninstall,1.0
kenapa kirim subtotal khusus biasa nya beli makan kucing toko sampai harga ribu biaya kayak gitu sekarang kenapa biaya nya barang makin mahal belanja pun sulit,1.0
agak lot dikit,0.0
shoppy sekarang makin banyak biyayanya biyaya layan biyaya ukur khusus mana mahal bgt biyaya ukur khusus nya sesuai sama beli coba hilang biyaya ukur kan enak belanja,1.0
banyak bantu bagi orang kaya males mana mana shopee love,0.0
shopee sangat bantu usaha dagang rmh,1.0
manfaat,1.0
makin kesini makin makin dah shopee gratis ongkir tapi sekarang subtotal ukur khusus mahal bangt tolong dong baik lagi,1.0
adain fitur biar kita tau nomor kurir dong kadang tuh kurir tiba balikin sen padahal kita udah nungguin rumah mreka gamau chat nanti alas kita nolak paket lah kesini aja kaga,1.0
tolong baik aga lempt,0.0
expedisi cepat ganti lelet banget pakai lagi,1.0
saran aja kurirr shoope nya ngga beres maksa bawa barang banyak tapi ngga tepat waktu sedang aplikasi sudah tuju alamat lokasi antar ngga jauh paling mnt hanya sampe malem paket ngga dateng saran nih buat kepala shoope apa ceo perhatiin kurir nya batesin bawa barang nya jangan maksa bawa banyak tapi ngga tepat waktu,0.0
sangat puas sukak belanja shopee,1.0
update update update update melulu makin update malah makin ancur bikin loading melulu terlalu berat aplikasi,0.0
pake buat belanja ajaa kalau soal transaksi shoppe pay pernah masuk uang hubung csalah suruh isi lapor mulu berrkali tapi tidak kembang,0.0
barang beli sesuai pesan mantap kalau belanja lewat aplikasi shopee,0.0
cepet grecep bangetttt kalo apa pasti bantu,1.0
terimakasih gratong nya,1.0
suka banget sama olshop jujur real life semua barang nya rata sesuai soal jarang banget dapet barang sesuai bahkan bisa bilang pernah pokok rate olshop dhh lope banget sama shoope amanah terus yaaa,1.0
sangat bantu bantu kita sedang butuh suka banget banget banget aplikasi shopee,1.0
lebih mudah praktis dalam belanja,1.0
muas rasa bantu fitur termbantu fitur tang sedia shopee,0.0
pesan barang pakai spx reguler padahal udah hari tapos smlm jalan sunter sekarang malah balik lagi depok haha total hari padahal reguler apalagi pake spx hemat kecewa sih ivent tapi lama kaya gin kalah sama spx hemat jawa tangerang aja hari nyampe subang tangerang hari haha rugi deh pke spx reguler,0.0
sangat puas tiap pesan selalu dateng sesuai ekspetasi jadi kecewe kalau belanja lewat shopee,1.0
sangat manfaat terimakasih banyak,1.0
buruk dalam layan kembali barang dana selalu menang jual rugi terima barang salah,0.0
shopee banyak barang toko tidak beri tindak,0.0
brg sesuai pesan kurir baik tenan sopan,1.0
kurir spx tidak profesional banyak barang return,0.0
selalu iklan tombol silang palsu trus kalo pencet tombol silang buat shopee sendiri langsung masuk halaman shopee nya trus notif mau geserin malah pas pencet buat geser langsung masuk shopee nya jadi game kalah trus ranknya turun rela donload biar iklan shopee malah masih baik iklan nya jangan terlalu sensi saat sentuh dikit jangan tombol silang palsu nya agar kami bingung sangat kecewa karna,0.0
sangat bantu sekali,0.0
suka aplikasi shope bandung commerce lain,0.0
shoppe baguss sekali tapi mau shoope pet cepat aktif lagi saja,0.0
kirim pertama pesan ban motor sangat muas smoga terus begitu tapi sayang tgl kmarin kena pesan fiktif sen kirim barang kcmata made china cod bayar org rumah ketika tdk rumah kmana bisa adu belum kantor polsek atau ylki memang cara nominal gak berapa tapi sangat coreng spx,1.0
terimakasih shopy belanja dgn mudah barang bagus sesuai pesan sehat slalu tim shopy,1.0
kasih satu karna ketika down apk iklan nya muncul terus pas down bisa buka alhasil down kali kali tolong,0.0
baru saja buat akun shopee tapi waktu pesan barang malah kalimat promo sudah anda guna guna promo lain jika anda tetap lanjut chekout akun anda akan blokir jdi nya bisa pesan barang,0.0
keren banget aplikasi oren tiap hari gratis ongkir terus terus lagi flas sale nya wowww,1.0
kirim jelek lambat barang nyampe nyampe,0.0
pesan lama sampai,0.0
bnyak sesuai barang klo mejelang hari raya taksuka,1.0
blm prnh kecewa sih,0.0
langgan puas rate value akan,1.0
kirim shopee harus bisa lebih cepet pada pihak tiga malah balik spx lelet sangat paket kaya kirim luar pulau banyak transit sana transit sini proses sama proses sini kecewa berat,0.0
agak lumayan lah smoga gak ngeleg,0.0
terima kasih sopi sudah bagi bagi koin terimakasih sopi assalamualaikum iya senang sama koin nya tapi gimana cara narik nya pake apa pusing,1.0
diupdete bnyak prubahan mau beli brang aga gdean ongkos gede kya dlu mhalan ongkos pada harga barang,0.0
barang sudah terima sesuai pesan kirim cepat,1.0
rangin iklan terlalu banyak nyebelin,0.0
aplikasi ang bagus cukup bantu masyrakat mudah berbelnja online,0.0
aplikasi shopee makin lama makin buruk kerja kirim barang sistem buruk sangat sangat burik pesan barang batal semua coba kembeli lagi batal lagi udah sekian kali batal benar kalian punya usaha aplikasi benar benar buat usaha atau bikin langgan gak pake shopee lagi sih bagai langgan baru kali kecewa layan kirim nya gak ubah masih tak sering gagal kirim,0.0
sangat bantu aplikasi moga terus makin manfaat bagi umat,1.0
pias belanja sopi barang pesan sesuai,1.0
kenapa shope adil buat para beli kena tipu jual curang shopee bisa jaga akun privasi baik setiaap sampai lapor tidak tindak padahal bagai beli rasa rugi tolong privasi tiap akun baik penting,0.0
amat sangat bantu cari sesuatu tidak minimarket supermarket,0.0
alhamdulillah shopee mudah belanja online gak ribet sesuai deakripsi,1.0
tolong dong blok akun tipu suka share link mengatasnamakan pihak shopee nge ganggu bgt sering chat suruh buka link utk lain hati juga jgn tipu buka link darimana pun,0.0
estimasi paket sampai tgl jamin lambat maksimal tgl ubah dong estimasi paket sampai tgl klo kirim ubah mlu gmna mau customer yakin klo tuh paket akan tepat waktu,1.0
makasii shopee atas harga murah nya,1.0
kirim paket nya lama banget biasa hari hari udh beberapa paket gitu nyesel mesen lewat shopee,1.0
pokoky belanja shopee gampang ngga ribet pokoky top deh,0.0
turut bagus guna banget,1.0
kurir goblox pesan estimasi tanggal sampe sekarang sampe tau sen langgan gue tolong pecat kurir daerag jatinegara jakarta timur,0.0
naik kelas sekarang shopee depan dalam hal layan puas langgan tahan,1.0
good lah,1.0
kenapa tempat bisa cod,0.0
bagus mantep tpi maap selalu telat kurir kenapa tolong bantu yar sesuai waktu kirim tdinya cuma ehhh lebih,0.0
puas hasil warna kapan kapan beli lagi,1.0
terimakasih shopee moga terus jaga kualitas barang toko toko jual barang makin amanah sesuai jual deskripsi jangan kaya link belah deskripsi kemanaa barang sampe nggak sesuai deskripsi good job bung shopee,1.0
sukses slalu,1.0
barang kirim amanah terima kasih shopee moga makin maju lagi produk sedia,1.0
gampang buat beli barang atau beli makan,1.0
shopee aneh kayak marketplace paling lola seduniaa masa mesan paket jawa ganyampe nyampe udh hari chat cust cuman suruh tunggu tunggu tunggu kalau jalan kita rasain paling lama jam kapal tuju jawa kalimantan selatan lah kok sampe hari lebih hampir bulan cobak kalian seperti nya shopee sangat sayang hadap uang keluar nyewa kapal jadi dibiarin nya kapal paket nya gadiantar antar sampai fullllllll kapal nya hadooohae shope oon,0.0
sopi mantap barang bagus spinjam juga spayleter juga mantap poko sangat bantu,0.0
alhamdullilah bisa dapet pertama umur tahun berkat shopee affiliate moga sukses terus,1.0
aplikasi sangat bantu dalam hari,0.0
sampai saat tidak kecewa moga tidak kecewa dalam tagih lihat detail data belum tegur sehingga dapat percaya bahwa sopie bangga,0.0
aplikasi sangat bantu dalam beli butuh,0.0
sangat bantu banget apknya,1.0
aplikasi makin kesini makin kurang bagus aju barang dana barangya kirim oleh sellernya pecah malah harus tunggu smpai bbrapa hari pdahal bukti kirim bukti jelas kuat entah bagaimana harga pun lumayan,0.0
banyak barang murah tapi kualitas,1.0
okay siiiiiip,1.0
nggak panjang lebar ulas shopee matap jos jis,1.0
bagus aplikasi cuma ngasih saran tolong baik masalah sesuai produk sesuai pesan atau tidak belum toko ngirim pesan pihak shoope harus pasti sesuai produk pesan agar konsumen tidak kecewa barang tidak sesuai deskripsi mohon bisa jadi timbang masuk trimakasih,0.0
jujur kadang kadang aplinkasi nya pelit trs klo mau belanja sesuatu gitu pernah ganti sllu shopee nyiptqin shopee moga masuk surga,1.0
shopee memang good joob,1.0
everything simple and easy get anything,1.0
cepat sampai ongkir murah produk dapat retur jika tak sesuai pesan,1.0
masa gara hanya kasih bintang toko tanpa upload foto video akun nonaktif,0.0
shopee barang slalu real asli,1.0
jujur lama guna aplikasi shopee sangat bantu bagi belanja praktis siap antar rumah harga jangkau banyak promo diskon,1.0
kalau pesan barang shoope waktu antara lama banget kasih bintang saja,0.0
praktis banget spaylater nya toko amanah kirim cepat puass banget pake shoppe,1.0
paket tunda terus gagal kirim sangat kecewa,0.0
alhamdulillah lebih praktis buat males keluar rumah apa lagi kirim instan,1.0
aplikasi gak mutu rating bohong mending aplikasi lain pada aplikasi laku,0.0
nice apk,1.0
kadang loading,1.0
belanja shope kirim lama bgt hari sampai hari baru tiba tidak sesuai estimasi nya ngecewa kan,1.0
thebest selalu buat shoppe lancar terus aminn,1.0
mudah belanja utk orang mageran kyk,0.0
smuanya bagus mantap gampang belanja cuman tidak bisa lihat kontak jasa kirim nya kalo bisa cantum agar kalo paket telat bisa langsung hubung kontak jasa kirim,1.0
good job,1.0
bagus banget belanja cod,1.0
lama belum kecewa moga depan makin amanah,1.0
sangat batu bagi kami ada jauh kota belanja dgn harga ramah kantong,0.0
jih farhan mira sinta nia suci septia fathia laskmi nama atas nya jail kasar tidak profesional ada tulis lapor tidak benar sesuai dgn telah sepakat oleh customer tim wenang kata kasar adab buruk saat tengah tlp pura tidak dengar padahal jaring bagus suara jelas tertawa belakang dgn lain punya rekam nya masih niat baik tidak sebar socmed,0.0
bagus balanja shopee karenah murah semua produk kualitas tinggi,1.0
tunggu lama ber hari hari jawab nya besok kak besok kak apalahh,0.0
layan buruk tidak beri solusi rasa kena tipu,0.0
barang jual sesuai produk mantaf,1.0
aplikasi percaya,0.0
belanja shopee selalu puas layan bagus kurir juga ramah,1.0
paket datengnya selalu saja lama,0.0
baru belanja shopee keren mudah,1.0
bagus sekali shopie,0.0
bagusss sekali,0.0
kenapa paket kembali jual,1.0
makin baik makin maju,1.0
shopee nya gdk guna sama sekali tidak bisa selesai masalah,0.0
aplikasi balanja online bagus mudah murah kirim cepat,0.0
lot tllllol jelas jelas barang ilang gudang stuck minggu masih aja proses gajelas dgo gawe bener tlllol,0.0
selalu bwrbelanja butuh shoppeeee puas mantap,1.0
kenapa lagi aplikasi gak bisa buka mau ngulas aja macet gak aplikasi gak litenya sama aja sama sama sampah,0.0
tolong dong ekspedisi lama bgt masa iya sen senin dateng sabtu sampe minggu gimana shopeee,1.0
good pokok selalu tingkat layan baik bagi konsumen,1.0
jelek bgt msa mau login akun aja susahny minta ampun smpe data ilang semua,0.0
aplikasi nya makin lama makin gajelas orang checkout malah batalin cara otomatis emang aneh nih aplikasi,0.0
barang sesuai pesan,1.0
murah ongkir nya syang nya buat kurir songong kadang main buletin pas bayar masa buletin kan kesel kadang sekali paket kan lumayan ramah kurir cuma nasirin sesuai gak nakal sopan,1.0
hapus aja spx,0.0
kalo pake spylater data pribadi guna shope jual,1.0
barang shopee selalu kecewa,0.0
belanja shopee sangat bagus barang datang sesuai pesan respon jual juga banyak cepat,1.0
iklan nya kurang ngotak anjeng anjeng waras aja lah jangan muncul tiap website orang jadi susah loo ganggu jadi ngga nyaman orang jadi risih kalo masang iklan wajar nya aja jangan muncul tiap website jangan spam ulang kali terkadang sampe maksa download tolong lah tolong,0.0
saran sopee kualitas gambar burem terus kalo bisa fitur bayar atau top wallet sperti dana atau gopay aja sih lain oke mantul,1.0
alamat pesan tera jelas namun kurir tidak mau langsung alamat ubah sedih banget,1.0
layan kurir nya jelek,0.0
moga manfaat,1.0
sudah adu lewat email tetap aja akun beku spaylater padahal tidak pinjam lagi shope kenapa akun shope paylater beku sudah lewat email sama saja beku akun spaylaternya udah thun lebih,0.0
shopee skarang lambat bnget tnggal beli barng jmput skrang tanggl masih mendap sortir bekas tuju jambi beli tanam hidup smoga aja masih hidup,0.0
sukses selalu,1.0
shopee paling oke pelanyanan pada konsumen belanja perlu butuh sepertiny apa aja murah sampai mahal kalaupun retrut cepat tanggap shopee bawa bisa nikmat makan yogya pia juwara satoe jauh bisa tiba cepat makasih shopee selalu hati,1.0
sangat puas,1.0
memabtu sekali dalam belanja,0.0
alhamdulillah shopee sangat bantu barakallah fikum,1.0
bisa kurir shopee kita kalo nemu alamtnya masa harus nunggu hari tapi barang kembali kirim cuma karna gatau alamtnya engga hubung customer,0.0
kecewa alamat tidak dukung layan cod padahal belum bisa tidak kendala,0.0
respon cepat harga hemat barang kualitas,1.0
buat opsi grouping atau folder barang barang keranjang shopee turut akan sangat bantu biasa shoping cewek cewek biasa masuk agam brand satu kategori produk tuju biasa macam macam antara lain ingin banding harga belum check out ingin simpan sementara selagi masih tabung uang dll begini barang barang keranjang shopee akan lebih organisir mudah putus mana ingin kita checkout lebih dulu,1.0
shopee indonesia mantap aplikasi sangay bermanpaat,0.0
senang belanja shopee kerna tiap barang pesan sesuai terima,1.0
good,1.0
aplikasi sangat bagus,0.0
apas anj nyari nya barang lain tapi pas pencet enter malah ganti jadi nike padahal lgi nyari aneh kali nih app terus juga plis lah mau cod tapi udah bisa cod harus lngsung bayar gimana dong,0.0
sangat bagus transaksi online,1.0
pakai baru tahun cukup bantu belum pernah kecewa aplikasi nya cuma saran kalau lapor seller live nakal tipu segera tindak blokir lah ngak masih bisa live aja oknum seller seller nakal nya aja jadi beban lain masih baik,0.0
bismillah mudah cepat makasih,1.0
map kirim error bug,0.0
maaf ubah ulas nya bener bener kecewa baru buka shopee trus langsung cek kirim mau update terima pesan kasih ulas seller udah panjang lebar ketik ulas udah foto bukti produk tiba tiba balik halaman utama langsung otomatis cari iphone kan ngga nyambung ngga jelas tiap update langsung update udah berbulann bulan kaya gitu aja,1.0
alhamdulillah bagus,1.0
bintang oke llah,1.0
shopee sekarang tipu kalau estimasi tiba enak jidat dia ubah,0.0
kembang sukses sama shopee,1.0
lama bgt sampe nya padahal paket butuh bgt padahal jauh bgt sampe nyebrang pulaw pre order tapi bisa sampe minggu nyampe nya,0.0
puas layan bagus tepat waktu juga sampai nya trimakasih moga shopee makin sukses,1.0
aplikasi kasih belanja online paling okey sih,0.0
lucu banget warna bagus,1.0
belanja sih bagus banget promonya juga variasi tapi saat ngumpulin poin mangkuk gas nonton menit kenapa kok cuman koin tolong baik shopee juga tim tim nya,0.0
bagus banget tadi pesan tiba tiba hari kemudian sedikit lama kata maret kok jadi april,1.0
ganti tlp knp gak bisa sampe jawab sudah daftar pdhl akhir mlh baru,1.0
woi kenapaa gratis ongkir nya hilang tpi kata gratis ongkir pas chekout brg malah kena ongkir mana mahal lagi kenapa sih terus aja begitu baik dong kecewa berat sama apk shopee skrng bnyk banget ilangin voucher makin mahal nggak jelas pdhl guna shopee kalau apa mau belanja online pasti shopee pliss baik sekarang pdhl skrg lagi flashsale hrg prodak sdng murah tpi pas brg lebih murah daripada ongkirnya tolong baik,1.0
belanja jadi mudah harga pas tinggal tunggu,1.0
makin gila shopee bikin ekspedisi sendiri bukan makin bagus malah makin bobrok masa paket udah lebih minggu kira bom sampe sampe gila banget padahal udah aju adu sejak telat hari applikasi shoppe tapi masih stuck ampe sekarang kalau paket hilang bilang kasih jelas woi gua bisa beli lagi gak nunggu paket gak jelas status kurir tugas kurir tugas ampe minggu gak jelas tolong tanggung jawab,0.0
sangat mudah kita dalam cari produk kita ingin,1.0
aga baik soal estimasi,0.0
bagus moga selalu amanah sampai kpan pun,1.0
aplikasi lot bnyak iklan video guna,0.0
toko online amanah,1.0
langgan shopee sangat puas sekali belanja shopee,1.0
shope indonesia hanya perlu sedikit awas lagi udah kali barang pesan kata kirim teryata ngk sampai alamat mohon maaf seblum nya,0.0
belanja shopee sangat mudah tidak usah panas panas unjung toko tau tau sudah antar,0.0
layan sangat prima,1.0
gue pernah coba aplikasi tiktok shop gak beres banget njir baru juga mulai pesan sana paket gue bulan gak nyampe nyampe gue pernah nyoba tokopedia gak beres juga gue pesan datang malah kan gak manuk akal lama gue make shopee jarang masalah paling masalah paket terlalu lama nyampe untung gue punya sabar tinggi kalau nggak elu sama aja kayak lain,0.0
makin kesini makin agak gimana shopee sekarang akun baru gratis ongkir nya cuma buat sen tolong dong balikin shopee kaya dulu,1.0
tolong kembali fitur pilih kurir soal spx sekarang selalu lambat kirim pesan susah kalau barang urgent mau pakai tapi kirim lambat,0.0
aplikasi terlalu lot tolong tingkat,0.0
layan sopie sungguh muas kan amanah,1.0
bagus banyak manfaat,1.0
pesan sudah kali batal cara untun karna bayar pake saldo shoopepay masalah selalu kurir tidak mau antar pesan kalo mau lapor shopee sangat susah hanya suruh chat sama tidak jelas,0.0
lama puas kirim tepat sesuai estimasi tagih cod sesuai,1.0
shopee terlalu serakah belum tendang paket selalu tepat datang sekarang paket udah numpuk masih belum datang juga terang paket sampai sampai mana sampai kiamat jujur makin kecewa pakai shopee lama mending pindah apk belah,0.0
barang pesan sudah terima mudah mudah mudah awet tudak gampang putus,1.0
bagus sekali sangat bantu dalam giat usaha,0.0
seller banyak sekali paket retur rusak tanpa konfirmasi pihak shopee express saran kalau shopee tidak bisa handle barang lebih baik ikan kerjasama jnt kenal aman bisa tutup lama lama shopee terlalu banyak kecewa seller maupun konsumen hanya pihak jasa kirim bertanggungjawab enak jidat ketika antar produk trutama mudah rusak,0.0
sangat puas aplikasi sering dapat barang rupiah thanks shopee,1.0
suka banget belanja hewan sini lengkap murah juga,1.0
kenapa shopee klo langgan baru suka ksih bonus tpi pernahnkasih bonus langgan setia,1.0
spx parah udah tau sen banyak masih maksa pake jasa logistik lain banyak langgan ngeluh tentang kirim lama masih maksa,0.0
pokok aplikasi the best deh,0.0
mudah dalam belanja tanpa harus keluar rumah sangat puas belanja online shopee,1.0
mohon izin jangan sering lot,0.0
top apl the bestlah,1.0
cukup puas belanja lewat shopee,1.0
shopee drivernya ttolong lebih manusia,1.0
aplikasi kren,0.0
benar barang nya oke aplikasi nya tapi kirim luar biasa lama bngt aplikasi lain bisa atau besok sampe sini bisa atau hari bisa jadi lebih baru sampe,0.0
makin repot aja kayak aplikasi sudah lama jadi langgan shopy kok makin sulit mau belanja apa harus pindah tempat lain aja kali,0.0
klo bisa jngn kerja sama jasa kirim spx lah estimasi hari bisa hari baru smpai blm nnti alas lagi estimasi hari bisa sampe mggu,1.0
moga terus nya selalu amanah yah,1.0
beli barang jenis langka shopee mudah transaksi jual beli,1.0
mudah jual mudah beli mudah transaksi admin shoope koperatif saat keluh apa tanggab cepat dalam bantu langgan baik soal akun maupun soal interaksi dalam proses kirim bintang,0.0
kenapa tiap mau pesan terus batalin mulu toko apa salah,0.0
aplikasi belanja online baik,0.0
kak bisa gak selain shopeepay cod juga kasih pin udah gak rasa beli cod tapi pesan takut depan jadi lebih mahal maaf bintang nanti kalau direspon tindak lanjut tak ganti bintang,0.0
mmudahkn tpi lma bgt nympe nya uda krna paket hemat bda bda pkt reguler,1.0
spinjam sudah bulan tidak bisa guna tidak bisa pinjam lagi padahal bayar tidak pernah telat sedikit tolong bantu solusi,0.0
past respon informasi menu jelas kembali produk dana cepat proses bebas ongkir moga layan semua seller akan tetap baik seperti sekarang seller past respons jual barang kualitas dgn informasi produk valid jelas,1.0
pindah aplikasi pas baca wattpad pindah aplikasi pas dengerin lagu pindah aplikasi pas main game pindah aplikasi pas nonton tiktok mulai muak sama iklan sampah aplikasi padahal tanpa iklan lebay gituan juga udah rame,0.0
mantap sekali kembang,0.0
kalau bikin akun baru kadang suka eror bisa beli,1.0
terimakasih banyak,1.0
sangat bantu utk belanja lagi males keluar,0.0
mimiiihh sri mutanya nih knapa aktifin shopee pay isi data pribanya amat ribet bnget knapa nanya gajih bulan pegawai apa tuh ngontrak dibiyayain segala butuh oleh anak byar kontra anak jdi bingung ngisian data nya kiri diakfin doang mah bakal keredit atou pinjam uang shopee online mohon ditolongin miinn,0.0
shoope makin hari makin oke,1.0
kirim kadang lambat,1.0
hai mimin appk nya bagus tapi iklan nya menganggu banget seperti saat tonton atau apa selalu iklan shopee walaupun engga sentuh tetap masuk bahkan menit sekali langsung iklan kemarin sempet uninstall shopee tapi iklan masih malah masuk play store lebih bagus,0.0
sudah jadi langgan setia shopee tahun tahun,0.0
sangat bantu buat usaha,1.0
tidak bisa cod,0.0
shopee kurir spx nya pea pantesan klw order shopee buang nya grab sama gojek driver nya pea shopee sen paket shopee dtng bisa hari kadang hari,1.0
puas tapi pesan lombok sampai hari kalau bisa cepat tolong filter toko tidak serius jual tidak merespon beli kemarin pesan batal oleh pihak shopee karna toko telat kirim pesan,0.0
suka belanja shopee krn banyak promo murah gratis ongkir,1.0
mantullll seller kereennnnn makin pede belanja terussss,1.0
ketika lihat iklan atau live shopee terkadang tiba restart sendiri,1.0
tokped lbih oke layan oke kurir rumah bukan kita spx ngerepotin kembali aja masa kita hrs repot bungkus aneh,1.0
aman amanah,1.0
kecewa kirim jadi lebih lama biasa selalu telat dati tanggal estimasi,0.0
kirim instan sekarang ngga bisa andal,0.0
sesuai butuh ingin,1.0
sangat puas shopee barang lebih murah tpi kualitas kurir ramah jujur sopan,1.0
belanja memang enak sini toko banyak amanah tapi kenapa sekarang pengirimanya lambat sekali lama pol,0.0
sangat bantu kalau bisa kredit dimurahin lagi,0.0
shopee tolong dong kalau barang udah jadi favorit kasih love gitu jgn hilang barang favorit kita susah nyari nya lagi makasih,0.0
tingkat terus layannannya biar makin top diolshop,1.0
aplikasi bagus bermslh manajemen kurang tanggap terhdp mslh costumer mulai seller smpi kurir bnyk bermslh tanggap adem aja gak spt dulu lgi begini trus mls jdnya belanja shopee pdhl kompetiternya baru skrg lbh baik malah kerja shopee buruk,0.0
makin kesini makin lelet kirim nya paket harus nya udah antar rumah malah nge stuck spx monyet monyet,1.0
oke mantap,1.0
senang belanja sini byk gratis ongkir nya,1.0
sukses selalu shofee,1.0
spinjam udah bulan bisa pakai padahal bayar pernah telat jad malas bayar bsa pinjam lagi,0.0
jadi dapat pesan custom beli sudah buat sudah keluar modal tenaga waktu sudah kemas sudah siap kirim tapi batal pihak oleh shopee sebab rugi tapi pihak shopee tidak mau tanggung jawab atas hal produk custom tidak bisa jual lagi beli lain hanya buang tempat sampah,0.0
jadi hemat cari barang murah jadi cape jauh cari,0.0
akun blokir tidak pemberitahuan dulu,0.0
mes balenja online lebih mudah karna tinggal cari pesan tunggu bayar praktiss jadi perlu pergi jauh jauh lagi,0.0
sulit tindas mitra shopee,0.0
bagus belanja sesuai butuh,1.0
far good,1.0
utk option hapus notifikasi sdh tdk harus tunggu besok lancar aplikasi sdh baik baru team tekhnologi bukan kumpul orang klaim team tekhnologi moga game game shopee dpt segera atas tdk bodoh serta dpt hubung bukan mesin jawab,0.0
kurang muas,0.0
jangan pernah belanja sini udah kirim lambat proses kembali barang dana nya lama ribet,0.0
keren belanja dgn mudah jauh beberapa tahun nggak masalah belanja shopee,0.0
aplikasi nya bagus lengkap minus nya notif bikin nge lag,0.0
gratis ongkir nya sangat bantu terimakasih shopee,1.0
kenapa shopee tidak bisa lagi cod sekarang mau pesan perlu harus duluan,0.0
sekarang susah sekali hubung customer service shopee kenapa,0.0
cinta bgt sama shopee banyak diskon vocher jadi barang beli gak terlalu mahal,1.0
aplikasi shopee mudah dapat segala butuh kami cepat aplikasi nya juga mudah guna vouchernya juga banyak untung,0.0
aplikasi sangat muas,0.0
shopee food sekarang drivernya banyak ngambil order yah jadi nganterin order customer suka lama kadang pas nyampe makan nya udah dingin jadi enak udah kirim nya lama pas nyampe pun makan nya jadi enak karna udah dingin tolong yah kalau bisa sistem nya baik,0.0
akun gue blokir padahal saldo masih banyak setan,0.0
butuh apa aja semua dsini,0.0
halo ingin lapor masalah kenapa sekarang mau beli barang tidak bisa lagi cod cod cek dulu sulit belanja sini buat malas belanja sini lagi tolong baik aplikasi,0.0
barang kirim sesuai apa promosi,1.0
shopee memang hebat,0.0
makin aneh kirim spx sadar kalau kirim hemat tapi biasa kalau mesan mdn sntr paling sampai hari laahh akhir sampai hari bahkan minggu belum lagi pihak spx nya tunda antar alas beli tunda padahal gak tunda hadeh gin amat antar hemat,0.0
aplikasi terlalu banyak iklan baru login langsung arah shopee video sehingga buat reload terlalu lama status kirim sering tidak terupdate ganti estimasi kali kali enak garansi tepat waktu hanya bisa guna minimal beli besar lebih baik hilang saja garansi tidak guna baik lagi sistem,0.0
good jobs,1.0
gatau dah bulak balik lama jdnya lambat nya hari mlh hari pdhl pre order,0.0
aplikasi sangat bantu,0.0
tambh sukses,1.0
kirim lama ekspedisi spx harus hapus,0.0
aplikasi usah bagus tapi sayang jasa kirim spx lama banget bukan sekali kali tolong diperbaikin lah,0.0
mantap semua produk nya seru banget game nya,1.0
shopee bagus bnyak harga murah gratis ongkir,1.0
jasa kirim sopee sekarang lama bangett sudah tidak kayak dulu lagi mending pindah tiktok aja,0.0
tidak bisa login shopee telfon sudah hilang tidak aktif sementara ketika ingin login link verifikasi kirim telfon tidak opsi kirim email bagaimana harus hubung mana tolong bantu segera shopee pay sudah daftar guna ktp pribadi shopee tidak bisa login,0.0
sekarang shopee gratis ongkir cod kok bln kemarin gampang sekarang kok ribet bayar gerai tambah mahal sering beli langgan trims,1.0
barang sesuai pesan kurir sopan santun baik,1.0
kita paksa lihat video live tiap kali buka aplikasi,0.0
semua sini mulai motor dll pokok percaya banget,1.0
makin kesini makin kecewa sama shopee kadang sen sudah terima main batalin pihak shopee truss yaa kita belanja tuh seller ngak amanah kita bayar sistem cod mati belanja toko resi resi isi barang sama apa spil waktu live konfirmasi juga lama bnget akhir aju kembali dana donk ehh resi akhir juga gtu tolak juga kembali dana juga tiba bayar cod mati bikin rugi customer aja shopee,1.0
pinter pinter aja dehh nerima kurir paket puasa sampe sekarang dateng dateng tiba tiba retur malah pada ngechat tolong deh kalau resiko jadi kurir gausah kerja jadi kurir guna shopee udah hampir tahun belum prnah gin tapi lama lama kaya makin aneh kurir tolong baik kerja demi nyaman langgan tolongg kalau kendala ngechat jangan tiba tiba ngeretur,1.0
toko online idola semua asal pintar aja pilih barang,0.0
shopee memang pantas dapat acung jempol konsumen bebas pilih cara bayar nya tapi semua sesuai kondisi uang anda selamat sukses shopee kalo sekarang lewat shopeepay ato cod tak masalah penting shopee sudah buat janji dagang kalo barang tanggung sesuai asli tapiq jual masih aja nakal beli madu sumatra sumbawa palsu terima,1.0
sangat bantu dalam hal belanja gak ribet selalu tanggung jawab apa bila hal tidak cocok,0.0
tolong tambah fitur cancel costumer shoppe food jangan buat waktu tunggu kalau lamgsung dapat driver waktu menit sangat harga daripada nunggu dapat driver tapi tetap tidak bisa cancel mending beli aplikasi lain tolong ubah terimakasih,0.0
shopee makin depan,1.0
hati tipu udh cing barang tetap rusak kembali tepat waktu bilang lewqt batas waktu tidak bisa bawak sama,0.0
makin kesini kirim makin lama deh sering bngt jadi paket udh deket alamat kirim malah bawa jauh lagi pdhl udh deket mlh bawa jauh,1.0
shopee top banget,1.0
alamat tutup hari langsung retur oleh kurir krn bijak expedisi kata kepala gudang nya sangat rugi jual beli tolong pihak shoope kaji ulang bijak tidak nya toleransi hari,0.0
sangat bagus aplikasi,0.0
terima kasih banyak atas nyaman dalam segala transaksi,1.0
aplikasi jelekkk makin sini makin gajelas sen udh marett smpe april belum smpe trus nge stuck gudang aja trus sekali notif buat jemput kurir malah kaga jdi kirim bodoh shopi makin sini makin jelas,1.0
tolong lebih tingkat lagi barang barang guna jasa shopee agar konsumen tidak rasa kecewa telah terima pesan sebut,0.0
shopee sudah cek out estimasi lama tapi konfirmasi sudah kemas baru jam barang tidak bisa kesel pdahal toko lain masih konfirmasi batal bisa pencet tapi shopee batal tidak bisa laku paksa beli shopee belanja shopee driver aplikasi parah,0.0
semua barang aman,0.0
belanja shopee hemat sangat jangkau masyarakat bawah terimakasih shopee,1.0
shope blagu muak banget pake shope udah akun bisa cod keras banget peraturanya klo tik tok belum pernah ngerasain hukum kejam,0.0
bintang bicara,0.0
kenapa akun batas hanya tidak video unboxing toh reviewnya bintang,0.0
sangat puas layan shopee,1.0
aplikasi shopee bagus banget banyak promo gratis ongkir tapi bikin males spx express lama ngotak banyak yangkut nyangkut nya bisa sampe hari biasa hari pesan udah sampai mau minggu sampai gara gara nyangkut doang nyampe pagi proses malem atau pagi besok nya spx udah bisa percaya tapi pilih lain gimana coba,0.0
telah update gaada tempat lacak nya jadi gak tau datang nya kapan,0.0
aplikasi tempat belanja online mudah aman terimakasih,0.0
man bisa nemuin apa dia cari,0.0
lelet kali kalau soal kirim nya lama kali uda hari lebih paket awak sampek sampek pening estimasi nya naik terus tanggal nya ntah kapann paket awak sampai shopee shoope,1.0
baru kali checkout sudah tidak bisa checkout lagi,0.0
tolong buat shoope live rangin ajh soal sangat ganggu apalagi pas lagi cari barang tiba tiba pas kembali langsung kluar tampil live nya alhasil nyari ulang lagi aplikasi juga langsung jadi lambat saat scroll,1.0
sistem,0.0
sen pakai instan malah hari belum pickup cuih,1.0
jasa kirim jadi lemaot lama banget semenjak pake spx apa jenis pesan tidak sesuai estimasi tiba selalu lebih lama,1.0
kirim super lambat aplikasi makin hari makin anjlok seperti pesan tiktok lebih bagus karna kirim cepat jujur kecewa sama aplikasi udah hari nunggu barang belum sampai sampai,0.0
rugi krn pesan ubah pihak shoope tidak bisa bantu,0.0
sedia semua butuh kualitas baik jika baca deskripsi baik maka tidak akan kecewa apa kita beli,0.0
kenapa tiap iklan harus shopi mau download baca komik iklan iklan paksa lagi,0.0
terimakasih shope sukses selalu,1.0
suka belanja shopee gak suka kuriernya suka tagih uang beda aplikasi,0.0
puas belanja,1.0
kenapa kok aplikasi shopee sekarang sekarang lot,0.0
terimakasih top,1.0
sangat buruk,0.0
voucher gakbisa guna selalu cek aktivitas tidak wajar padahal guna voucher satu sedang voucher bawah aman aja lapor udah kali jawab cuma kasih link aja tanya sampai kapan bilang gaktau doang kalau aju banding atau bagaimana nya kan bisa beritau nggak suruh gakpakai voucher aja bagai solusi jadi jual adm nya hampir tapi gabisa pakai voucher atas pdhal adm promo gmn sih gajelas,1.0
terimakasih shopee,1.0
belum mohon maaf nih min sudah bayar splater nya belum jatuh tempo tapi kenapa tagih tidk hilang kena denda bunga bukti bayar juga bayar tepat waktu jika masalah terus lanjut selalu fon tiap saat menggaggu karna sudah tanggung jawab bayar tapi pihak splater nya kenapa seperti tolong proses jika suruh bayar denda tidak mau,0.0
neng belanja shopee simpel gratis ongkir,1.0
kita bisa pesan tapi harga mahal,1.0
bantu dalam kembali akun telah lama tutup,0.0
bug mesin cari shopee tolong baik mesin cari selalu masalah tombol cari sering tidak fungsi saat kita ketik barang akan cari otomatis keluar template rekomendasi harus bisa kita pilih nggak bisa pilih seperti freeze pdhal system tidak pernah mslh google pixel pro,0.0
aplikasi sangat bagus layan langgan dgn baik serta tdk bela jual nakal ada cod cek dulu bebas kembali,0.0
masa gabisa chek out pdahal dapet voucher,1.0
after lebaran jadi jelek bet jakarta jogja butuh waktu minggu lebih chat kata masih normal padahal pake regular pake lagi paket stack hari padahal udah over sla tapi sla nya tambah terus chat juga kata masih normal kalau bisa ganti jasa kirim udah ganti makin lama makin jelas spx,1.0
sampai saat selalu bisa beri manfaat bagi butuh,1.0
bagus tapi aga lama kirim nya padahal dikit lgi lokasi nya kalo ngirimin maggrip mulu,0.0
shopee palugada harga realistis,1.0
barang mau selalu seller nya amanah harga nya jangkau,1.0
seller seller shopee akhir agak ngeselin ketika chat bilang barang ready telah cekout nunggu lama tiba batal pihak tanpa pemberitahuan capek tau php,0.0
guna shopee lama kurang lebih tahun,0.0
suka sih belanja online lewat shopee tapi mengapa sekarang akun ngk bisa cod lagi tanya kurir kata suruh buat akun baru sayang sekali akun lama udah banyak koin nya,0.0
mudah makin tingkat makin jaya,1.0
banyak promosi kira paylater spinjam bisa guna nyata cuma buat pajang mending hilangin aja,1.0
kenapa shopee sekarang tidak bisa cari konek galeri foto,0.0
barang kirim sesuai tgl reponsif,1.0
pokok guna banget trimakasih banyak sudah nyiptain apk,1.0
alhamdulillah sgt bantu bgt dlm belanja bagai macam butuh bagi males keluar rumah,1.0
alhamdulilah makasih shoope luar biasa,1.0
siapa kesini gara gara,0.0
kurir cepet,1.0
baru kali pakai shopee sampai colong nyata rating tidak jamin benar benar amanah perlu chroscheck lagi tiem shopee ekpedisi jual nakal biar gak ulang lagi niat beli barang malah tipu,0.0
slama punya aplikasi blm acc aju,0.0
alhamdulillah bnyak brg sesuai foto,1.0
kecewa sama kirim shopee lama bgt pket ikan hidup jadi korban gara jasa kirim posindo stuck kcp kalijati busuk bgt tuh kantor pos kalijati udh lapor pun pihak jasa kirim gubris denger bintiang nol gua,0.0
selalu puas belanja shopiee,1.0
selalu nonaktif cod cara tiba,1.0
maafff banget nih admin yaa suka bangett belanja sini udah lama pakai juga tapi kenapa kasih rating karna iklan kalian kayak maksa banget buat buka apk nya padahal iklan belum apa tapi udah langsung buka sendiri tolong dong jangan kayak gin jadi rasa nyaman kalo iklan kalian tolong baik admin semangat adminn,0.0
kok taut shopee vidioku bisa muncul facebook padahal sudah semat kan paksa taro deskripsi,0.0
aplikator buruk ngotak,0.0
tiap pesan sesuai dgn ingin,1.0
kecewa kembali tolak telah lama pakai shopee checking rusak gara perak shopee paylater shoope tidak bisa bayar aplikasi tapi muncul kol checkimg,0.0
soal tepat waktu sampai pesan sangat kagum tidak was was jika perlu barang tsb keren dah,0.0
maaf ngasi bintang suka banget sama shopee tapi juga kecewa berat krna telah ganti ketika mau log minta verifikasi wajah tapi kok gak bisa sampe ulang bahkan hari bahkan sampe sekarang gak bisa juga kata wajah tidak nali kok bisa sih padahal muka gin aja gak pernah ubah padahal shopee udah lama banget klo gak salah udah bolak balik ganti tapi baru sekarang kendala seperti please solusi min,0.0
moga susah daftar nya,1.0
luar biasa sangat puas,1.0
chat pertama dpt antre krn msh tunggu tinggal toilet selang beberapa kurang menit tau tau chat akhir oleh chat ulang lagi dpt antre udah antre jam smpi nulis jam antre msh bikin kesel aja akhir akhir chat live belum hubung layan sangat buruk,0.0
semenjak upgrade versi baru jadi bisa ikitan misi nonton sebel bangetttt padahal lumayan banget gimana biar versi shopeenya kembali versi belum,1.0
tiap beli sesuai pesan,1.0
kategori aktivitas tdk wajar shopee ambigu alam dpt voucher misi nonton baru sekali kena batal sistem sedang sering dptkan voucher tsb tdk kena batal sistem padahal sdh susah nyempatkan waktu unk nonton,0.0
percaya puas sesuai postingan barang pesan,1.0
error pas mau pake voucher spfood gjls,1.0
aplikasi nya bagus bgt tapi bikin males iklan mana mana game ditiktok malas bgt pencet iklan terus masuk aplikasi nya shoppe,0.0
memang nyaman belanja apa dishopee shopee memang debest,0.0
sangat sangat kecewa shoppe dgn tagline percaya nyata sistem pihak nya sangat tidak bisa percaya,0.0
kendaala teknis ber jam jam lama,0.0
sedikit ganggu ketika kendala voucher apalgi tengah lapar malam wkwkkw,0.0
tolong henti gagal sistem cari aplikasi shopee capek ngetik barang ingin cari malah cari barang brand nike terus cara otomatis pindah cari udah sering banget kayak gitu rugi sekali ganggu,0.0
error vocer gabisa dipake busukkkkkkk najiss,0.0
gampang eror voucher gak bisa guna utama shoppe food,1.0
login lewat tlp susah minta ampunnn masuk kode otpnya lot,0.0
shopee food error mulu,0.0
masak gak bisa cod padahal akun baru gak retur barang jugak tapi knpa gak bisa cod,1.0
bintang udah tau dong dtambah payleternya lucu lunas lbih awah salah dbekukan gilir ditelatin salah beku,0.0
bayar spyltr baik tidak pernah telad tapi limit malah turun,0.0
wow shopee memang kerren selalu belanja dgn senang bangga bikin hemat uang murah riah terima kasih punya applikasi shopee sangat bantu hidup asa puas dgn belanja shopee love you selalu maju terus shopee live,1.0
admin nya asal tuduh asal hapus produk tanpa alas jelas info dulu belum tindak,0.0
baru pertama kali nya,1.0
flash sale apa voucher emas gadai begitu direfresh langsung ilang awal posisi urut dua langsung lenyap gitu aja voucher juga gitu tulis pas checkout malah jadi udah males ngegaet engagement doang,0.0
mau belanja apa saja shopee semua,0.0
cukup rugi kurir spx,0.0
layan sangat jelek pesan batal pihak tanpa pemberitahuan,0.0
puas belanja berkat shope,1.0
aplikasi bagus tapi dark mode atau emang yaa eumm kalau memang dark mode bisa tolong tambahin dark mode plsssss maaf gugup,0.0
belanja shofi puas amanh,1.0
makin kesini makin berat apknya,1.0
shopee tentu belanja makin mudah lebih murah,1.0
akun shoppe blokir cuma gegara pakai misi nonton doang padahal vochernya masih emang sering sih belanja pakai voucher bayar receh tapi kan bayar gak minta minta sangat kecewa kalau rugi kasih voucher jangan kasih voucher aplikasi besar masalah gtu doank sulit ribet,0.0
aplikasi tipu awas waspada hadap aplikasi shoppe,0.0
kirim buruk,0.0
pesan skrg april estimasi barang spi tgl mei bln lebih baru nyampe,1.0
harus transfer tapi malah transfer bagaimana apa bisa kirim barang,0.0
gatau kenapa slrg kalo sen shopeefood dapet sampe jam akhir dibatalin huhu,1.0
baik poko sama tiktokshop,0.0
sama temen pernah dapet driver shopee food pdhl posisi kita pusat kota mesen makan aneh jauh,0.0
suka belanja sini promo terus wkwk barang nya murah murah jga,1.0
bagus kirim cepat hari sudah sampai harga murah ria,1.0
aplikasi belanja msh tahan,0.0
sen sesuai ingin boos pokok siiip moga jadi langgan assal jangan kecewa langgan booos,1.0
apa apa iklan pop muncul mulu kikir banget,1.0
buruk kirim lama kurir tidak bisa tahu siapa kirim jadi susah mau tanya,0.0
jauh bagus gak komplain namun cuma satu agak kecewa atas pesan atau batas pesan cod nya kan uang uang sendiri suka suka mau sen cod buanyak juga gak masalah toh bayar gak pernah kembali pesan keluh bagai langgan,0.0
apk bngst gua lagi main notif ngntd,0.0
harga jual oke aja tpi kirim parah kali lama kali nunggunya kemas lama tambah nunggunya juga lama beh pecah rekok minggu jambi kalteng benah kirim sma emas nya,0.0
ongkir sekarang sudah mahal,1.0
toko jujur baik buang jauh jauh suruh pada jual produk sesuai deskripsi kirim sama pes habis konfirmasi dulu jgan main kirim produk lain,0.0
puas belanja dishopee lindung konsumen dagang kurang jujur top deh,1.0
pay letter tidak bisa cod kris sohpe,0.0
mantap oke shope makin,1.0
susahh amatt cari driver shoope food,0.0
mksih atas paket ramah banget,1.0
sebenernya aplikasi bagus cuman kurir sering tunda antar,0.0
layan nya lebih tingkat jangan pernah rasa puas moga tetap amanah,1.0
inti puas mantap,1.0
suka shopee cari barang apa gampang sen jangan sampei kecewa pelang,0.0
sukaaa bgtt apalagi kalau uang lagi tip banyakk promoooo,0.0
puas deh pokok belanja shopee murah ongkir juga,1.0
sekarang lama bgt kalau mau dpt driver shopee food kira kesel apa mana udah puasa kaya gin terus,0.0
kenapa belakang cod selalu antar selalu malem trus trus juga kadang harus hari kirim malah dibesokin trus malem lagi dtg barang tolong dong kasih tau pegawai spx skrg jgn jadi alas barang numpuk gudang padahal bawa paket sama kurir tapi selalu nanti sya juga butuh barang tsb mending belanja tokped,0.0
belanja jadi mudah kualitas,1.0
senin makan shopee food bela gak makan nunggu datang malahgak antar antar malah cancel sendiri juga paaaaaaaaaraaaaahhhh gak mau lagi sen makan shopee food,0.0
gak usah kasih shopeefood deh tiap kali sen batal alas tidak temu driver,0.0
makasih sophe,1.0
sekarang apk kurang muas kirim utama untung wilayah malang estimasi bisa undur sangat jelek,0.0
sangat bantu sekali aplikasi terimakasih shopee,0.0
batal usah nunggu tuju min,0.0
ngotak koplok masang iklan situs teh cik padu kapelong luhur montong kabeh layar kahalangan lain panasaran kalah kesel jadinateh,0.0
klo sanggup kirim cpt jgn sok bikin garansi bla bla bla sampe kompensasi voucher brg sampe tepat waktu syarat ngotak klo sanggup koordinasi spx nya mending ush sok bkn nilai brgnya krn barang urgent mau ksh org utk call kali udh chat kali tetep maju buat apa pake kata platinum atau prioritas utk user klo laku kalian aja jls,1.0
tolong dong kembaliin lagi kurir,0.0
udah cek out tapi tunda tunda terus nyampek tanggal malah jadi tanggal gitu pun nggak nyampek sama sekali,0.0
pales semua driver nya anj gua nunggu jam udah kagak pake bonus tetep aja pada kagak ngambil,0.0
iklan nya video bikin ganggu,1.0
makin lama makin ngaco kirim,1.0
salama belanja shopee jarang kecewa,0.0
shopee emang oke banget sukses selalu,1.0
sangat guna belanja,1.0
banyak iklan tempat gak harus,0.0
sistem retur amburadul parah udah lapor selesai rugi sampai juta gara barang retur banyak balik parahhhh jelas shopee shopee ken kata kasar,0.0
ngasih harga spfood kagak ngotak beli vip kagak gunaa,0.0
waw banget banyak promo,1.0
mengapa kirim shopee sekarang lama sekali semua paket lebih estimasi semua gagal kirim,0.0
komplain ribet banget shopee bisa ambil file galeri logika dong orang buka paket trus pake masalah klo unboxing proses pas paket buka abis foto kan filenya galeri trus komplain harus foto ulang video ulang pdhl udah filenya galeri belum lagi komplain mau chat seller kan pake foto cuma bisa screenshot harus nama komplain foto video bisa ambil galeri,1.0
pernah sen barang tida sesuay sen alam ter buruk alam baik lebih mudah sen apa ingin,1.0
kok kurir nya nggak sampai malah batal dah capek udah banyak tipu buat lagi aplikasi hapus aja sana pun nggak guna kali emang jadi kurir,0.0
shopee top lah,1.0
sekarang kirim lelet bgt kenapa sih shopee estimasi jadi ubah ubah kalo produk belum sampai alamat tuju pas mau lebaran maklum udah lebaran masih lelet bgt,1.0
pesan reguler masih kurir tiba tiba pesan kembali jual tapi dana tidak langsung kembali shopee malah suruh nunggu pesan sampai jual cara seperti sebut cara jajah israel atau cara dajjal shopee raja rentenir indonesia,1.0
sangat guna manfaat,1.0
baguss bnget apk online shop amanah,1.0
keluh sudah tanggap baik saran pas checkout kasih pilih kurir transparan jangan telah checkout baru tahu pihak ekspedisi soal lebih suka pake spx ekspedisi lain lama bisa lebih hari,0.0
pernah beli sepatu roda datang malah sepatu jogging mana ganti lagi sama jual beri kompensasi dong min rugi kalo begini cara terus iklan juga maksa banget buat checkout barang lagi main game zombie malah iklan mencet apa apa malah muncul aplikasi nya tiktok juga kalo iklan shopee pas geser malah langsung masuk aplikasi shopee padahal lazada enggak tuh tokopedia pun juga poko baik lah iklan,0.0
exvesisi shopee parah tdk tepat waktu selalu ulur waktu kirim pesan blm terima atau kompirmaisi malah pihak exvedisi pengirimiman tunda audit tim kirim karna selalu bikin ulas sendiri padahal kami tunggu pesan malah tunda tim exvedisi,0.0
aplikasi shopee sangat bagus the best lah,0.0
makin sini banyak toko etika ngirim barang rusak refund dana tidak kembali cukup akhir belanja shopee chat toko bales banyak bot bukan milik akun resmi toko sebut,1.0
shopi baik buat moga berkah amin,1.0
shopee top,1.0
aplikasi shoope bantu seperti spinjam nya juga cuma bunga terlalu besar,0.0
mau beli barang shopee batal pihak alas deteksi aktivitas tidak wajar,0.0
layan buat driver shopeefood super lama dapetnya udah kali kali tapi malah dapet dapet suka tidak ramah bintang,1.0
tiap mau masuk aplikasi lain selalu buka shopee contoh kayak mau buka wattpad selalu buka shoppe tolong baik lagi deh,0.0
shopee sangan bagus sekali,0.0
belanja dishopee senang banyak gratis ongkir,1.0
bikin jengkel iklan tolol selalu muncul tiap aplikasi tanda nya kecil sekali kita pencet langsung masuk aplikasi shopee tolollll bikin emosi terlalu paksa biar kita tidak mau instal mau paksa instal kita tidak mau masuk aplikasi shopee lknat paksa masuk biar kita sudah pencet tanda nya sudah blokir tetap muncul terus iklan tolol,0.0
tolong apk kuat lagi data kemarin sadap oleh hacker aku oknum shopee dia retas lewat googleplay dana paylater bisa ambil oleh dia rugi,0.0
bangett josssdsdd,0.0
sampai detik masih sangat puas shopee,1.0
udah beli shopeevip mas aja ongkir gamasuk akal,1.0
istimewa bikin praktis percaya harga juga lebih murah moga tambah baik,1.0
busett sekarang susah banget dapet driver shopee food yaaa sore kaga driver nyangkut satu pun buat terima order,1.0
mantul amanah,1.0
shopee indonesia bisa buat jadi lebih hemt belanja,1.0
aplikasi paling buruk dunia,0.0
seler lama ngirim nya tolong lah kasih ingat banyak sekarang hari kirim cmn proses jemput kurir doang lama hari batalin malah acc seller niat jual mending kasih pinalti aja,0.0
bagus banget semua barang sesuai,1.0
good heapy,1.0
makin bagus shope tapi seler amanah kick aja,1.0
belanja jadi instan perlu keluar rumah,1.0
order sering cancel seller pihak kembali dana shopee pay mau transfer bank kena pajak lagi barang udh deket banget jln ujung kirim telat estimasi dpt juga bisa pake,0.0
sekarang shopee kurang propesional karna kirim barang begitu lama rasa akan pindah aplikasi belah,0.0
aplikasi kurang bagus shopeefood nya suka batal cara pihak tidak dapat drivernya,0.0
coba moga bagus,1.0
kenapa tiap belanja sellau batal ahirnya pun harga ubah drastis jadi mahal padahal pernah batalin pesan jika nnti udah baik bintang bakal nambah dech,1.0
voucher hilang gitu aja ekwk,1.0
susah bgt cari driver ampe cancel,0.0
cepat tepat akurat,1.0
pernah sen sesuai tpi sesuai banyak lama mengunakan shope cepat kurir nya ramah,1.0
makin sini kerja nya jelas org gudang kirim nya spx nya utama daerah cilodong depok brg udh sampe mild hub cilodong bisa telah hari baru kirim alamat tuju dagang gua hari gara nungguin kompor nya kirim hadeuh sampe detik pun masih gin estimasi ubah ubah terus hadeuh masih order belum kirim,1.0
bisa belanja apa saja rumah,0.0
telah tahun transaksi olshop baru kali rasa kecewa berat sistem mereka tidak pro customer tidak beri solusi atas kendala alami customer tidak ganggu kait kirim lambat event hari raya tunggu proses investigasi lama minggu lama tapi saat lewat hari utk merespon sistem langsung tolak transaksi selesai cara otomatis sangat sayang,0.0
suka aja shopee belanja sini banyak amanah toko moga makin sukses sophie,1.0
maaf utk sementara bintang dulu kak tanpa ingat akun langsung batas kata nya sudah upload komik buku palsu ato baja toko padahal komik beli lewat shopee juga terbit levels comics gramedia masih segel sekarang baru coba pulih jadi sekarang belum bisa belanja jual lagi benar kecewa padahal dah upload buku ribu,0.0
tolol kirim selalu lama,0.0
amanah sangat bantu,1.0
okeh makasih cocok skali,1.0
makin lambat,1.0
nonton terus dapat naik poin puas,1.0
nggak guna,1.0
man tap mudah belanja apa ajah,0.0
suka shoope bukan cuma karna diskon tarik juga bisa dapat diamond frefire gratis promo besar,1.0
aplikasi tapi kenapa sekarang saat chekout barang batas,0.0
shopee mantap bantu perlu kita terimakasih kasih shopee,1.0
sangat bagus aplikasi,0.0
kalo baru belum siap nampung mending jangan operasi pada order jadi numpuk tidak kirim rugi jual beli,0.0
aplikasi syg batu bagus barang jga sesuai pesan,1.0
fokok nya fuas oke banget,1.0
respon jual nya lama udah tau kirim instan order jam siang maksimal jam kirim sampai jam gin blm kirim juga mana baju nya mau pake chat gak respon sama sekali,1.0
belanja shopee memang muas jauh buat belum pernah kecewa,0.0
kenapa kasih limit besar tapi tidak bisa cair padahal tidak tunggak sama sekali spinjam,0.0
manis iklan doank kirim antar barang lama sekali lebih minggu kita tunggu baru sampai barang beda kayak aplikasi shop lain misal tiktok,0.0
oke lah,1.0
banyak notif voucher tapi bisa pake buat barang ingin banyak barang minat tolong jangan kirim notif ega jelas kegunaanya kasih aja management shopee,1.0
sering ngebug,1.0
jelek banget cod batas nya kaya dulu tolol cod maksimal cuma banget masa kalo mau banyak harus nunggu barang dateng dulu gitu kan lama,1.0
sering lag jelas padahal koneksi bagus kadang juga restart sendiri iklan juga maksa banget benci udah klik tanda malah pental apk nya mana lama bgt pls jgn terlalu mksa,0.0
lebih seleksi lagi hadap toko tidak amanah,0.0
telah cek spinjamnya aju saat masih belum tuju kak oleh pihak lentera dana nusantara selaku sedia dana spinjam,1.0
senang belanja guna shopee indonesaia,1.0
shoppe sangat bagus sangat puas layan shoppe,1.0
sistem baik lagi dah udh order jam lalu udh terima resto pesan nyari driver sampe jam terus gadapet otomatis cancel mksdnya sistem otomatis cancel menit jgn kaya begini lah org udh nunggu lama tau cancel otomatis kocak bgt,0.0
shopee mending aktifin antar via jnt pakai spx lamaa layan buruk juga lapor kirim pagi antar tempat tuju sore udah ulang kali bahkan para kurir konfirmasi lebih dahulu tiba paket kita tahan dgn alas kita tempat bisa hubung padahal kurir ngechat telp sama sekali nomor udah tera minimal kalo mau pake ekspedisi sendiri tata lah para kurir biar time sembarang nunda kirim,0.0
makin kesini kenapa soal antar nya makin lot yaaaa lumayan kecewa bgt sih shopee indonesia saat soal antar nya suka sesuai sama estimasi aplikasi,0.0
bantu trimakasih,1.0
kirim cepat seller ramah barang sesuai pesan,1.0
trimakasih sangat senang blanja shopee banyak promo nya cuma kendala spx aja yah manusiawi kali yah kalo barang telat,1.0
shopee dia sangat bantu kita karna apa pun kita mau pesann dii shopeee semua,0.0
banyak promo respon juga cepat antar cepat aman pokok nya mantap dah,1.0
tolong dong pihak shopee baik lagi layan masa sen makan shopeefood nungguin drivernya lebih jam dapet dapet bisa mati kelaperan,1.0
sejak update aplikasi jelek banget mutar terus bisa masuk menu jual,0.0
sangat bantu harap kasus soal nik daftar akun lain bisa hapus terima kasih,0.0
puas mudah sangat bantu belanja shope,1.0
jauh klo belanja shopee gak pernh kecewa krn barang nya sesuai pesan,0.0
aplikasi nya bingung bahkan customer service nya tidak seperti bca layan nya ketika sikap masalah uang jebak shopee kecewa bangetttt telah gamau pakai shopeee stop semua akun,0.0
bisa sen barang,1.0
knp koin claim gak masuk saldo shopepay tolong ksh jelas nya,0.0
cukup puas layan terima kasih,1.0
kagak konsisten estimasi sampe tgl malah cancel kadi tgl padahal udah tinggal anter kurir,0.0
telah guna shopee indonesia guna baru sangat senang sdh sangat bantu,1.0
jujur udah beberapa kali paket antar atau kena retur sendiri tanpa konfirmasi dulu kcewaaa bangett banget banget mah anda wahai shopee blm tingkat kerja kepada para kerja nya hanya beli ingin paket tiba tanpa drama babihu udah nahan lama kek napasihhh kurir nya begitu trakhir pake app mmg org biasa min satu kritik mungkin anda dengar tapi moga sampai makasin,0.0
sekarang mantap cuman sayang masih kurang untuk seller masih bisa meng hapus rating bintang sangat sayang,0.0
ribet lot banget aga mending sekarang mah kasi dulu klo dah lancar jaya kasih bintang,0.0
nyaman pakai,1.0
puas belanja shopee,1.0
spinjam spaylater beku sudah kurang lebih tahun tidak dapat buka kembali mau ttup akun agar tdk disalahgunakan tapi malah dsruh tunggu akun buka dlu aneh bgt emng shopee,0.0
hanya shopee tau butuh selalu beri baik puas belanja sini sukses buat shopee,1.0
selalu promo barang nya kualitas,1.0
mengapa tiap pesan selalu batal kan oleh sistem,0.0
metode instant tapi kendala eror apa paham mending tiada kalo bisa jangan php,0.0
bagus banget tapi kadang jual resek pernah pesan barang tapi tdk sesuai,1.0
apking palsu lagi,0.0
kirim cepat barang sesuai pesan gbr,1.0
iram terlalu lama parah,0.0
terimakasih shopee telah mudah aktifitas belanja butuh moga makin maju berkah,1.0
sangat senang belanja shoppe harga jga lebih murah banyak gratis ongkirnya,1.0
shopee barang pada bagi bagus tolong dong update shopee nya kok tiap mau belanja bisa cod,0.0
mudah cari barang banyak discount,0.0
sippp makasih,1.0
tolong hapus ekspedisi sicepat prioritas spx saja lambat parah sicepat rekomended,0.0
mantap packing rapih barang bagus moga fungsi baik trims,1.0
aplikasi shopee mntap,0.0
jauh lumayan walaupun kadang suka dapat barang agak kecewa,0.0
apk nya bagus banget murah riah kantong sering banget beli shopee indonesia murah kualitas barang nya sangat bagus,1.0
sangat bagus lebih mudah lebih murah tidak bikin ribet,0.0
aplikasi nya bagus cuman pas mau ganti alamat lansung kembali sendiri,0.0
baguss banget,1.0
aplikasi guna banget suka belanja,1.0
shopee kenapa thoo sering beli barang shopee mostly kirim lebih estimasi udah gitu lacak pesan akurat,1.0
gak sesuai,1.0
kanapa tiba tiba akun pyalater beku,1.0
kirim sangat lama,0.0
kasih bintang dulu yaa soale payleter udu berthun egk naik tetep pdhal bayar tepat waktu bahkan sbul tanggal sudah bayar tlong admin baikin limit jangan aja temen syaa baru daftar limit udh lebih moga dmin bisa naikin limit terimakasih nanti kalau sudah naik ulas bintang full kan,1.0
moga shopee banyak guna beli nya,1.0
sangat susah dapat driver instan tolong ongkir dibenerin biar driver juga pada mau kerja biar jual beli tidak kerepot selalu gak driver potong admin jual makin bengkak tapi kalau salah selalu limpah jual urus walaupun kadang customer driver salah komplen terlalu lama selesai instan selalu harus tunggu menit kan customer mau nya cepet cepet cepet tolong baik sistem,0.0
sekarang susah dapat gratis ongkir judul nya gratis ongkir tapi masih bayar shopee makin aneh,1.0
kenapa tidak bisa guna qris shopepayleter laku bayar padahal selalu byr tepat waktu saldo juga cukup tapi tidak bisa pakai tolong jawab,1.0
sangat bantu ibu rumah tangga sepet poko puas toko pada amanah sukses shopee,1.0
kirim lama lewat estimasi nya,0.0
kenapa tidak bisa download,0.0
aplikasi sangat buruk tidak laku apa apa cuma pakai voucher biasa tiba tiba bilang laku aktivitas curiga lalu perangkat blokir sudah isi form dll tidak tindak lanjut,0.0
video shope tidak buka suara terus putar sangat menggangu,0.0
tiap mau mesan shopeefood belakang gabisa opsi cod mulu padahal kasih opsi bisa gitu juga sekarang tiap mau mesan malah gabisa alas jarak terlalu jauh padahal udah sering beli makan tempat sama tanpa ubah alamat sama sekali belum bisa aja,0.0
sangat bantu moga aja dapet saldo buat jajan anak,1.0
bagus manfaat,1.0
